timestamp,Z [°],Mag Z[°],Gyro Z[°]
15:10:17.822,0,0,0
15:10:17.836,-0.037874117,-1.9994354,0.0021577075
15:10:17.849,-0.075730845,-1.9994354,0.0035602173
15:10:17.863,-0.11272471,-1.9994354,0.0050706128
15:10:17.878,-0.14977019,-1.9994354,0.005773366
15:10:17.891,-0.18616658,-1.9994354,0.006382419
15:10:17.905,-0.22261263,-1.9994354,0.0061980146
15:10:17.919,-0.25543064,-1.8530884,0.0059852405
15:10:17.934,-0.2875923,-1.8530884,0.0057724663
15:10:17.948,-0.3190968,-1.8530884,0.005573877
15:10:17.962,-0.34913382,-1.8530884,0.00622978
15:10:17.976,-0.3785701,-1.8530884,0.006885683
15:10:17.990,-0.40825507,-1.8530884,0.006687094
15:10:18.006,-0.43737411,-1.8530884,0.006460135
15:10:18.019,-0.4658691,-1.8530884,0.0062757307
15:10:18.032,-0.4965945,-1.993103,0.0060913265
15:10:18.048,-0.52579,-1.993103,0.00684093
15:10:18.060,-0.5545853,-1.993103,0.0074031325
15:10:18.075,-0.58266693,-1.993103,0.008105886
15:10:18.089,-0.6102329,-1.993103,0.00876179
15:10:18.104,-0.63989323,-1.993103,0.0067179613
15:10:18.121,-0.66931194,-1.9973297,0.004401622
15:10:18.132,-0.69668317,-1.9973297,0.003574201
15:10:18.146,-0.7237281,-1.9973297,0.0025211195
15:10:18.160,-0.74688256,-1.9973297,0.004886007
15:10:18.175,-0.76663935,-1.8506012,0.007250895
15:10:18.189,-0.78935057,-1.8506012,0.0061978134
15:10:18.203,-0.8116076,-1.8506012,0.005144732
15:10:18.217,-0.8343904,-1.8506012,0.0031009035
15:10:18.238,-0.8575685,-1.8530884,2.40E-04
15:10:18.245,-0.8771575,-1.8530884,5.67E-04
15:10:18.261,-0.89594156,-1.8530884,0.0013170985
15:10:18.275,-0.9177913,-1.8530884,-0.0014449672
15:10:18.289,-0.9363049,-1.7081299,-0.0042070327
15:10:18.304,-0.9510527,-1.7081299,-0.0035042795
15:10:18.318,-0.9655515,-1.7081299,-0.0028483765
15:10:18.331,-0.9805838,-1.7081299,-0.0030327807
15:10:18.347,-0.99534327,-1.7081299,-0.0032455549
15:10:18.360,-1.0114684,-1.7081299,-0.0051531284
15:10:18.374,-1.0301205,-1.8506012,-0.007060702
15:10:18.388,-1.0458874,-1.8506012,-0.006404799
15:10:18.402,-1.0613388,-1.8506012,-0.005748896
15:10:18.416,-1.078156,-1.8506012,-0.0068019773
15:10:18.432,-1.0976769,-1.995224,-0.008005499
15:10:18.447,-1.1149851,-1.995224,-0.007349596
15:10:18.461,-1.1319472,-1.995224,-0.006693693
15:10:18.476,-1.1475211,-1.995224,-0.0049675265
15:10:18.490,-1.1601522,-1.8530884,-0.0034571313
15:10:18.503,-1.1726364,-1.8530884,-0.0020546215
15:10:18.517,-1.1847652,-1.8530884,-5.44E-04
15:10:18.538,-1.1984236,-1.8530884,-8.42E-04
15:10:18.546,-1.2116281,-1.8530884,-9.56E-04
15:10:18.565,-1.2247075,-1.8530884,-0.0012109182
15:10:18.574,-1.234515,-1.7081299,-0.0013527676
15:10:18.588,-1.2441819,-1.7081299,-0.0015513567
15:10:18.602,-1.2536415,-1.7081299,-0.001735761
15:10:18.616,-1.2602481,-1.7081299,7.98E-04
15:10:18.631,-1.2697375,-1.8506012,0.0031629344
15:10:18.645,-1.2815633,-1.8506012,0.0029501603
15:10:18.658,-1.2931248,-1.8506012,0.002765756
15:10:18.672,-1.3019568,-1.8506012,0.005130644
15:10:18.689,-1.3103307,-1.8530884,0.007833373
15:10:18.704,-1.3214083,-1.8530884,0.0076064137
15:10:18.715,-1.3321948,-1.8530884,0.0074503794
15:10:18.731,-1.3437184,-1.8530884,0.006322078
15:10:18.747,-1.3551589,-1.8530884,0.005043336
15:10:18.761,-1.3653121,-1.8530884,0.004844747
15:10:18.776,-1.3752126,-1.8506012,0.004646158
15:10:18.794,-1.3849845,-1.8506012,0.0043766443
15:10:18.810,-1.3945054,-1.8506012,0.00416387
15:10:18.820,-1.4037802,-1.8506012,0.004007836
15:10:18.835,-1.4137486,-1.8506012,0.0029547545
15:10:18.850,-1.4236155,-1.848114,0.001751233
15:10:18.869,-1.4289602,-1.848114,0.004960723
15:10:18.889,-1.434198,-1.848114,0.008170214
15:10:18.900,-1.4431398,-1.848114,0.007493233
15:10:18.909,-1.4522233,-1.8530884,0.0065905917
15:10:18.924,-1.4604491,-1.8530884,0.0063778176
15:10:18.938,-1.4684964,-1.8530884,0.0061792284
15:10:18.953,-1.4763968,-1.8530884,0.0059664543
15:10:18.967,-1.4841113,-1.8530884,0.00578205
15:10:18.980,-1.4944857,-1.993103,0.005583461
15:10:18.994,-1.5046527,-1.993103,0.0053848717
15:10:19.008,-1.5146164,-1.993103,0.0051862826
15:10:19.022,-1.5235434,-1.993103,0.0058421856
15:10:19.036,-1.5323342,-1.995224,0.0064980886
15:10:19.051,-1.5426978,-1.995224,0.005369787
15:10:19.064,-1.5527066,-1.995224,0.004391926
15:10:19.077,-1.56096,-1.995224,0.0050009787
15:10:19.096,-1.568773,-1.995224,0.005891133
15:10:19.110,-1.5738165,-1.8530884,0.006547036
15:10:19.125,-1.5796105,-1.8530884,0.006334262
15:10:19.141,-1.5843453,-1.8530884,0.0070838653
15:10:19.155,-1.5890774,-1.8530884,0.0077397684
15:10:19.170,-1.5936688,-1.8530884,0.008442522
15:10:19.185,-1.5981685,-1.8530884,0.009145276
15:10:19.208,-1.6009408,-1.8530884,0.011518754
15:10:19.212,-1.605455,-1.8530884,0.012058181
15:10:19.229,-1.6126777,-1.8530884,0.009741841
15:10:19.239,-1.6188703,-1.855545,0.008379288
15:10:19.258,-1.6260073,-1.855545,0.005926694
15:10:19.271,-1.6324675,-1.855545,0.0040191202
15:10:19.284,-1.6378875,-1.855545,0.003041259
15:10:19.296,-1.640512,-1.724884,0.002138618
15:10:19.311,-1.6398818,-1.724884,0.0045035053
15:10:19.324,-1.6392643,-1.724884,0.006868393
15:10:19.345,-1.6425247,-1.724884,0.0052887714
15:10:19.359,-1.6509428,-2.0118256,0.00423569
15:10:19.378,-1.6605641,-2.0118256,0.0017830955
15:10:19.386,-1.668524,-2.0118256,8.29E-04
15:10:19.400,-1.6711125,-2.0118256,0.0051941713
15:10:19.415,-1.673364,-2.0118256,0.009850025
15:10:19.433,-1.6804104,-2.2823334,0.01508786
15:10:19.443,-1.696775,-2.2823334,0.010673549
15:10:19.458,-1.7051058,-2.2823334,0.014122885
15:10:19.472,-1.7134954,-2.2823334,0.017342264
15:10:19.487,-1.7241834,-2.2823334,0.018045017
15:10:19.501,-1.7263114,-1.8604279,0.01865407
15:10:19.514,-1.7383999,-1.8604279,0.009056067
15:10:19.530,-1.7515903,-1.8604279,-0.00191308
15:10:19.543,-1.750345,-1.8604279,0.0015788099
15:10:19.556,-1.743098,-1.587616,0.005652682
15:10:19.570,-1.7393456,-1.587616,0.006308585
15:10:19.585,-1.7356682,-1.587616,0.006964488
15:10:19.599,-1.7362514,-1.587616,0.0033479298
15:10:19.613,-1.7508003,-2.2864838,-2.69E-04
15:10:19.627,-1.754172,-2.2864838,0.007223212
15:10:19.641,-1.7569518,-2.2864838,0.015250184
15:10:19.655,-1.7669456,-2.2864838,0.015859237
15:10:19.669,-1.7766477,-2.2864838,0.01656199
15:10:19.683,-1.7962505,-2.2864838,0.006963987
15:10:19.697,-1.8068423,-1.855545,-0.0026340168
15:10:19.711,-1.7996371,-1.855545,0.0057123164
15:10:19.725,-1.7925758,-1.855545,0.01405865
15:10:19.739,-1.8057535,-1.855545,0.0018971693
15:10:19.753,-1.8159994,-1.7221375,-0.010264311
15:10:19.767,-1.8118045,-1.7221375,-0.007899423
15:10:19.781,-1.8076936,-1.7221375,-0.0055345353
15:10:19.795,-1.8011526,-1.7221375,-6.06E-04
15:10:19.810,-1.7860315,-1.303833,0.004674218
15:10:19.824,-1.7832814,-1.303833,-0.002360309
15:10:19.838,-1.7805864,-1.303833,-0.009394836
15:10:19.853,-1.7622877,-1.303833,-4.52E-04
15:10:19.870,-1.7437708,-1.303833,0.0090863295
15:10:19.882,-1.7351528,-1.303833,0.008901926
15:10:19.896,-1.7519497,-2.5652618,0.008703337
15:10:19.914,-1.7749261,-2.5652618,0.0018562111
15:10:19.926,-1.7948334,-2.5652618,-0.0023281435
15:10:19.940,-1.8068616,-2.5652618,0.0011211918
15:10:19.953,-1.8050321,-1.8506012,0.00388066
15:10:19.967,-1.806152,-1.8506012,0.003667886
15:10:19.981,-1.8072356,-1.8506012,0.0034692967
15:10:19.995,-1.8141594,-1.8506012,-0.0027107382
15:10:20.009,-1.8178873,-1.7193604,-0.008449342
15:10:20.023,-1.8043878,-1.7193604,0.0033149598
15:10:20.037,-1.7911583,-1.7193604,0.015079262
15:10:20.051,-1.7991285,-1.7193604,0.005481258
15:10:20.065,-1.8069392,-1.7193604,-0.0041167457
15:10:20.079,-1.8089851,-1.7193604,-0.007991629
15:10:20.093,-1.8131583,-1.8530884,-0.0113498615
15:10:20.107,-1.8016044,-1.8530884,0.0012547467
15:10:20.121,-1.791105,-1.8530884,0.013019049
15:10:20.135,-1.8025881,-1.8530884,0.0025665527
15:10:20.149,-1.8137919,-1.8506012,-0.007885943
15:10:20.165,-1.8080512,-1.8506012,-0.0012769648
15:10:20.178,-1.8036399,-1.8506012,0.0040928302
15:10:20.194,-1.7971452,-1.8506012,0.011678372
15:10:20.208,-1.7917098,-1.8506012,0.01831572
15:10:20.222,-1.8039684,-1.8506012,0.0070087314
15:10:20.237,-1.8167734,-1.8506012,-0.005105898
15:10:20.251,-1.8084332,-1.8506012,0.0040949276
15:10:20.265,-1.8002597,-1.8506012,0.013295753
15:10:20.279,-1.8037801,-1.8506012,0.010730978
15:10:20.293,-1.8076664,-1.8530884,0.0077716224
15:10:20.307,-1.8196557,-1.8530884,-0.0035353657
15:10:20.320,-1.8306136,-1.8530884,-0.014034712
15:10:20.334,-1.8203715,-1.8530884,-0.003124902
15:10:20.349,-1.8102348,-1.848114,0.0077849077
15:10:20.363,-1.8120245,-1.848114,0.0067318263
15:10:20.378,-1.8138521,-1.848114,0.005603525
15:10:20.391,-1.8154956,-1.848114,0.0046256636
15:10:20.405,-1.8173034,-1.8506012,0.0034973621
15:10:20.420,-1.8127946,-1.8506012,0.008777752
15:10:20.433,-1.8090659,-1.8506012,0.013354089
15:10:20.447,-1.8050668,-1.8506012,0.018282453
15:10:20.461,-1.8120339,-1.8506012,0.012102418
15:10:20.478,-1.8089741,-1.8506012,0.016011665
15:10:20.490,-1.804253,-1.7081299,0.018771132
15:10:20.505,-1.8025252,-1.7081299,0.018572543
15:10:20.521,-1.8008735,-1.7081299,0.0183314
15:10:20.534,-1.8069752,-1.7081299,0.010212424
15:10:20.549,-1.8142354,-1.7109528,8.44E-04
15:10:20.564,-1.80734,-1.7109528,0.005772741
15:10:20.578,-1.8002375,-1.7109528,0.01105313
15:10:20.592,-1.7978091,-1.7109528,0.0117090335
15:10:20.606,-1.7982222,-1.8506012,0.012364937
15:10:20.620,-1.8036515,-1.8506012,0.007893886
15:10:20.634,-1.8089721,-1.8506012,0.0034228358
15:10:20.648,-1.8041375,-1.8506012,0.0092056915
15:10:20.662,-1.7993995,-1.8506012,0.014988547
15:10:20.676,-1.8039677,-1.8506012,0.011371989
15:10:20.690,-1.8084943,-1.8530884,0.0077554304
15:10:20.704,-1.8104182,-1.8530884,0.006702349
15:10:20.719,-1.8123037,-1.8530884,0.0056492677
15:10:20.733,-1.8099643,-1.8530884,0.008868648
15:10:20.746,-1.8048291,-1.7109528,0.012088028
15:10:20.761,-1.8098454,-1.7109528,0.0050535006
15:10:20.775,-1.8147614,-1.7109528,-0.0019810265
15:10:20.789,-1.8103677,-1.7109528,3.84E-04
15:10:20.805,-1.8084571,-1.855545,0.0032555102
15:10:20.820,-1.8095934,-1.855545,0.003056921
15:10:20.834,-1.8107209,-1.855545,0.002844147
15:10:20.849,-1.8176739,-1.855545,-0.003335888
15:10:20.861,-1.8240552,-1.855545,-0.009074492
15:10:20.876,-1.8204074,-1.855545,-0.00470963
15:10:20.890,-1.8170686,-1.8530884,-6.36E-04
15:10:20.905,-1.8153058,-1.8530884,0.0018980498
15:10:20.919,-1.8137438,-1.8530884,0.0042629372
15:10:20.934,-1.8174309,-1.8530884,0.0013035813
15:10:20.947,-1.8178713,-1.7137756,-0.001261194
15:10:20.961,-1.8117971,-1.7137756,0.0028126778
15:10:20.975,-1.8058444,-1.7137756,0.0068865493
15:10:20.989,-1.8041978,-1.7137756,0.00668796
15:10:21.003,-1.8025275,-1.7109528,0.006489371
15:10:21.017,-1.8034029,-1.7109528,0.0037273052
15:10:21.031,-1.8042607,-1.7109528,9.65E-04
15:10:21.046,-1.7990142,-1.7109528,0.0044145747
15:10:21.060,-1.794098,-1.7109528,0.0076339543
15:10:21.073,-1.7972814,-1.7109528,0.0026888074
15:10:21.088,-1.8042332,-1.8652802,-0.0030171308
15:10:21.102,-1.803974,-1.8652802,-0.0015067355
15:10:21.115,-1.8038257,-1.8652802,-1.04E-04
15:10:21.130,-1.79988,-1.8652802,0.0051761637
15:10:21.144,-1.7570876,0.09825134,0.010104528
15:10:21.159,-1.7282643,0.09825134,0.0016520079
15:10:21.179,-1.7027787,0.09825134,-0.009618019
15:10:21.187,-1.6647619,0.09825134,-0.007581083
15:10:21.200,-1.6199085,0.3782959,-0.0035072113
15:10:21.215,-1.5810502,0.3782959,-0.004635513
15:10:21.228,-1.5428216,0.3782959,-0.005613374
15:10:21.246,-1.5100329,0.3782959,-0.011361867
15:10:21.259,-1.476335,0.3782959,-0.015513557
15:10:21.272,-1.4355353,0.3782959,-0.0117306765
15:10:21.287,-1.3951387,0.37042236,-0.007365814
15:10:21.300,-1.3615634,0.37042236,-0.009137132
15:10:21.317,-1.3291938,0.37042236,-0.011453472
15:10:21.331,-1.293827,0.37042236,-0.010050962
15:10:21.346,-1.2720743,-0.29077148,-0.008324795
15:10:21.358,-1.2479955,-0.29077148,-0.003781123
15:10:21.373,-1.222779,-0.29077148,0.0024147937
15:10:21.386,-1.2101953,-0.29077148,-0.0037652412
15:10:21.400,-1.1884737,0.15707397,-0.009503845
15:10:21.415,-1.1512579,0.15707397,0.0010113837
15:10:21.430,-1.1154304,0.15707397,0.01086941
15:10:21.448,-1.0999204,0.15707397,7.26E-04
15:10:21.460,-1.0814073,0.15707397,-0.0060356306
15:10:21.473,-1.05824,0.15707397,-0.0076706936
15:10:21.485,-1.0356697,0.15707397,-0.009442012
15:10:21.499,-1.0135506,0.15707397,-0.011213331
15:10:21.512,-0.9769344,0.15707397,0.0022599557
15:10:21.527,-0.9644977,0.15707397,-0.00819254
15:10:21.542,-0.9560413,0.007080078,-0.019391641
15:10:21.558,-0.9303021,0.007080078,-0.012782663
15:10:21.572,-0.90588725,0.007080078,-0.006999807
15:10:21.586,-0.8788643,0.007080078,0.0019426919
15:10:21.600,-0.8528235,0.014205933,0.010289025
15:10:21.616,-0.8462327,0.014205933,-6.80E-04
15:10:21.631,-0.83910185,0.014205933,-0.010963697
15:10:21.645,-0.8197181,0.014205933,-0.008598809
15:10:21.658,-0.80388105,-0.13546753,-0.0064028422
15:10:21.672,-0.78652036,-0.13546753,-0.0023289705
15:10:21.688,-0.7689366,-0.13546753,0.002326883
15:10:21.708,-0.76903254,-0.13546753,-0.010698978
15:10:21.717,-0.7630798,-0.13546753,-0.017554695
15:10:21.740,-0.7384657,-0.13546753,-0.005246671
15:10:21.753,-0.71997714,-0.12869263,0.0011749067
15:10:21.766,-0.7116957,-0.12869263,-0.0024416514
15:10:21.780,-0.69855547,-0.12869263,-9.31E-04
15:10:21.794,-0.6828201,0.014205933,5.79E-04
15:10:21.809,-0.6654992,0.014205933,0.0040284744
15:10:21.822,-0.6489755,0.014205933,0.0070178984
15:10:21.836,-0.6442805,0.014205933,-0.0017256131
15:10:21.850,-0.63967943,0.014205933,-0.010469125
15:10:21.865,-0.62232417,0.014205933,-0.006104262
15:10:21.879,-0.6028786,0.16459656,-0.0023213811
15:10:21.894,-0.59062266,0.16459656,-0.0054780277
15:10:21.909,-0.57822514,0.16459656,-0.0082400935
15:10:21.928,-0.5660394,0.16459656,-0.010965198
15:10:21.939,-0.55289555,0.16459656,-0.0124640055
15:10:21.952,-0.54028165,0.16459656,-0.014235323
15:10:21.966,-0.51967955,0.16459656,-0.007597975
15:10:21.982,-0.50351095,0.16459656,-0.005064167
15:10:21.995,-0.4879817,0.15707397,-0.0026992795
15:10:22.010,-0.4779808,0.15707397,-0.0056586354
15:10:22.023,-0.46779323,0.15707397,-0.008223411
15:10:22.038,-0.4483267,0.15707397,-0.0011119666
15:10:22.053,-0.42971414,0.15707397,0.005525382
15:10:22.066,-0.42204708,0.15707397,0.001373692
15:10:22.080,-0.41515929,0.15707397,-0.003416719
15:10:22.094,-0.40545055,0.15707397,-0.005188037
15:10:22.108,-0.39606953,0.15707397,-0.0070956107
15:10:22.122,-0.3798319,0.15707397,-0.0018152213
15:10:22.136,-0.41011727,-2.1355896,0.0031131427
15:10:22.150,-0.45235795,-2.1355896,-0.0047758766
15:10:22.164,-0.4937538,-2.1355896,-0.0126648955
15:10:22.178,-0.5192485,-2.1355896,-0.005173055
15:10:22.192,-0.5385833,-1.8530884,0.0023187855
15:10:22.206,-0.5659054,-1.8530884,0.0012657042
15:10:22.220,-0.59268105,-1.8530884,2.13E-04
15:10:22.235,-0.62078935,-1.8530884,-0.0027467331
15:10:22.250,-0.6483355,-1.8530884,-0.005706089
15:10:22.264,-0.6692756,-1.8530884,-0.0024867093
15:10:22.282,-0.6888954,-1.8530884,0.0016524929
15:10:22.294,-0.7094252,-1.8506012,0.004411961
15:10:22.310,-0.7324711,-1.8506012,0.004185002
15:10:22.327,-0.75697017,-1.8506012,0.0020049177
15:10:22.342,-0.7809793,-1.8506012,-1.75E-04
15:10:22.354,-0.79894966,-1.8506012,0.0033167235
15:10:22.369,-0.8157051,-1.8506012,0.007681586
15:10:22.385,-0.8347114,-1.8506012,0.009407752
15:10:22.398,-0.8536547,-1.8506012,0.010810262
15:10:22.410,-0.8723249,-1.8506012,0.012104886
15:10:22.425,-0.896272,-1.8506012,0.007633835
15:10:22.439,-0.9122036,-1.8506012,0.010853215
15:10:22.452,-0.92781657,-1.8506012,0.014072595
15:10:22.466,-0.9489791,-1.8506012,0.011310529
15:10:22.481,-0.9699117,-1.8506012,0.008351173
15:10:22.494,-0.98615104,-1.8506012,0.009753684
15:10:22.509,-1.0018542,-1.8506012,0.011371965
15:10:22.523,-1.0165116,-1.8506012,0.013736852
15:10:22.537,-1.0338913,-1.993103,0.015932819
15:10:22.551,-1.0586674,-1.993103,0.010226881
15:10:22.565,-1.0825752,-1.993103,0.0049013384
15:10:22.579,-1.0976307,-1.993103,0.008120718
15:10:22.593,-1.1123852,-1.993103,0.011340098
15:10:22.607,-1.127682,-1.993103,0.013704986
15:10:22.621,-1.1426728,-1.993103,0.016069874
15:10:22.635,-1.1623882,-1.993103,0.013307808
15:10:22.649,-1.1760663,-1.7109528,0.010545742
15:10:22.665,-1.1850724,-1.7109528,0.012271908
15:10:22.678,-1.1942155,-1.7109528,0.0136744175
15:10:22.693,-1.205656,-1.7109528,0.0125461165
15:10:22.707,-1.216794,-1.7109528,0.011493035
15:10:22.720,-1.2260803,-1.7109528,0.012102088
15:10:22.734,-1.2379776,-1.8530884,0.012757991
15:10:22.748,-1.2471248,-1.8530884,0.015977371
15:10:22.762,-1.256089,-1.8530884,0.01919675
15:10:22.776,-1.269061,-1.8530884,0.018143669
15:10:22.791,-1.2846476,-1.993103,0.017015368
15:10:22.805,-1.2956617,-1.993103,0.020234747
15:10:22.819,-1.3066809,-1.993103,0.023224171
15:10:22.833,-1.3206179,-1.993103,0.023011398
15:10:22.847,-1.2944002,0,0.022812808
15:10:22.861,-1.2695442,0,0.021759726
15:10:22.875,-1.2451854,0,0.020706644
15:10:22.890,-1.2204763,0,0.020508055
15:10:22.904,-1.1962754,0,0.020295281
15:10:22.919,-1.170764,0,0.021913562
15:10:22.934,-1.1486068,-0.14219666,0.023531843
15:10:22.946,-1.1315166,-0.14219666,0.020431936
15:10:22.961,-1.1155276,-0.14219666,0.016557053
15:10:22.975,-1.0954183,-0.14219666,0.017212955
15:10:22.990,-1.0729625,-0.0070648193,0.017915709
15:10:23.004,-1.0510018,-0.0070648193,0.018571611
15:10:23.020,-1.0293884,-0.0070648193,0.019321214
15:10:23.043,-1.0079318,-0.0070648193,0.020351918
15:10:23.059,-0.9881509,-0.0070648193,0.020110775
15:10:23.063,-0.9684435,0,0.020054035
15:10:23.079,-0.94451195,0,0.024709888
15:10:23.092,-0.9219145,0,0.02849277
15:10:23.106,-0.90032125,0,0.03171215
15:10:23.120,-0.88222915,-0.14219666,0.03470157
15:10:23.134,-0.87013537,-0.14219666,0.031939507
15:10:23.148,-0.85847676,-0.14219666,0.02898015
15:10:23.162,-0.8451832,-0.14219666,0.027927069
15:10:23.176,-0.8320818,-0.14219666,0.026949208
15:10:23.191,-0.82233465,-0.14219666,0.022815999
15:10:23.204,-0.80903745,0.007080078,0.019457767
15:10:23.219,-0.7893348,0.007080078,0.022907102
15:10:23.232,-0.7704769,0.007080078,0.025896527
15:10:23.246,-0.7559578,0.007080078,0.024843445
15:10:23.260,-0.7417291,0.007080078,0.023790363
15:10:23.281,-0.7281584,0.014205933,0.022210741
15:10:23.292,-0.713464,0.014205933,0.022054708
15:10:23.304,-0.6990774,0.014205933,0.021884488
15:10:23.323,-0.6839394,0.014205933,0.022774642
15:10:23.339,-0.66952604,0,0.023524245
15:10:23.354,-0.65454966,0,0.025142526
15:10:23.367,-0.6400842,0,0.026545037
15:10:23.384,-0.6417547,0,0.011777525
15:10:23.396,-0.6388511,0.014205933,0.0013533989
15:10:23.431,-0.624183,0.014205933,0.0029931567
15:10:23.443,-0.6108643,0.014205933,0.0035553593
15:10:23.455,-0.605112,-0.13546753,-2.77E-04
15:10:23.468,-0.5966774,-0.13546753,-0.0012548307
15:10:23.482,-0.5884115,-0.13546753,-0.002232692
15:10:23.495,-0.57536024,-0.13546753,0.0018411798
15:10:23.509,-0.559719,0.007080078,0.0059150513
15:10:23.523,-0.54941505,0.007080078,0.00486197
15:10:23.537,-0.5393172,0.007080078,0.0038088886
15:10:23.551,-0.5327709,0.007080078,-6.62E-04
15:10:23.565,-0.5263555,0.007080078,-0.0051332125
15:10:23.579,-0.51169443,0.007080078,-0.0010593408
15:10:23.593,-0.500042,-0.12869263,0.003014531
15:10:23.608,-0.49113485,-0.12869263,0.004524926
15:10:23.622,-0.48240584,-0.12869263,0.0060353214
15:10:23.635,-0.4713392,-0.12869263,0.010109194
15:10:23.650,-0.45735076,0.014205933,0.014474057
15:10:23.665,-0.44184765,0.014205933,0.020669974
15:10:23.678,-0.42746422,0.014205933,0.02603977
15:10:23.694,-0.4322517,0.014205933,0.012140935
15:10:23.708,-0.43238348,0.15707397,-2.05E-05
15:10:23.722,-0.44758585,0.15707397,-0.027562885
15:10:23.759,-0.50682735,0.15707397,-0.10035335
15:10:23.764,-0.50126123,0.15707397,-0.10822259
15:10:23.779,-0.56009436,0.15707397,-0.18169174
15:10:23.793,-0.61446613,-0.12869263,-0.24597724
15:10:23.806,-0.69901955,-0.12869263,-0.34216994
15:10:23.820,-0.7891333,-0.12869263,-0.4457621
15:10:23.834,-0.9092661,-0.12869263,-0.58182496
15:10:23.848,-1.0728348,-2.4206238,-0.7178878
15:10:23.863,-1.2848258,-2.4206238,-0.90669924
15:10:23.877,-1.4802413,-2.4206238,-1.0829232
15:10:23.890,-1.6734093,-2.4206238,-1.260842
15:10:23.905,-1.887557,-2.992157,-1.4524468
15:10:23.920,-2.111805,-2.992157,-1.6587285
15:10:23.935,-2.3189332,-2.992157,-1.8521175
15:10:23.951,-2.5489092,-2.992157,-2.0730476
15:10:23.967,-2.7742856,-2.992157,-2.2939777
15:10:23.983,-3.038221,-2.992157,-2.5588531
15:10:23.996,-3.2465086,-3.7184448,-2.7575097
15:10:24.010,-3.5441623,-3.7184448,-3.0516067
15:10:24.024,-3.8166485,-3.7184448,-3.3260972
15:10:24.038,-4.1347666,-3.7184448,-3.6527119
15:10:24.052,-4.467398,-4.762253,-3.9793265
15:10:24.073,-5.02267,-4.762253,-4.5399127
15:10:24.080,-5.237211,-4.762253,-4.7641473
15:10:24.097,-5.7562156,-4.762253,-5.3034368
15:10:24.110,-6.226418,-6.1443176,-5.775315
15:10:24.124,-6.7458353,-6.1443176,-6.307008
15:10:24.141,-7.3665195,-6.1443176,-6.952635
15:10:24.156,-7.970336,-6.1443176,-7.5937166
15:10:24.169,-8.516829,-8.070389,-8.149321
15:10:24.182,-9.095159,-8.070389,-8.748565
15:10:24.197,-9.75227,-8.070389,-9.440001
15:10:24.211,-10.380374,-8.070389,-10.115248
15:10:24.225,-10.995916,-8.070389,-10.790495
15:10:24.244,-11.854805,-8.070389,-11.726617
15:10:24.252,-12.212423,-10.422043,-12.120773
15:10:24.266,-12.852594,-10.422043,-12.810547
15:10:24.282,-13.57653,-10.422043,-13.59886
15:10:24.295,-14.138024,-10.422043,-14.23619
15:10:24.310,-14.831187,-12.762497,-14.971571
15:10:24.326,-15.564275,-12.762497,-15.761837
15:10:24.339,-16.137487,-12.762497,-16.403929
15:10:24.356,-16.817652,-12.762497,-17.166851
15:10:24.369,-17.4311,-14.779831,-17.834408
15:10:24.386,-18.12574,-14.779831,-18.59733
15:10:24.399,-18.713028,-14.779831,-19.264887
15:10:24.415,-19.403084,-14.779831,-20.049294
15:10:24.430,-20.031294,-14.779831,-20.784676
15:10:24.442,-20.502804,-14.779831,-21.37298
15:10:24.457,-21.176113,-16.968124,-22.132166
15:10:24.471,-21.762417,-16.968124,-22.81631
15:10:24.486,-22.491714,-16.968124,-23.658335
15:10:24.499,-23.09214,-16.968124,-24.38374
15:10:24.514,-23.84563,-19.753342,-25.220745
15:10:24.528,-24.58631,-19.753342,-26.060055
15:10:24.542,-25.312174,-19.753342,-26.899364
15:10:24.605,-28.980818,-19.753342,-30.756323
15:10:24.615,-29.533276,-23.073044,-31.440622
15:10:24.631,-30.36161,-23.073044,-32.4177
15:10:24.644,-31.175808,-26.386429,-33.329643
15:10:24.659,-32.02231,-26.386429,-34.29116
15:10:24.674,-32.85188,-26.386429,-35.252678
15:10:24.689,-33.653194,-26.386429,-36.202293
15:10:24.703,-34.44453,-29.790817,-37.0886
15:10:24.719,-35.332634,-29.790817,-38.089806
15:10:24.733,-36.019005,-29.790817,-38.903282
15:10:24.746,-36.747112,-29.790817,-39.773354
15:10:24.763,-37.582466,-29.790817,-40.767723
15:10:24.778,-38.362835,-29.790817,-41.72303
15:10:24.793,-39.077168,-33.120743,-42.55892
15:10:24.808,-39.852127,-33.120743,-43.47126
15:10:24.821,-40.443947,-33.120743,-44.212532
15:10:24.835,-41.046314,-33.120743,-44.976646
15:10:24.858,-42.185055,-36.47209,-46.23198
15:10:24.863,-42.336143,-36.47209,-46.502743
15:10:24.877,-42.908764,-36.47209,-47.206722
15:10:24.895,-43.73528,-36.47209,-48.181465
15:10:24.904,-44.171394,-39.006393,-48.72299
15:10:24.919,-44.82735,-39.006393,-49.497738
15:10:24.933,-45.36895,-39.006393,-50.169186
15:10:24.947,-45.97673,-39.006393,-50.919216
15:10:24.961,-46.576786,-41.678024,-51.619244
15:10:24.975,-47.162327,-41.678024,-52.316708
15:10:24.991,-47.8338,-41.678024,-53.113808
15:10:25.005,-48.34312,-41.678024,-53.759148
15:10:25.019,-48.842255,-41.678024,-54.404488
15:10:25.034,-49.352356,-41.678024,-55.071205
15:10:25.051,-49.86236,-44.361374,-55.693474
15:10:25.067,-50.44258,-44.361374,-56.397804
15:10:25.077,-50.88178,-44.361374,-56.97007
15:10:25.091,-51.35533,-44.361374,-57.586357
15:10:25.109,-51.96437,-45.88826,-58.3194
15:10:25.123,-52.343792,-45.88826,-58.83057
15:10:25.135,-52.715626,-45.88826,-59.34174
15:10:25.157,-53.44131,-45.88826,-60.22157
15:10:25.166,-53.64298,-45.88826,-60.581497
15:10:25.180,-54.08969,-48.544052,-61.141388
15:10:25.195,-54.543335,-48.544052,-61.71747
15:10:25.207,-54.837357,-48.544052,-62.139927
15:10:25.221,-55.236736,-48.544052,-62.67589
15:10:25.237,-55.781292,-50.57451,-63.326706
15:10:25.249,-56.115887,-50.57451,-63.774387
15:10:25.263,-56.480347,-50.57451,-64.25938
15:10:25.278,-56.91945,-50.57451,-64.827965
15:10:25.292,-57.32659,-52.898422,-65.32548
15:10:25.305,-57.692318,-52.898422,-65.78904
15:10:25.319,-58.08568,-52.898422,-66.28826
15:10:25.334,-58.488758,-52.898422,-66.80543
15:10:25.347,-58.847572,-52.898422,-67.28565
15:10:25.361,-59.284176,-52.898422,-67.85258
15:10:25.376,-59.730083,-55.652298,-68.38171
15:10:25.389,-60.143253,-55.652298,-68.88653
15:10:25.403,-60.624275,-55.652298,-69.46902
15:10:25.417,-61.054268,-55.652298,-70.009254
15:10:25.431,-61.538464,-58.792404,-70.54949
15:10:25.445,-62.010464,-58.792404,-71.087166
15:10:25.459,-62.473022,-58.792404,-71.62484
15:10:25.474,-62.955894,-58.792404,-72.19268
15:10:25.489,-63.429108,-58.792404,-72.76052
15:10:25.504,-63.857864,-58.792404,-73.292656
15:10:25.518,-64.321304,-62.69365,-73.789314
15:10:25.532,-64.74114,-62.69365,-74.25094
15:10:25.547,-65.1849,-62.69365,-74.74554
15:10:25.562,-65.584785,-62.69365,-75.20443
15:10:25.576,-66.02769,-66.74333,-75.63273
15:10:25.589,-66.389755,-66.74333,-75.98759
15:10:25.604,-66.77134,-66.74333,-76.36974
15:10:25.618,-67.13974,-66.74333,-76.74624
15:10:25.632,-67.51542,-69.93535,-77.07253
15:10:25.646,-67.908554,-69.93535,-77.42431
15:10:25.660,-68.24786,-69.93535,-77.72918
15:10:25.674,-68.55396,-69.93535,-78.00709
15:10:25.688,-68.930016,-72.76622,-78.30485
15:10:25.702,-69.21042,-72.76622,-78.51269
15:10:25.716,-69.470665,-72.76622,-78.70568
15:10:25.730,-69.68331,-72.76622,-78.855415
15:10:25.744,-69.90219,-72.76622,-79.01585
15:10:25.758,-70.04592,-72.76622,-79.10406
15:10:25.772,-70.200935,-73.474045,-79.19227
15:10:25.789,-70.29342,-73.474045,-79.21984
15:10:25.799,-70.37561,-73.474045,-79.23879
15:10:25.814,-70.41536,-73.474045,-79.21612
15:10:25.828,-70.43762,-72.56563,-79.194954
15:10:25.843,-70.43194,-72.56563,-79.14573
15:10:25.858,-70.42637,-72.56563,-79.096504
15:10:25.872,-70.41492,-72.56563,-79.04116
15:10:25.887,-70.39982,-72.56563,-78.981865
15:10:25.900,-70.40521,-72.56563,-78.94317
15:10:25.914,-70.40758,-72.56563,-78.9015
15:10:25.929,-70.42832,-72.56563,-78.878624
15:10:25.942,-70.448654,-72.56563,-78.85575
15:10:25.956,-70.4937,-72.56563,-78.85851
15:10:25.970,-70.526924,-72.01964,-78.861275
15:10:25.987,-70.57837,-72.01964,-78.88331
15:10:25.999,-70.62243,-72.01964,-78.89886
15:10:26.019,-70.676605,-72.01964,-78.92562
15:10:26.028,-70.70849,-71.0468,-78.9506
15:10:26.042,-70.73471,-71.0468,-78.97045
15:10:26.059,-70.76458,-71.0468,-78.99456
15:10:26.071,-70.79479,-71.0468,-79.01963
15:10:26.085,-70.839516,-71.5977,-79.04888
15:10:26.100,-70.86576,-71.5977,-79.06019
15:10:26.114,-70.88714,-71.38054,-79.071495
15:10:26.128,-70.85684,-71.38054,-79.03051
15:10:26.142,-70.82983,-71.38054,-78.992256
15:10:26.156,-70.76316,-71.38054,-78.91299
15:10:26.170,-70.70217,-71.5977,-78.83372
15:10:26.184,-70.597176,-71.5977,-78.708305
15:10:26.199,-70.485504,-71.5977,-78.57394
15:10:26.214,-70.31326,-71.5977,-78.37548
15:10:26.228,-70.14854,-71.15309,-78.190254
15:10:26.242,-69.93183,-71.15309,-77.94863
15:10:26.256,-69.71946,-71.15309,-77.70701
15:10:26.270,-69.46277,-71.15309,-77.415825
15:10:26.284,-69.15713,-68.448746,-77.12464
15:10:26.298,-68.80736,-68.448746,-76.78219
15:10:26.312,-68.464584,-68.448746,-76.439735
15:10:26.326,-68.0826,-68.448746,-76.050285
15:10:26.341,-67.68101,-68.448746,-75.63302
15:10:26.356,-67.3147,-68.448746,-75.24357
15:10:26.371,-66.80853,-66.7343,-74.738914
15:10:26.383,-66.37942,-66.7343,-74.30256
15:10:26.398,-65.85198,-66.7343,-73.75712
15:10:26.411,-65.333275,-66.7343,-73.209816
15:10:26.425,-64.70083,-62.59175,-72.620415
15:10:26.439,-64.00148,-62.59175,-71.94984
15:10:26.453,-63.31612,-62.59175,-71.27926
15:10:26.469,-62.44818,-62.59175,-70.408394
15:10:26.483,-61.6109,-57.92253,-69.646385
15:10:26.497,-60.725048,-57.92253,-68.817726
15:10:26.511,-59.856915,-57.92253,-67.98907
15:10:26.525,-58.977673,-57.92253,-67.131355
15:10:26.538,-58.176052,-57.92253,-66.33491
15:10:26.553,-57.267696,-57.92253,-65.413185
15:10:26.569,-56.288204,-53.457474,-64.49146
15:10:26.583,-55.33907,-53.457474,-63.580727
15:10:26.596,-54.527916,-53.457474,-62.79142
15:10:26.610,-53.701958,-53.457474,-61.97045
15:10:26.624,-52.808052,-49.234116,-61.149483
15:10:26.638,-51.953796,-49.234116,-60.35073
15:10:26.652,-51.116623,-49.234116,-59.55198
15:10:26.666,-50.30373,-49.234116,-58.760918
15:10:26.680,-49.4281,-45.28441,-57.969856
15:10:26.695,-48.58255,-45.28441,-57.191612
15:10:26.708,-47.753906,-45.28441,-56.41337
15:10:26.725,-46.79976,-45.28441,-55.490147
15:10:26.740,-45.971138,-45.28441,-54.67554
15:10:26.754,-45.22152,-45.28441,-53.92464
15:10:26.769,-44.367485,-41.942062,-53.120106
15:10:26.782,-43.632545,-41.942062,-52.419666
15:10:26.796,-42.912304,-41.942062,-51.719227
15:10:26.810,-42.10266,-41.942062,-50.91286
15:10:26.824,-41.2998,-38.83748,-50.16025
15:10:26.838,-40.510487,-38.83748,-49.40508
15:10:26.852,-39.736958,-38.83748,-48.649906
15:10:26.866,-38.971363,-38.83748,-47.887043
15:10:26.880,-38.156292,-35.597977,-47.12418
15:10:26.895,-37.29425,-35.597977,-46.296757
15:10:26.910,-36.44945,-35.597977,-45.469334
15:10:26.925,-35.612576,-35.597977,-44.632755
15:10:26.939,-34.84709,-35.597977,-43.851948
15:10:26.953,-34.071796,-35.597977,-43.045506
15:10:26.967,-33.251907,-32.593063,-42.239063
15:10:26.981,-32.432507,-32.593063,-41.416386
15:10:26.995,-31.629494,-32.593063,-40.593708
15:10:27.009,-30.819094,-32.593063,-39.747105
15:10:27.023,-29.957447,-29.220322,-38.9005
15:10:27.037,-29.108847,-29.220322,-38.049625
15:10:27.052,-28.277218,-29.220322,-37.19875
15:10:27.065,-27.46557,-29.220322,-36.35129
15:10:27.079,-26.615768,-26.50087,-35.503834
15:10:27.094,-25.7771,-26.50087,-34.650394
15:10:27.107,-24.955204,-26.50087,-33.796955
15:10:27.122,-24.094494,-26.50087,-32.887135
15:10:27.136,-23.36988,-26.50087,-32.09862
15:10:27.149,-22.611202,-26.50087,-31.260563
15:10:27.164,-21.741241,-23.11113,-30.362644
15:10:27.178,-20.95823,-23.11113,-29.535694
15:10:27.192,-20.190876,-23.11113,-28.708744
15:10:27.206,-19.479067,-23.11113,-27.92281
15:10:27.220,-18.720455,-20.05931,-27.136875
15:10:27.235,-17.953405,-20.05931,-26.326847
15:10:27.250,-17.201696,-20.05931,-25.516819
15:10:27.265,-16.499115,-20.05931,-24.741581
15:10:27.279,-15.81314,-17.654617,-24.018024
15:10:27.293,-15.17438,-17.654617,-23.328648
15:10:27.308,-14.500139,-17.654617,-22.59003
15:10:27.321,-13.975553,-17.654617,-21.990362
15:10:27.335,-13.416252,-17.654617,-21.344564
15:10:27.350,-12.839082,-17.654617,-20.669119
15:10:27.363,-12.313933,-15.26564,-20.083733
15:10:27.377,-11.772744,-15.26564,-19.47126
15:10:27.392,-11.199506,-15.26564,-18.81504
15:10:27.406,-10.703215,-15.26564,-18.22564
15:10:27.419,-10.22358,-13.539261,-17.678339
15:10:27.433,-9.737403,-13.539261,-17.114573
15:10:27.448,-9.221486,-13.539261,-16.510538
15:10:27.462,-8.82514,-13.539261,-16.017986
15:10:27.476,-8.362176,-11.668564,-15.487545
15:10:27.490,-7.9453173,-11.668564,-14.994701
15:10:27.504,-7.5022964,-11.668564,-14.466655
15:10:27.518,-7.145343,-11.668564,-14.01739
15:10:27.532,-6.795528,-11.668564,-13.568126
15:10:27.546,-6.482856,-11.668564,-13.149623
15:10:27.560,-6.149616,-10.327484,-12.73112
15:10:27.575,-5.81169,-10.327484,-12.301035
15:10:27.589,-5.508621,-10.327484,-11.899622
15:10:27.604,-5.202357,-10.327484,-11.488763
15:10:27.619,-4.874278,-8.930527,-11.077904
15:10:27.633,-4.6382217,-8.930527,-10.75425
15:10:27.647,-4.4068866,-8.930527,-10.430595
15:10:27.661,-4.2413087,-8.930527,-10.169319
15:10:27.675,-4.0590563,-7.9312134,-9.908043
15:10:27.690,-3.922319,-7.9312134,-9.689491
15:10:27.704,-3.7730176,-7.9312134,-9.455329
15:10:27.718,-3.6821964,-7.9312134,-9.277793
15:10:27.733,-3.580764,-7.9312134,-9.087576
15:10:27.746,-3.5194345,-7.9312134,-8.93621
15:10:27.760,-3.4407744,-7.5738983,-8.7732
15:10:27.775,-3.358663,-7.5738983,-8.605063
15:10:27.789,-3.2664244,-7.5738983,-8.424917
15:10:27.803,-3.184018,-7.5738983,-8.252921
15:10:27.818,-3.0513453,-6.923065,-8.041234
15:10:27.831,-2.9656668,-6.923065,-7.8747926
15:10:27.846,-2.8566074,-6.923065,-7.6827445
15:10:27.862,-2.7429245,-6.923065,-7.4837527
15:10:27.874,-2.6706712,-6.443207,-7.334509
15:10:27.893,-2.5054533,-6.443207,-7.0889287
15:10:27.911,-2.3562067,-6.443207,-6.8562737
15:10:27.928,-2.2012577,-6.443207,-6.6147547
15:10:27.940,-2.1233258,-5.9622498,-6.4584775
15:10:27.956,-1.9664661,-5.9622498,-6.2200713
15:10:27.969,-1.8677173,-5.9622498,-6.0377607
15:10:27.990,-1.6434106,-5.9622498,-5.7253146
15:10:27.999,-1.6131407,-5.9622498,-5.6062875
15:10:28.015,-1.4502151,-5.9622498,-5.3512797
15:10:28.026,-1.3665162,-5.350525,-5.1862745
15:10:28.039,-1.2620887,-5.350525,-4.9984097
15:10:28.053,-1.1455876,-5.350525,-4.7960935
15:10:28.068,-1.0372783,-5.350525,-4.5997586
15:10:28.081,-0.9132361,-4.4555664,-4.403424
15:10:28.095,-0.7849755,-4.4555664,-4.200253
15:10:28.110,-0.6450582,-4.4555664,-3.9825702
15:10:28.124,-0.5414214,-4.4555664,-3.799053
15:10:28.139,-0.42796376,-3.8608856,-3.6155357
15:10:28.152,-0.34943393,-3.8608856,-3.4653437
15:10:28.167,-0.2724747,-3.8608856,-3.3151517
15:10:28.181,-0.22468893,-3.8608856,-3.193158
15:10:28.195,-0.1693193,-3.8608856,-3.0624502
15:10:28.209,-0.15374312,-3.8608856,-2.971218
15:10:28.223,-0.13265602,-3.5697632,-2.879986
15:10:28.237,-0.14129975,-3.5697632,-2.8186612
15:10:28.251,-0.1497706,-3.5697632,-2.7573364
15:10:28.265,-0.16644606,-3.5697632,-2.7045565
15:10:28.279,-0.18278801,-3.5697632,-2.6517766
15:10:28.294,-0.18613636,-3.5697632,-2.5860713
15:10:28.309,-0.18941775,-3.5697632,-2.520366
15:10:28.324,-0.17110029,-3.5697632,-2.432688
15:10:28.339,-0.14735512,-3.2800598,-2.34501
15:10:28.352,-0.11998968,-3.2800598,-2.2531533
15:10:28.366,-0.08624696,-3.2800598,-2.1542308
15:10:28.380,-0.048154682,-3.2800598,-2.0501814
15:10:28.394,-0.0050518587,-2.9914398,-1.946132
15:10:28.408,0.020440865,-2.9914398,-1.8591723
15:10:28.422,0.045423727,-2.9914398,-1.7722127
15:10:28.436,0.04478487,-2.9914398,-1.7108879
15:10:28.450,0.04415879,-2.9914398,-1.6495631
15:10:28.464,0.043545227,-2.9914398,-1.5882382
15:10:28.479,0.050101664,-2.8481903,-1.522533
15:10:28.493,0.07651891,-2.8481903,-1.436428
15:10:28.507,0.1024078,-2.8481903,-1.3503228
15:10:28.520,0.13885848,-2.8481903,-1.252912
15:10:28.535,0.19499609,-2.5617218,-1.140515
15:10:28.549,0.2560661,-2.5617218,-1.0219392
15:10:28.563,0.31591472,-2.5617218,-0.90336335
15:10:28.577,0.37624118,-2.5617218,-0.78307855
15:10:28.591,0.4353611,-2.5617218,-0.66279376
15:10:28.605,0.4882742,-2.5617218,-0.5476359
15:10:28.619,0.54580134,-2.2781067,-0.43247807
15:10:28.633,0.61473894,-2.2781067,-0.30450284
15:10:28.648,0.69125605,-2.2781067,-0.16738652
15:10:28.662,0.71625185,-2.2781067,-0.081281394
15:10:28.676,0.7464478,-1.993103,0.0048237294
15:10:28.691,0.7551507,-1.993103,0.0696134
15:10:28.705,0.75944656,-1.993103,0.13008375
15:10:28.719,0.71843684,-1.993103,0.14441153
15:10:28.733,0.6839467,-1.7081299,0.15873931
15:10:28.747,0.6735937,-1.7081299,0.19699287
15:10:28.761,0.66344774,-1.7081299,0.23524643
15:10:28.775,0.6593665,-1.7081299,0.27948144
15:10:28.790,0.65846336,-1.7081299,0.3268761
15:10:28.809,0.6279145,-1.7081299,0.34400162
15:10:28.820,0.5907972,-1.7137756,0.35391638
15:10:28.833,0.55307853,-1.7137756,0.36246
15:10:28.847,0.5167583,-1.7137756,0.3716608
15:10:28.861,0.47507733,-1.7137756,0.3746502
15:10:28.875,0.43735385,-1.5688477,0.37786958
15:10:28.889,0.3961241,-1.5688477,0.37674126
15:10:28.903,0.35579267,-1.5688477,0.37568817
15:10:28.917,0.31543046,-1.5688477,0.37378058
15:10:28.931,0.2758755,-1.5688477,0.371873
15:10:28.945,0.23459944,-1.5688477,0.36740193
15:10:28.959,0.1941489,-1.5688477,0.36293086
15:10:28.973,0.16455619,-1.5688477,0.3687137
15:10:28.987,0.13555534,-1.5688477,0.37449655
15:10:29.001,0.10043529,-1.5688477,0.37344345
15:10:29.016,0.066007406,-1.5656738,0.37231514
15:10:29.031,0.03137086,-1.5656738,0.3702713
15:10:29.045,-0.0024394244,-1.5656738,0.3683637
15:10:29.060,-0.025837649,-1.5656738,0.37639067
15:10:29.073,-0.052722342,-1.7109528,0.38334736
15:10:29.087,-0.092780754,-1.7109528,0.37631282
15:10:29.102,-0.13253042,-1.7109528,0.3687758
15:10:29.115,-0.15805885,-1.7109528,0.37493905
15:10:29.129,-0.17970653,-1.5656738,0.3815764
15:10:29.146,-0.2114764,-1.5656738,0.3774432
15:10:29.158,-0.24185139,-1.5656738,0.37408495
15:10:29.171,-0.26850852,-1.5656738,0.37390053
15:10:29.187,-0.29467422,-1.5656738,0.3736736
15:10:29.200,-0.31794214,-1.5656738,0.37586954
15:10:29.213,-0.34074473,-1.5656738,0.3780655
15:10:29.228,-0.36814347,-1.5656738,0.37510613
15:10:29.242,-0.3948009,-1.5656738,0.37234405
15:10:29.256,-0.41528872,-1.5656738,0.37533346
15:10:29.270,-0.43497956,-1.5688477,0.37878278
15:10:29.284,-0.46036375,-1.5688477,0.3760207
15:10:29.298,-0.48524025,-1.5688477,0.37325862
15:10:29.312,-0.5062696,-1.5688477,0.3739145
15:10:29.326,-0.529664,-1.7081299,0.3745704
15:10:29.340,-0.55594015,-1.7081299,0.37180832
15:10:29.354,-0.5816908,-1.7081299,0.36904624
15:10:29.369,-0.6035309,-1.7081299,0.36974898
15:10:29.384,-0.6249342,-1.7081299,0.37045172
15:10:29.399,-0.64680666,-1.7081299,0.37023893
15:10:29.413,-0.66822773,-1.7081299,0.37004033
15:10:29.427,-0.6892204,-1.7081299,0.36984172
15:10:29.442,-0.70979327,-1.7081299,0.36964312
15:10:29.455,-0.7282798,-1.7081299,0.3711535
15:10:29.469,-0.7435475,-1.5656738,0.3726639
15:10:29.483,-0.7618594,-1.5656738,0.3707563
15:10:29.498,-0.77993864,-1.5656738,0.36871246
15:10:29.511,-0.7919461,-1.5656738,0.37249532
15:10:29.525,-0.80336416,-1.5624695,0.37656918
15:10:29.539,-0.82125306,-1.5624695,0.3738071
15:10:29.553,-0.8387842,-1.5624695,0.37104502
15:10:29.568,-0.8501029,-1.5624695,0.3742644
15:10:29.582,-0.8611952,-1.5624695,0.37748376
15:10:29.596,-0.87363476,-1.5624695,0.37910202
15:10:29.610,-0.8859953,-1.5656738,0.3806124
15:10:29.624,-0.90132475,-1.5656738,0.37884107
15:10:29.638,-0.91661465,-1.5656738,0.37679723
15:10:29.653,-0.92621547,-1.5656738,0.38024655
15:10:29.667,-0.93864197,-1.7052917,0.38346592
15:10:29.681,-0.9575192,-1.7052917,0.37984934
15:10:29.695,-0.97601885,-1.7052917,0.37623277
15:10:29.710,-0.99260724,-1.7052917,0.37418893
15:10:29.724,-1.005938,-1.5656738,0.37228134
15:10:29.739,-1.0164441,-1.5656738,0.37298408
15:10:29.754,-1.0267859,-1.5656738,0.37363997
15:10:29.767,-1.0402704,-1.5656738,0.3708779
15:10:29.786,-1.0545156,-1.5688477,0.3671294
15:10:29.799,-1.0649691,-1.5688477,0.36695915
15:10:29.812,-1.0752413,-1.5688477,0.36676055
15:10:29.826,-1.0786089,-1.5688477,0.3733979
15:10:29.840,-1.0819091,-1.5688477,0.38003522
15:10:29.855,-1.0954453,-1.5688477,0.37616032
15:10:29.869,-1.1082045,-1.5688477,0.37280208
15:10:29.883,-1.1159372,-1.5688477,0.37431246
15:10:29.897,-1.1235152,-1.5688477,0.37582284
15:10:29.911,-1.1309417,-1.5688477,0.37733322
15:10:29.925,-1.1381562,-1.5656738,0.3788436
15:10:29.939,-1.1522983,-1.5656738,0.37313765
15:10:29.953,-1.1657848,-1.5656738,0.3678121
15:10:29.968,-1.1677105,-1.5656738,0.374008
15:10:29.981,-1.1704074,-1.5656738,0.37937778
15:10:29.995,-1.1785073,-1.5656738,0.37917918
15:10:30.009,-1.1865088,-1.5688477,0.37898058
15:10:30.023,-1.200212,-1.5688477,0.37280053
15:10:30.037,-1.2136412,-1.5688477,0.36662048
15:10:30.052,-1.2200567,-1.5688477,0.36732322
15:10:30.066,-1.2263898,-1.5688477,0.3679791
15:10:30.081,-1.2343447,-1.5688477,0.3668508
15:10:30.096,-1.2421405,-1.5688477,0.36572248
15:10:30.112,-1.2498542,-1.5688477,0.36451897
15:10:30.125,-1.2571924,-1.5688477,0.3635411
15:10:30.139,-1.2644576,-1.5688477,0.362488
15:10:30.153,-1.2715775,-1.5688477,0.3614349
15:10:30.167,-1.2785549,-1.5688477,0.3603818
15:10:30.181,-1.288235,-1.7109528,0.35932872
15:10:30.196,-1.2952092,-1.7109528,0.3608391
15:10:30.210,-1.3020439,-1.7109528,0.36234948
15:10:30.223,-1.3112541,-1.7109528,0.3612964
15:10:30.238,-1.3203539,-1.7109528,0.36016807
15:10:30.252,-1.3197931,-1.7109528,0.36871168
15:10:30.265,-1.3158208,-1.5720215,0.3779125
15:10:30.280,-1.3175645,-1.5720215,0.3813618
15:10:30.295,-1.3192732,-1.5720215,0.38481113
15:10:30.309,-1.3194984,-1.5720215,0.38973948
15:10:30.324,-1.2906431,-0.13546753,0.39501986
15:10:30.339,-1.2610351,-0.13546753,0.4016572
15:10:30.352,-1.2320192,-0.13546753,0.40829453
15:10:30.366,-1.1935349,-0.13546753,0.42518577
15:10:30.380,-1.1531107,0,0.442077
15:10:30.396,-1.1168725,0,0.45552194
15:10:30.411,-1.0821826,0,0.46812654
15:10:30.424,-1.0467231,0,0.48222435
15:10:30.439,-1.0098473,0,0.49849105
15:10:30.454,-0.9396148,0,0.5495478
15:10:30.475,-0.86077976,0,0.6108159
15:10:30.483,-0.7785792,0,0.6771271
15:10:30.498,-0.6802994,0,0.76152325
15:10:30.512,-0.51078624,0,0.9206122
15:10:30.524,-0.36481452,0.5515137,1.0478834
15:10:30.539,-0.15379488,0.5515137,1.244509
15:10:30.553,0.040158164,0.5515137,1.4280262
15:10:30.567,0.23441917,0.5515137,1.6158159
15:10:30.581,0.42990482,0.80700684,1.8036056
15:10:30.595,0.67172486,0.80700684,2.0426648
15:10:30.609,0.9087085,0.80700684,2.281724
15:10:30.623,1.1577007,0.80700684,2.537873
15:10:30.637,1.4017129,0.80700684,2.794022
15:10:30.651,1.6609426,0.80700684,3.070679
15:10:30.665,1.9251771,1.3164825,3.3473358
15:10:30.679,2.1874764,1.3164825,3.6274107
15:10:30.694,2.464135,1.3164825,3.9274907
15:10:30.710,2.8390844,1.3164825,4.3335137
15:10:30.726,3.197529,2.1096344,4.7141604
15:10:30.740,3.603535,2.1096344,5.1506543
15:10:30.756,4.0014205,2.1096344,5.587148
15:10:30.770,4.362831,2.1096344,5.9945426
15:10:30.786,4.8439116,2.1096344,6.531425
15:10:30.798,5.2422748,3.3874207,6.967642
15:10:30.812,5.72836,3.3874207,7.501501
15:10:30.827,6.204724,3.3874207,8.03536
15:10:30.840,6.708406,3.3874207,8.606817
15:10:30.856,7.2420163,3.3874207,9.219092
15:10:30.869,7.760954,5.1875153,9.790549
15:10:30.884,8.327459,5.1875153,10.421135
15:10:30.897,8.75904,5.1875153,10.925604
15:10:30.910,9.320344,6.93869,11.535513
15:10:30.924,9.881309,6.93869,12.15653
15:10:30.939,10.4745245,6.93869,12.821906
15:10:30.953,10.966601,6.93869,13.396185
15:10:30.966,11.492128,6.93869,14.014639
15:10:30.981,12.010494,6.93869,14.636511
15:10:30.995,12.557592,8.893677,15.258383
15:10:31.009,13.0904,8.893677,15.876837
15:10:31.023,13.655842,8.893677,16.539465
15:10:31.037,14.144387,8.893677,17.135166
15:10:31.051,14.755131,11.001526,17.822514
15:10:31.065,15.337225,11.001526,18.493092
15:10:31.079,15.907677,11.001526,19.16367
15:10:31.094,16.537884,11.001526,19.906864
15:10:31.108,17.147457,13.027756,20.600513
15:10:31.123,17.827488,13.027756,21.378498
15:10:31.136,18.392262,13.027756,22.052752
15:10:31.151,19.090464,13.027756,22.874681
15:10:31.166,19.774702,13.027756,23.696611
15:10:31.180,20.446825,13.027756,24.520144
15:10:31.194,21.15747,15.626083,25.343676
15:10:31.210,21.951925,15.626083,26.26723
15:10:31.223,22.670153,15.626083,27.129213
15:10:31.237,23.347113,15.626083,27.963745
15:10:31.250,24.1277,18.338867,28.862473
15:10:31.265,24.93036,18.338867,29.799652
15:10:31.279,25.78257,18.338867,30.803772
15:10:31.292,26.513744,18.338867,31.70178
15:10:31.309,27.485697,20.954498,32.807022
15:10:31.323,28.31873,20.954498,33.790344
15:10:31.337,29.203934,20.954498,34.843903
15:10:31.351,30.010138,20.954498,35.834915
15:10:31.365,30.730846,20.954498,36.755142
15:10:31.379,31.557938,20.954498,37.79863
15:10:31.393,32.359837,23.930649,38.772552
15:10:31.407,33.13481,23.930649,39.735367
15:10:31.421,33.894283,23.930649,40.69818
15:10:31.435,34.626842,23.930649,41.649033
15:10:31.449,35.404076,26.896683,42.599884
15:10:31.468,36.478104,26.896683,43.86945
15:10:31.479,37.006786,26.896683,44.60446
15:10:31.492,37.655865,26.896683,45.473114
15:10:31.508,38.513863,29.604996,46.512928
15:10:31.521,39.144974,29.604996,47.338734
15:10:31.536,39.887966,29.604996,48.291584
15:10:31.550,40.49626,29.604996,49.12215
15:10:31.563,41.155003,29.604996,50.016605
15:10:31.578,41.79052,29.604996,50.900806
15:10:31.592,42.526573,32.172592,51.848164
15:10:31.606,43.11401,32.172592,52.658894
15:10:31.621,43.873047,32.172592,53.656715
15:10:31.636,44.498856,32.172592,54.53408
15:10:31.649,45.16637,34.88376,55.411446
15:10:31.667,46.01902,34.88376,56.491344
15:10:31.678,46.4811,34.88376,57.1901
15:10:31.691,47.120693,34.88376,58.07943
15:10:31.707,47.788216,34.88376,59.010307
15:10:31.722,48.556038,37.525238,60.003246
15:10:31.739,49.345932,37.525238,61.034378
15:10:31.753,49.921604,37.525238,61.863037
15:10:31.769,50.644802,39.67659,62.810078
15:10:31.783,51.140636,39.67659,63.539875
15:10:31.798,51.791603,39.67659,64.43809
15:10:31.811,52.235733,39.67659,65.13853
15:10:31.826,52.77658,39.67659,65.946724
15:10:31.840,53.194355,39.67659,66.64037
15:10:31.855,53.69686,41.90306,67.38357
15:10:31.873,54.263924,41.90306,68.202896
15:10:31.884,54.507393,41.90306,68.7036
15:10:31.899,54.917244,41.90306,69.37904
15:10:31.912,55.270535,43.897583,69.96443
15:10:31.926,55.65921,43.897583,70.59314
15:10:31.940,56.04011,43.897583,71.22185
15:10:31.955,56.40586,43.897583,71.842865
15:10:31.969,56.842716,45.645187,72.50824
15:10:31.982,57.196335,45.645187,73.097595
15:10:31.996,57.587307,45.645187,73.732285
15:10:32.010,57.974648,45.645187,74.37125
15:10:32.025,58.35424,45.645187,75.01021
15:10:32.039,58.7279,45.645187,75.65086
15:10:32.053,59.092598,47.663284,76.24881
15:10:32.067,59.403107,47.663284,76.798904
15:10:32.081,59.707405,47.663284,77.349
15:10:32.095,59.967934,47.663284,77.86064
15:10:32.109,60.256145,49.308075,78.372284
15:10:32.123,60.485836,49.308075,78.83009
15:10:32.137,60.710934,49.308075,79.2879
15:10:32.151,60.864536,49.308075,79.67735
15:10:32.165,61.038822,50.495697,80.0668
15:10:32.179,61.153515,50.495697,80.399
15:10:32.193,61.265915,50.495697,80.7312
15:10:32.208,61.346386,50.495697,81.03311
15:10:32.223,61.425247,50.495697,81.33502
15:10:32.239,61.41819,50.495697,81.55087
15:10:32.252,61.410973,51.18564,81.752335
15:10:32.268,61.317513,51.18564,81.86565
15:10:32.282,61.218517,51.18564,81.971405
15:10:32.294,61.006016,51.18564,81.95932
15:10:32.309,60.797913,51.23874,81.946304
15:10:32.323,60.477573,51.23874,81.814514
15:10:32.336,60.163643,51.23874,81.682724
15:10:32.350,59.768898,51.23874,81.46207
15:10:32.365,59.369595,50.61586,81.24141
15:10:32.378,58.911285,50.61586,80.95239
15:10:32.393,58.44191,50.61586,80.64273
15:10:32.407,57.917576,50.61586,80.26741
15:10:32.421,57.430004,50.61586,79.9189
15:10:32.435,56.85208,50.61586,79.46825
15:10:32.449,56.292336,49.474655,79.04764
15:10:32.464,55.733734,49.474655,78.616776
15:10:32.478,55.156143,49.474655,78.155136
15:10:32.492,54.58677,49.474655,77.690094
15:10:32.506,54.004345,48.252502,77.22505
15:10:32.520,53.41347,48.252502,76.7395
15:10:32.534,52.834415,48.252502,76.25395
15:10:32.548,52.258564,48.252502,75.75986
15:10:32.563,51.629173,46.72905,75.23047
15:10:32.579,50.965343,46.72905,74.65309
15:10:32.592,50.420887,46.72905,74.183975
15:10:32.607,49.79954,46.72905,73.62529
15:10:32.622,49.19062,46.72905,73.066605
15:10:32.635,48.64822,46.72905,72.56337
15:10:32.649,48.047092,45.14711,72.02142
15:10:32.664,47.41377,45.14711,71.43436
15:10:32.677,46.869823,45.14711,70.92557
15:10:32.691,46.274117,45.14711,70.35286
15:10:32.705,45.656982,43.48018,69.78015
15:10:32.719,45.018696,43.48018,69.17326
15:10:32.733,44.393173,43.48018,68.566376
15:10:32.749,43.672184,43.48018,67.849304
15:10:32.762,42.97599,41.656464,67.18004
15:10:32.776,42.28925,41.656464,66.50621
15:10:32.793,41.41306,41.656464,65.625046
15:10:32.805,40.719475,41.656464,64.91234
15:10:32.820,39.932304,41.656464,64.08998
15:10:32.835,39.1537,41.656464,63.2603
15:10:32.848,38.45634,39.51938,62.541245
15:10:32.862,37.722908,39.51938,61.77115
15:10:32.876,37.004143,39.51938,61.001053
15:10:32.890,36.291378,39.51938,60.222412
15:10:32.904,35.54491,37.12143,59.44377
15:10:32.919,34.77412,37.12143,58.625076
15:10:32.934,34.018745,37.12143,57.80638
15:10:32.949,33.32065,37.12143,57.030716
15:10:32.963,32.645706,35.047226,56.306763
15:10:32.978,31.964088,35.047226,55.562225
15:10:32.991,31.39339,35.047226,54.91696
15:10:33.005,30.802212,35.047226,54.23915
15:10:33.019,30.211552,34.481903,53.56134
15:10:33.034,29.623493,34.481903,52.87413
15:10:33.048,28.97114,33.084427,52.137833
15:10:33.071,27.938742,33.084427,51.00042
15:10:33.076,27.799337,33.084427,50.753155
15:10:33.095,26.984232,33.084427,49.813553
15:10:33.115,26.214975,33.084427,48.904102
15:10:33.121,25.983063,31.037308,48.569042
15:10:33.135,25.419891,31.037308,47.89123
15:10:33.149,24.86631,31.037308,47.21171
15:10:33.163,24.285196,29.107162,46.532192
15:10:33.177,23.723242,29.107162,45.860363
15:10:33.191,23.172527,29.107162,45.188534
15:10:33.205,22.612728,29.107162,44.496197
15:10:33.219,22.019033,26.852493,43.80386
15:10:33.235,21.313488,26.852493,42.985275
15:10:33.248,20.772469,26.852493,42.320175
15:10:33.262,20.174547,26.852493,41.585968
15:10:33.277,19.537188,26.852493,40.799316
15:10:33.290,18.995148,26.852493,40.096924
15:10:33.305,18.305002,24.200134,39.28647
15:10:33.320,17.608921,24.200134,38.45587
15:10:33.333,17.035292,24.200134,37.736023
15:10:33.347,16.43562,24.200134,36.97789
15:10:33.361,15.809201,22.26323,36.219757
15:10:33.375,15.217084,22.26323,35.48384
15:10:33.389,14.636808,22.26323,34.747925
15:10:33.403,14.070651,22.26323,34.014572
15:10:33.418,13.420464,20.062317,33.228836
15:10:33.431,12.915498,20.062317,32.57802
15:10:33.445,12.37157,20.062317,31.877136
15:10:33.460,11.85778,20.062317,31.195908
15:10:33.474,11.354267,20.062317,30.514679
15:10:33.488,10.806857,20.062317,29.778381
15:10:33.502,10.326682,18.066208,29.140257
15:10:33.518,9.708925,18.066208,28.351944
15:10:33.530,9.248377,18.066208,27.71144
15:10:33.544,8.773877,18.066208,27.0473
15:10:33.559,8.224522,16.173386,26.335722
15:10:33.573,7.73348,16.173386,25.672438
15:10:33.592,7.0201097,16.173386,24.772266
15:10:33.602,6.7305017,16.173386,24.289948
15:10:33.614,6.3150635,14.319,23.711164
15:10:33.629,5.784974,14.319,23.00691
15:10:33.644,5.2654862,14.319,22.302656
15:10:33.659,4.7949686,14.319,21.63777
15:10:33.673,4.3773007,14.319,21.01721
15:10:33.689,3.8811076,14.319,20.307999
15:10:33.702,3.5312448,12.451492,19.77609
15:10:33.716,3.0894644,12.451492,19.143248
15:10:33.730,2.6978652,12.451492,18.552595
15:10:33.745,2.3005662,12.451492,17.948133
15:10:33.758,1.9593159,10.907501,17.424267
15:10:33.772,1.587074,10.907501,16.861813
15:10:33.786,1.222277,10.907501,16.299358
15:10:33.801,0.88989806,10.907501,15.762539
15:10:33.815,0.4899185,9.073959,15.187375
15:10:33.829,0.19797605,9.073959,14.714291
15:10:33.844,-0.19511753,9.073959,14.132032
15:10:33.857,-0.47335926,9.073959,13.658948
15:10:33.873,-0.83867073,9.073959,13.091338
15:10:33.886,-1.072938,9.073959,12.649992
15:10:33.900,-1.371187,7.304138,12.174696
15:10:33.914,-1.6525847,7.304138,11.710508
15:10:33.928,-1.9283543,7.304138,11.246321
15:10:33.948,-2.4043343,7.304138,10.572209
15:10:33.958,-2.5673907,5.958603,10.235153
15:10:33.971,-2.798287,5.958603,9.825545
15:10:33.986,-3.0863216,5.958603,9.352921
15:10:34.001,-3.3318098,5.958603,8.917832
15:10:34.015,-3.5662494,4.8442535,8.51175
15:10:34.029,-3.755805,4.8442535,8.146684
15:10:34.043,-3.941569,4.8442535,7.781617
15:10:34.057,-4.060813,4.8442535,7.4806376
15:10:34.071,-4.1776714,4.8442535,7.179658
15:10:34.085,-4.2385993,4.8442535,6.933366
15:10:34.100,-4.3187547,3.8219757,6.6870737
15:10:34.113,-4.3395257,3.8219757,6.4997416
15:10:34.127,-4.3598814,3.8219757,6.3124094
15:10:34.141,-4.346334,3.8219757,6.159257
15:10:34.155,-4.34357,3.296341,6.0061045
15:10:34.169,-4.2948046,3.296341,5.899949
15:10:34.184,-4.2470145,3.296341,5.7937937
15:10:34.198,-4.165442,3.296341,5.7230854
15:10:34.212,-4.0841246,2.9032135,5.6618047
15:10:34.226,-3.9847677,2.9032135,5.6205907
15:10:34.240,-3.8902833,2.9032135,5.5764327
15:10:34.254,-3.7931287,2.9032135,5.5369277
15:10:34.269,-3.7006824,2.9032135,5.494601
15:10:34.282,-3.5874474,2.9032135,5.4753733
15:10:34.296,-3.4811802,2.7405243,5.454667
15:10:34.311,-3.3731043,2.7405243,5.437975
15:10:34.326,-3.2671902,2.7405243,5.421283
15:10:34.341,-3.1759553,2.7405243,5.391773
15:10:34.355,-3.12011,0.96588135,5.364231
15:10:34.370,-3.0789735,0.96588135,5.3228197
15:10:34.390,-3.0521874,0.96588135,5.2676044
15:10:34.398,-2.9934704,0.96588135,5.245518
15:10:34.412,-2.9550521,0.82133484,5.2068677
15:10:34.426,-2.908191,0.82133484,5.1776166
15:10:34.440,-2.862267,0.82133484,5.1483655
15:10:34.455,-2.8013508,0.82133484,5.1353498
15:10:34.468,-2.741653,0.82133484,5.122334
15:10:34.483,-2.6864986,0.82133484,5.1059003
15:10:34.497,-2.6324475,0.82133484,5.0894666
15:10:34.511,-2.5653749,0.82133484,5.087423
15:10:34.525,-2.4993765,0.82133484,5.0856514
15:10:34.539,-2.4798262,0.82133484,5.0378313
15:10:34.553,-2.4571931,0.83880615,4.9931993
15:10:34.567,-2.4283135,0.83880615,4.9554033
15:10:34.581,-2.4000115,0.83880615,4.9176073
15:10:34.595,-2.3714383,0.83880615,4.880666
15:10:34.609,-2.3432608,0.8475952,4.8437243
15:10:34.623,-2.33072,0.8475952,4.791402
15:10:34.642,-2.3367429,0.8475952,4.7203927
15:10:34.656,-2.3226576,0.8475952,4.6697793
15:10:34.672,-2.31594,0.8475952,4.611935
15:10:34.685,-2.2823982,0.8475952,4.581599
15:10:34.699,-2.2516377,0.85643005,4.54893
15:10:34.714,-2.2309568,0.85643005,4.5066032
15:10:34.728,-2.2079244,0.85643005,4.467098
15:10:34.742,-2.1845152,0.85643005,4.4284477
15:10:34.758,-2.1666734,0.7367401,4.3870363
15:10:34.770,-2.1352239,0.7367401,4.3598742
15:10:34.785,-2.1084986,0.7367401,4.3285336
15:10:34.799,-2.1011953,0.7367401,4.2779202
15:10:34.815,-2.0983741,0.87423706,4.220076
15:10:34.827,-2.0878975,0.87423706,4.170101
15:10:34.841,-2.0817115,0.87423706,4.1159616
15:10:34.855,-2.1048527,0.87423706,4.032023
15:10:34.869,-2.1359837,0.7453766,3.9420886
15:10:34.883,-2.1562958,0.7453766,3.8625586
15:10:34.898,-2.1941879,0.7453766,3.7646754
15:10:34.911,-2.2109296,0.7453766,3.6876009
15:10:34.925,-2.2462196,0.7453766,3.5912578
15:10:34.940,-2.2803714,0.7453766,3.495356
15:10:34.953,-2.321807,0.3470459,3.3994544
15:10:34.967,-2.3372915,0.3470459,3.3291874
15:10:34.982,-2.3573852,0.3470459,3.2539015
15:10:34.995,-2.3524654,0.3470459,3.2037294
15:10:35.009,-2.3568316,0.07678223,3.1496978
15:10:35.024,-2.3657897,0.07678223,3.0908914
15:10:35.037,-2.3668845,0.07678223,3.0399258
15:10:35.052,-2.3487248,0.07678223,3.0085852
15:10:35.068,-2.3329763,0.07678223,2.975155
15:10:35.081,-2.3075118,0.07678223,2.9519606
15:10:35.095,-2.281226,0.23075867,2.9269817
15:10:35.110,-2.257214,0.23075867,2.9002187
15:10:35.123,-2.2301855,0.23075867,2.8770242
15:10:35.137,-2.192885,0.23075867,2.8648627
15:10:35.152,-2.1601186,0.08390808,2.8518326
15:10:35.173,-2.1230664,0.08390808,2.8438444
15:10:35.181,-2.0819092,0.08390808,2.8408012
15:10:35.195,-2.0438118,0.08390808,2.8354757
15:10:35.207,-2.010536,-0.048675537,2.8287137
15:10:35.221,-1.9740056,-0.048675537,2.8259516
15:10:35.236,-1.9383992,-0.048675537,2.8229923
15:10:35.250,-1.9046733,-0.048675537,2.8188407
15:10:35.263,-1.871935,-0.048675537,2.8143697
15:10:35.278,-1.8518282,-0.048675537,2.7976775
15:10:35.292,-1.8280945,0.09825134,2.782098
15:10:35.306,-1.8021897,0.09825134,2.7692184
15:10:35.320,-1.7787449,0.09825134,2.7543573
15:10:35.335,-1.7539746,0.09825134,2.7413273
15:10:35.348,-1.7307986,-0.04182434,2.7300346
15:10:35.362,-1.7273602,-0.04182434,2.6990743
15:10:35.377,-1.7261579,-0.04182434,2.6659026
15:10:35.391,-1.7362108,-0.04182434,2.6212704
15:10:35.406,-1.7518585,-0.17539978,2.5734503
15:10:35.421,-1.7492487,-0.17539978,2.5439408
15:10:35.435,-1.7447633,-0.17539978,2.5163984
15:10:35.450,-1.7243512,-0.17539978,2.5051994
15:10:35.463,-1.702884,-0.17539978,2.4954937
15:10:35.477,-1.676716,-0.17539978,2.4910226
15:10:35.491,-1.6510713,-0.17539978,2.4865515
15:10:35.505,-1.6242647,-0.17539978,2.4837894
15:10:35.519,-1.5979942,-0.17539978,2.4810274
15:10:35.533,-1.5705744,-0.17539978,2.4799743
15:10:35.547,-1.5438336,-0.18193054,2.4789212
15:10:35.561,-1.5234895,-0.18193054,2.4718866
15:10:35.576,-1.5035522,-0.18193054,2.464852
15:10:35.589,-1.47229,-0.18193054,2.4697804
15:10:35.604,-1.443987,-0.3158722,2.475061
15:10:35.618,-1.416595,-0.3158722,2.4799893
15:10:35.632,-1.3900958,-0.3158722,2.4845657
15:10:35.647,-1.3678769,-0.3158722,2.4853153
15:10:35.660,-1.34624,-0.3158722,2.4859245
15:10:35.674,-1.341738,-0.3158722,2.4694905
15:10:35.688,-1.3402536,-0.46224976,2.4530566
15:10:35.702,-1.3153516,-0.46224976,2.4605484
15:10:35.716,-1.2909477,-0.46224976,2.4680402
15:10:35.731,-1.2736851,-0.46224976,2.468743
15:10:35.745,-1.2540102,-0.32208252,2.469399
15:10:35.761,-1.239169,-0.32208252,2.4655242
15:10:35.774,-1.2243714,-0.32208252,2.4619076
15:10:35.789,-1.1984591,-0.32208252,2.4699347
15:10:35.802,-1.174114,-0.32208252,2.4768915
15:10:35.818,-1.1668661,-0.32208252,2.466899
15:10:35.830,-1.1573149,-0.32208252,2.4594045
15:10:35.844,-1.1341057,-0.32208252,2.4660418
15:10:35.858,-1.1113605,-0.32208252,2.4726791
15:10:35.872,-1.0932574,-0.32208252,2.475044
15:10:35.887,-1.0753508,-0.32208252,2.477578
15:10:35.901,-1.0651317,-0.32208252,2.472633
15:10:35.914,-1.0554897,-0.32208252,2.4673073
15:10:35.929,-1.0334795,-0.32208252,2.4747992
15:10:35.942,-1.0089759,-0.17539978,2.482291
15:10:35.957,-1.0005878,-0.17539978,2.4738386
15:10:35.971,-0.9918153,-0.17539978,2.4659495
15:10:35.985,-0.9678919,-0.17539978,2.4736998
15:10:35.999,-0.94608784,-0.3158722,2.4826424
15:10:36.013,-0.93702775,-0.3158722,2.4790258
15:10:36.027,-0.92814887,-0.3158722,2.4754093
15:10:36.041,-0.9194476,-0.3158722,2.4717927
15:10:36.055,-0.9109203,-0.3158722,2.4681761
15:10:36.070,-0.89743346,-0.3158722,2.4697945
15:10:36.084,-0.8870149,-0.45051575,2.471305
15:10:36.097,-0.8784657,-0.45051575,2.4711206
15:10:36.112,-0.8701153,-0.45051575,2.470908
15:10:36.127,-0.86193186,-0.45051575,2.4706953
15:10:36.141,-0.8513295,-0.32208252,2.4704967
15:10:36.155,-0.842614,-0.32208252,2.468589
15:10:36.170,-0.8340728,-0.32208252,2.4666815
15:10:36.183,-0.8190033,-0.32208252,2.4716098
15:10:36.197,-0.8070384,-0.46224976,2.4765382
15:10:36.211,-0.8053617,-0.46224976,2.4712126
15:10:36.225,-0.8037185,-0.46224976,2.465887
15:10:36.239,-0.7912219,-0.46224976,2.47167
15:10:36.254,-0.7789753,-0.46224976,2.4774528
15:10:36.268,-0.77785987,-0.46224976,2.4721272
15:10:36.281,-0.77116036,-0.18193054,2.4668016
15:10:36.296,-0.7568927,-0.18193054,2.4693356
15:10:36.310,-0.7430759,-0.18193054,2.4717004
15:10:36.324,-0.729701,-0.18193054,2.4738965
15:10:36.338,-0.71626246,-0.18193054,2.4764304
15:10:36.352,-0.7059371,-0.3158722,2.4787953
15:10:36.367,-0.6992415,-0.3158722,2.477667
15:10:36.381,-0.68841916,-0.3158722,2.4808865
15:10:36.395,-0.67500377,-0.17539978,2.4841058
15:10:36.409,-0.6677185,-0.17539978,2.4813437
15:10:36.424,-0.6607723,-0.17539978,2.4783845
15:10:36.439,-0.6467873,-0.17539978,2.4827495
15:10:36.452,-0.6336523,-0.17539978,2.4865324
15:10:36.467,-0.62918186,-0.17539978,2.4817421
15:10:36.482,-0.62748575,-0.3096466,2.4769518
15:10:36.495,-0.61897695,-0.3096466,2.479148
15:10:36.509,-0.6104728,-0.3096466,2.4815128
15:10:36.524,-0.6073565,-0.3096466,2.4785535
15:10:36.537,-0.60123086,-0.17539978,2.4759889
15:10:36.552,-0.59292275,-0.17539978,2.4757762
15:10:36.567,-0.5847669,-0.17539978,2.4755776
15:10:36.579,-0.5767603,-0.17539978,2.4753933
15:10:36.594,-0.5717372,-0.3158722,2.4751947
15:10:36.608,-0.5677256,-0.3158722,2.4740665
15:10:36.622,-0.56364685,-0.3158722,2.4730887
15:10:36.636,-0.5555364,-0.3158722,2.476308
15:10:36.650,-0.54736274,-0.3158722,2.4797575
15:10:36.664,-0.5429137,-0.3158722,2.4795732
15:10:36.678,-0.5357719,-0.17539978,2.4793606
15:10:36.692,-0.5237347,-0.17539978,2.484289
15:10:36.706,-0.5119382,-0.17539978,2.4892173
15:10:36.720,-0.50772095,-0.17539978,2.4866526
15:10:36.734,-0.5038432,-0.16882324,2.4836934
15:10:36.748,-0.4931504,-0.16882324,2.4877672
15:10:36.763,-0.48238632,-0.16882324,2.4921322
15:10:36.778,-0.47363195,-0.16882324,2.494666
15:10:36.793,-0.43066612,1.5505066,2.4972
15:10:36.807,-0.39207473,1.5505066,2.496147
15:10:36.821,-0.3542552,1.5505066,2.4950938
15:10:36.834,-0.31400797,1.5505066,2.49729
15:10:36.848,-0.27440014,1.5505066,2.4996548
15:10:36.863,-0.23809667,1.5505066,2.4994562
15:10:36.877,-0.20576541,1.3881989,2.4992576
15:10:36.891,-0.17319746,1.3881989,2.4999604
15:10:36.905,-0.14132679,1.3881989,2.5006163
15:10:36.919,-0.11176832,1.3881989,2.4995632
15:10:36.932,-0.082518265,1.3986511,2.4985855
15:10:36.947,-0.05130899,1.3986511,2.5002038
15:10:36.960,-0.020935357,1.3986511,2.5016065
15:10:36.975,0.007247828,1.3986511,2.5013938
15:10:36.989,0.037499517,1.5288696,2.5012095
15:10:37.006,0.06815333,1.5288696,2.5020528
15:10:37.018,0.09787267,1.5288696,2.5025682
15:10:37.032,0.12538685,1.5288696,2.50144
15:10:37.046,0.15242445,1.5288696,2.500387
15:10:37.063,0.1817507,1.5288696,2.502221
15:10:37.099,0.20989488,1.3986511,2.506105
15:10:37.127,0.23495555,1.3986511,2.5074167
15:10:37.143,0.25891814,1.3986511,2.5081196
15:10:37.165,0.27987024,1.5288696,2.503582
15:10:37.192,0.31254983,1.5288696,2.5114388
15:10:37.221,0.33647308,1.5288696,2.5110276
15:10:37.238,0.3639267,1.5288696,2.5147069
15:10:37.255,0.38698924,1.5288696,2.5144658
15:10:37.272,0.40957662,1.5288696,2.5142105
15:10:37.288,0.43461114,1.5288696,2.5169132
15:10:37.306,0.45666265,1.3881989,2.5199537
15:10:37.324,0.47611982,1.3881989,2.520797
15:10:37.338,0.49332935,1.3881989,2.519744
15:10:37.355,0.5073613,1.2575836,2.5184653
15:10:37.371,0.5259714,1.2575836,2.5221446
15:10:37.388,0.54420936,1.2575836,2.5258238
15:10:37.404,0.5586113,1.3778076,2.5235076
15:10:37.420,0.5747727,1.3778076,2.5232806
15:10:37.439,0.59058315,1.3778076,2.5230253
15:10:37.453,0.6106052,1.3778076,2.5273902
15:10:37.458,0.62737507,1.3778076,2.5288453
15:10:37.489,0.63639003,1.3778076,2.5227294
15:10:37.504,0.6483182,1.3778076,2.5197701
15:10:37.515,0.66209704,1.3778076,2.5189428
15:10:37.529,0.679023,1.5181274,2.5187442
15:10:37.544,0.6972853,1.5181274,2.5202546
15:10:37.557,0.7151823,1.5181274,2.521765
15:10:37.571,0.7293718,1.5181274,2.5198574
15:10:37.585,0.7402642,1.3674622,2.5179498
15:10:37.599,0.7551257,1.3674622,2.5203147
15:10:37.613,0.76969004,1.3674622,2.5226796
15:10:37.627,0.7806134,1.3674622,2.5216265
15:10:37.642,0.79131836,1.3674622,2.5205734
15:10:37.656,0.8051588,1.3674622,2.5229383
15:10:37.670,0.818888,1.3674622,2.5254722
15:10:37.684,0.8296649,1.3674622,2.5252736
15:10:37.698,0.8402401,1.3674622,2.5250893
15:10:37.712,0.85310215,1.3674622,2.5274541
15:10:37.726,0.86607933,1.3778076,2.529988
15:10:37.740,0.87768835,1.3778076,2.5313907
15:10:37.754,0.8892766,1.3778076,2.533009
15:10:37.769,0.8988526,1.3778076,2.5328104
15:10:37.782,0.87717295,-0.17539978,2.5326118
15:10:37.797,0.85950184,-0.17539978,2.5360613
15:10:37.811,0.8419588,-0.17539978,2.5392807
15:10:37.825,0.82057965,-0.17539978,2.5382276
15:10:37.840,0.79955435,-0.17539978,2.5370994
15:10:37.864,0.7825928,-0.17539978,2.5396886
15:10:37.930,0.77041095,-0.17539978,2.546809

