timestamp,R1[Âµsec],R1[RPM]
22:12:39.568,1000,0
22:12:39.574,1000,0
22:12:39.586,1000,0
22:12:39.596,1000,0
22:12:39.607,1000,0
22:12:39.619,1000,0
22:12:39.628,1000,0
22:12:39.639,1000,0
22:12:39.648,1000,0
22:12:39.658,1000,0
22:12:39.670,1000,0
22:12:39.680,1000,0
22:12:39.688,1000,0
22:12:39.699,1000,0
22:12:39.710,1000,0
22:12:39.719,1000,0
22:12:39.729,1000,0
22:12:39.739,1000,0
22:12:39.749,1000,0
22:12:39.759,1000,0
22:12:39.769,1000,0
22:12:39.779,1000,0
22:12:39.792,1000,0
22:12:39.799,1000,0
22:12:39.811,1000,0
22:12:39.822,1000,0
22:12:39.831,1000,0
22:12:39.841,1000,0
22:12:39.863,1000,0
22:12:39.875,1000,0
22:12:39.885,1000,0
22:12:39.896,1000,0
22:12:39.906,1000,0
22:12:39.917,1000,0
22:12:39.926,1000,0
22:12:39.936,1000,0
22:12:39.946,1000,0
22:12:39.958,1000,0
22:12:39.967,1000,0
22:12:39.977,1000,0
22:12:39.987,1000,0
22:12:39.998,1000,0
22:12:40.007,1000,0
22:12:40.017,1000,0
22:12:40.027,1000,0
22:12:40.037,1000,0
22:12:40.049,1000,0
22:12:40.057,1000,0
22:12:40.068,1000,0
22:12:40.078,1000,0
22:12:40.088,1000,0
22:12:40.098,1000,0
22:12:40.108,1000,0
22:12:40.118,1000,0
22:12:40.128,1000,0
22:12:40.138,1000,0
22:12:40.148,1000,0
22:12:40.158,1000,0
22:12:40.168,1000,0
22:12:40.178,1000,0
22:12:40.190,1000,0
22:12:40.202,1000,0
22:12:40.210,1000,0
22:12:40.221,1000,0
22:12:40.231,1000,0
22:12:40.247,1000,0
22:12:40.254,1000,0
22:12:40.264,1000,0
22:12:40.273,1000,0
22:12:40.284,1000,0
22:12:40.297,1000,0
22:12:40.305,1000,0
22:12:40.314,1000,0
22:12:40.323,1000,0
22:12:40.334,1000,0
22:12:40.348,1000,0
22:12:40.353,1000,0
22:12:40.363,1000,0
22:12:40.375,1000,0
22:12:40.384,1000,0
22:12:40.394,1000,0
22:12:40.405,1000,0
22:12:40.413,1000,0
22:12:40.424,1000,0
22:12:40.435,1000,0
22:12:40.445,1000,0
22:12:40.456,1000,0
22:12:40.466,1000,0
22:12:40.476,1000,0
22:12:40.487,1000,0
22:12:40.497,1000,0
22:12:40.507,1000,0
22:12:40.517,1000,0
22:12:40.527,1000,0
22:12:40.537,1000,0
22:12:40.548,1000,0
22:12:40.559,1000,0
22:12:40.568,1000,0
22:12:40.579,1000,0
22:12:40.590,1000,0
22:12:40.599,1000,0
22:12:40.611,1000,0
22:12:40.620,1000,0
22:12:40.630,1000,0
22:12:40.642,1000,0
22:12:40.651,1000,0
22:12:40.661,1000,0
22:12:40.675,1000,0
22:12:40.683,1000,0
22:12:40.693,1000,0
22:12:40.702,1000,0
22:12:40.712,1000,0
22:12:40.724,1000,0
22:12:40.736,1000,0
22:12:40.745,1000,0
22:12:40.755,1000,0
22:12:40.773,1000,0
22:12:40.778,1000,0
22:12:40.788,1000,0
22:12:40.798,1000,0
22:12:40.811,1000,0
22:12:40.820,1000,0
22:12:40.831,1000,0
22:12:40.841,1000,0
22:12:40.852,1000,0
22:12:40.863,1000,0
22:12:40.872,1000,0
22:12:40.882,1000,0
22:12:40.897,1000,0
22:12:40.905,1000,0
22:12:40.916,1000,0
22:12:40.926,1000,0
22:12:40.936,1000,0
22:12:40.948,1000,0
22:12:40.957,1000,0
22:12:40.967,1000,0
22:12:40.982,1000,0
22:12:40.991,1000,0
22:12:41.004,1000,0
22:12:41.009,1000,0
22:12:41.033,1000,0
22:12:41.042,1000,0
22:12:41.055,1000,0
22:12:41.085,1000,0
22:12:41.091,1000,0
22:12:41.100,1000,0
22:12:41.115,1000,0
22:12:41.125,1000,0
22:12:41.134,1000,0
22:12:41.143,1000,0
22:12:41.154,1000,0
22:12:41.163,1000,0
22:12:41.175,1000,0
22:12:41.184,1000,0
22:12:41.208,1000,0
22:12:41.213,1000,0
22:12:41.222,1000,0
22:12:41.235,1000,0
22:12:41.253,1000,0
22:12:41.270,1000,0
22:12:41.284,1000,0
22:12:41.306,1000,0
22:12:41.317,1000,0
22:12:41.332,1000,0
22:12:41.364,1000,0
22:12:41.379,1000,0
22:12:41.387,1000,0
22:12:41.397,1000,0
22:12:41.408,1000,0
22:12:41.415,1000,0
22:12:41.428,1000,0
22:12:41.435,1000,0
22:12:41.448,1000,0
22:12:41.463,1000,0
22:12:41.469,1000,0
22:12:41.480,1000,0
22:12:41.489,1000,0
22:12:41.501,1000,0
22:12:41.508,1000,0
22:12:41.517,1000,0
22:12:41.531,1000,0
22:12:41.537,1000,0
22:12:41.552,1000,0
22:12:41.565,1000,0
22:12:41.569,1000,0
22:12:41.581,1000,0
22:12:41.596,1000,0
22:12:41.603,1000,0
22:12:41.612,1000,0
22:12:41.626,1000,0
22:12:41.634,1000,0
22:12:41.645,1000,0
22:12:41.662,1000,0
22:12:41.673,1000,0
22:12:41.675,1000,0
22:12:41.687,1000,0
22:12:41.697,1000,0
22:12:41.707,1000,0
22:12:41.718,1000,0
22:12:41.728,1000,0
22:12:41.739,1000,0
22:12:41.748,1000,0
22:12:41.758,1000,0
22:12:41.793,1000,0
22:12:41.798,1000,0
22:12:41.809,1000,0
22:12:41.825,1000,0
22:12:41.833,1000,0
22:12:41.841,1000,0
22:12:41.851,1000,0
22:12:41.861,1000,0
22:12:41.874,1000,0
22:12:41.883,1000,0
22:12:41.893,1000,0
22:12:41.907,1000,0
22:12:41.914,1000,0
22:12:41.925,1000,0
22:12:41.937,1000,0
22:12:41.947,1000,0
22:12:41.957,1000,0
22:12:41.967,1000,0
22:12:41.977,1000,0
22:12:41.987,1000,0
22:12:41.998,1000,0
22:12:42.007,1000,0
22:12:42.017,1000,0
22:12:42.029,1000,0
22:12:42.037,1000,0
22:12:42.048,1000,0
22:12:42.058,1000,0
22:12:42.084,1000,0
22:12:42.090,1000,0
22:12:42.100,1000,0
22:12:42.113,1000,0
22:12:42.121,1000,0
22:12:42.130,1000,0
22:12:42.141,1000,0
22:12:42.153,1000,0
22:12:42.161,1000,0
22:12:42.172,1000,0
22:12:42.182,1000,0
22:12:42.190,1000,0
22:12:42.202,1000,0
22:12:42.214,1000,0
22:12:42.225,1000,0
22:12:42.234,1000,0
22:12:42.245,1000,0
22:12:42.256,1000,0
22:12:42.278,1000,0
22:12:42.292,1000,0
22:12:42.298,1000,0
22:12:42.308,1000,0
22:12:42.318,1000,0
22:12:42.328,1000,0
22:12:42.344,1000,0
22:12:42.352,1000,0
22:12:42.370,1000,0
22:12:42.379,1000,0
22:12:42.389,1000,0
22:12:42.400,1000,0
22:12:42.414,1000,0
22:12:42.420,1000,0
22:12:42.430,1000,0
22:12:42.440,1000,0
22:12:42.461,1000,0
22:12:42.469,1000,0
22:12:42.479,1000,0
22:12:42.489,1000,0
22:12:42.501,1000,0
22:12:42.511,1000,0
22:12:42.520,1000,0
22:12:42.535,1000,0
22:12:42.543,1000,0
22:12:42.555,1000,0
22:12:42.565,1000,0
22:12:42.583,1000,0
22:12:42.593,1000,0
22:12:42.613,1000,0
22:12:42.630,1000,0
22:12:42.633,1000,0
22:12:42.646,1000,0
22:12:42.655,1000,0
22:12:42.664,1000,0
22:12:42.674,1000,0
22:12:42.684,1000,0
22:12:42.694,1000,0
22:12:42.704,1000,0
22:12:42.717,1000,0
22:12:42.732,1000,0
22:12:42.736,1000,0
22:12:42.745,1000,0
22:12:42.755,1000,0
22:12:42.772,1000,0
22:12:42.775,1000,0
22:12:42.786,1000,0
22:12:42.797,1000,0
22:12:42.807,1000,0
22:12:42.818,1000,0
22:12:42.828,1000,0
22:12:42.841,1000,0
22:12:42.849,1000,0
22:12:42.861,1000,0
22:12:42.871,1000,0
22:12:42.884,1000,0
22:12:42.892,1000,0
22:12:42.903,1000,0
22:12:42.914,1000,0
22:12:42.926,1000,0
22:12:42.940,1000,0
22:12:42.945,1000,0
22:12:42.954,1000,0
22:12:42.968,1000,0
22:12:42.977,1000,0
22:12:42.988,1000,0
22:12:43.000,1000,0
22:12:43.008,1000,0
22:12:43.023,1000,0
22:12:43.027,1000,0
22:12:43.038,1000,0
22:12:43.048,1000,0
22:12:43.061,1000,0
22:12:43.067,1000,0
22:12:43.078,1000,0
22:12:43.087,1000,0
22:12:43.097,1000,0
22:12:43.108,1000,0
22:12:43.118,1000,0
22:12:43.128,1000,0
22:12:43.141,1000,0
22:12:43.148,1000,0
22:12:43.160,1000,0
22:12:43.171,1000,0
22:12:43.180,1000,0
22:12:43.192,1000,0
22:12:43.203,1000,0
22:12:43.213,1000,0
22:12:43.223,1000,0
22:12:43.233,1000,0
22:12:43.245,1000,0
22:12:43.255,1000,0
22:12:43.264,1000,0
22:12:43.275,1000,0
22:12:43.285,1000,0
22:12:43.297,1000,0
22:12:43.305,1000,0
22:12:43.315,1000,0
22:12:43.332,1000,0
22:12:43.335,1000,0
22:12:43.347,1000,0
22:12:43.355,1000,0
22:12:43.371,1000,0
22:12:43.375,1000,0
22:12:43.385,1000,0
22:12:43.395,1000,0
22:12:43.405,1000,0
22:12:43.417,1000,0
22:12:43.425,1000,0
22:12:43.436,1000,0
22:12:43.447,1000,0
22:12:43.457,1000,0
22:12:43.468,1000,0
22:12:43.479,1000,0
22:12:43.492,1000,0
22:12:43.500,1000,0
22:12:43.511,1000,0
22:12:43.527,1000,0
22:12:43.533,1000,0
22:12:43.543,1000,0
22:12:43.558,1000,0
22:12:43.567,1000,0
22:12:43.575,1000,0
22:12:43.585,1000,0
22:12:43.598,1000,0
22:12:43.607,1000,0
22:12:43.618,1000,0
22:12:43.628,1000,0
22:12:43.637,1000,0
22:12:43.647,1000,0
22:12:43.658,1000,0
22:12:43.667,1000,0
22:12:43.677,1000,0
22:12:43.688,1000,0
22:12:43.697,1000,0
22:12:43.707,1000,0
22:12:43.717,1000,0
22:12:43.727,1000,0
22:12:43.738,1000,0
22:12:43.749,1000,0
22:12:43.757,1000,0
22:12:43.768,1000,0
22:12:43.780,1000,0
22:12:43.789,1000,0
22:12:43.799,1000,0
22:12:43.810,1000,0
22:12:43.819,1000,0
22:12:43.831,1000,0
22:12:43.843,1000,0
22:12:43.852,1000,0
22:12:43.864,1000,0
22:12:43.873,1000,0
22:12:43.883,1000,0
22:12:43.894,1000,0
22:12:43.903,1000,0
22:12:43.913,1000,0
22:12:43.923,1000,0
22:12:43.933,1000,0
22:12:43.946,1000,0
22:12:43.954,1000,0
22:12:43.967,1000,0
22:12:43.976,1000,0
22:12:43.986,1000,0
22:12:43.997,1000,0
22:12:44.007,1000,0
22:12:44.017,1000,0
22:12:44.028,1000,0
22:12:44.037,1000,0
22:12:44.047,1000,0
22:12:44.059,1000,0
22:12:44.067,1000,0
22:12:44.078,1000,0
22:12:44.089,1000,0
22:12:44.099,1000,0
22:12:44.110,1000,0
22:12:44.123,1000,0
22:12:44.131,1000,0
22:12:44.189,1000,0
22:12:44.197,1000,0
22:12:44.208,1000,0
22:12:44.218,1000,0
22:12:44.228,1000,0
22:12:44.239,1000,0
22:12:44.248,1000,0
22:12:44.258,1000,0
22:12:44.268,1000,0
22:12:44.279,1000,0
22:12:44.288,1000,0
22:12:44.299,1000,0
22:12:44.308,1000,0
22:12:44.318,1000,0
22:12:44.329,1000,0
22:12:44.338,1000,0
22:12:44.348,1000,0
22:12:44.365,1000,0
22:12:44.378,1000,0
22:12:44.390,1000,0
22:12:44.397,1000,0
22:12:44.406,1000,0
22:12:44.418,1000,0
22:12:44.428,1000,0
22:12:44.437,1000,0
22:12:44.452,1000,0
22:12:44.459,1000,0
22:12:44.472,1000,0
22:12:44.482,1000,0
22:12:44.492,1000,0
22:12:44.503,1000,0
22:12:44.512,1000,0
22:12:44.522,1000,0
22:12:44.532,1000,0
22:12:44.543,1000,0
22:12:44.555,1000,0
22:12:44.564,1000,0
22:12:44.573,1000,0
22:12:44.584,1000,0
22:12:44.593,1000,0
22:12:44.604,1000,0
22:12:44.613,1000,0
22:12:44.624,1000,0
22:12:44.634,1000,0
22:12:44.645,1000,0
22:12:44.655,1000,0
22:12:44.666,1000,0
22:12:44.676,1000,0
22:12:44.685,1000,0
22:12:44.695,1000,0
22:12:44.705,1000,0
22:12:44.715,1000,0
22:12:44.726,1000,0
22:12:44.736,1000,0
22:12:44.746,1000,0
22:12:44.756,1000,0
22:12:44.766,1000,0
22:12:44.776,1000,0
22:12:44.787,1000,0
22:12:44.798,1000,0
22:12:44.813,1000,0
22:12:44.819,1000,0
22:12:44.830,1000,0
22:12:44.842,1000,0
22:12:44.853,1000,0
22:12:44.862,1000,0
22:12:44.871,1000,0
22:12:44.881,1000,0
22:12:44.892,1000,0
22:12:44.901,1000,0
22:12:44.913,1000,0
22:12:44.921,1000,0
22:12:44.932,1000,0
22:12:44.942,1000,0
22:12:44.953,1000,0
22:12:44.962,1000,0
22:12:44.972,1000,0
22:12:44.982,1000,0
22:12:44.992,1000,0
22:12:45.002,1000,0
22:12:45.013,1000,0
22:12:45.025,1000,0
22:12:45.033,1000,0
22:12:45.044,1000,0
22:12:45.054,1000,0
22:12:45.069,1000,0
22:12:45.077,1000,0
22:12:45.112,1000,0
22:12:45.125,1000,0
22:12:45.136,1000,0
22:12:45.147,1000,0
22:12:45.156,1000,0
22:12:45.167,1000,0
22:12:45.177,1000,0
22:12:45.187,1000,0
22:12:45.197,1000,0
22:12:45.207,1000,0
22:12:45.218,1000,0
22:12:45.228,1000,0
22:12:45.238,1000,0
22:12:45.248,1000,0
22:12:45.258,1000,0
22:12:45.268,1000,0
22:12:45.280,1000,0
22:12:45.289,1000,0
22:12:45.299,1000,0
22:12:45.309,1000,0
22:12:45.320,1000,0
22:12:45.330,1000,0
22:12:45.341,1000,0
22:12:45.351,1000,0
22:12:45.361,1000,0
22:12:45.372,1000,0
22:12:45.382,1000,0
22:12:45.393,1000,0
22:12:45.404,1000,0
22:12:45.422,1000,0
22:12:45.437,1000,0
22:12:45.447,1000,0
22:12:45.458,1000,0
22:12:45.467,1000,0
22:12:45.478,1000,0
22:12:45.488,1000,0
22:12:45.499,1000,0
22:12:45.509,1000,0
22:12:45.520,1000,0
22:12:45.542,1000,0
22:12:45.549,1000,0
22:12:45.559,1000,0
22:12:45.568,1000,0
22:12:45.579,1000,0
22:12:45.589,1000,0
22:12:45.599,1000,0
22:12:45.610,1000,0
22:12:45.621,1000,0
22:12:45.629,1000,0
22:12:45.639,1000,0
22:12:45.652,1000,0
22:12:45.662,1000,0
22:12:45.672,1000,0
22:12:45.682,1000,0
22:12:45.692,1000,0
22:12:45.702,1000,0
22:12:45.716,1000,0
22:12:45.724,1000,0
22:12:45.735,1000,0
22:12:45.747,1000,0
22:12:45.757,1000,0
22:12:45.766,1000,0
22:12:45.777,1000,0
22:12:45.787,1000,0
22:12:45.798,1000,0
22:12:45.810,1000,0
22:12:45.888,1000,0
22:12:45.903,1000,0
22:12:45.923,1000,0
22:12:46.035,1000,0
22:12:46.070,1000,0
22:12:46.121,1000,0
22:12:46.140,1000,0
22:12:46.153,1000,0
22:12:46.174,1000,0
22:12:46.192,1000,0
22:12:46.215,1000,0
22:12:46.230,1000,0
22:12:46.254,1000,0
22:12:46.272,1000,0
22:12:46.288,1000,0
22:12:46.306,1000,0
22:12:46.325,1000,0
22:12:46.354,1000,0
22:12:46.370,1000,0
22:12:46.386,1000,0
22:12:46.403,1000,0
22:12:46.415,1000,0
22:12:46.419,1000,0
22:12:46.440,1000,0
22:12:46.457,1000,0
22:12:46.468,1000,0
22:12:46.473,1000,0
22:12:46.484,1000,0
22:12:46.496,1000,0
22:12:46.505,1000,0
22:12:46.514,1000,0
22:12:46.526,1000,0
22:12:46.535,1000,0
22:12:46.544,1000,0
22:12:46.554,1000,0
22:12:46.565,1000,0
22:12:46.575,1000,0
22:12:46.585,1000,0
22:12:46.598,1000,0
22:12:46.608,1000,0
22:12:46.618,1000,0
22:12:46.627,1000,0
22:12:46.640,1000,0
22:12:46.647,1000,0
22:12:46.657,1000,0
22:12:46.668,1000,0
22:12:46.678,1000,0
22:12:46.689,1000,0
22:12:46.699,1000,0
22:12:46.709,1000,0
22:12:46.718,1000,0
22:12:46.730,1000,0
22:12:46.740,1000,0
22:12:46.752,1000,0
22:12:46.763,1000,0
22:12:46.772,1000,0
22:12:46.784,1000,0
22:12:46.793,1000,0
22:12:46.804,1000,0
22:12:46.814,1000,0
22:12:46.825,1000,0
22:12:46.834,1000,0
22:12:46.844,1000,0
22:12:46.855,1000,0
22:12:46.864,1000,0
22:12:46.877,1000,0
22:12:46.888,1000,0
22:12:46.898,1000,0
22:12:46.910,1000,0
22:12:46.921,1000,0
22:12:46.930,1000,0
22:12:46.938,1000,0
22:12:46.948,1000,0
22:12:46.962,1000,0
22:12:46.968,1000,0
22:12:46.979,1000,0
22:12:46.999,1000,0
22:12:47.011,1000,0
22:12:47.022,1000,0
22:12:47.034,1000,0
22:12:47.045,1000,0
22:12:47.056,1000,0
22:12:47.065,1000,0
22:12:47.076,1000,0
22:12:47.087,1000,0
22:12:47.218,1000,0
22:12:47.308,1000,0
22:12:47.419,1000,0
22:12:47.725,1000,0
22:12:47.766,1000,0
22:12:47.775,1000,0
22:12:47.784,1000,0
22:12:47.796,1000,0
22:12:47.808,1000,0
22:12:47.817,1000,0
22:12:47.827,1000,0
22:12:47.839,1000,0
22:12:47.848,1000,0
22:12:47.858,1000,0
22:12:47.869,1000,0
22:12:47.880,1000,0
22:12:47.889,1000,0
22:12:47.899,1000,0
22:12:47.909,1000,0
22:12:47.921,1000,0
22:12:47.933,1000,0
22:12:47.941,1000,0
22:12:47.953,1000,0
22:12:47.962,1000,0
22:12:47.974,1000,0
22:12:47.986,1000,0
22:12:47.992,1000,0
22:12:48.005,1000,0
22:12:48.015,1000,0
22:12:48.024,1000,0
22:12:48.034,1000,0
22:12:48.050,1000,0
22:12:48.060,1000,0
22:12:48.067,1000,0
22:12:48.083,1000,0
22:12:48.088,1000,0
22:12:48.098,1000,0
22:12:48.110,1000,0
22:12:48.131,1000,0
22:12:48.173,1000,0
22:12:48.183,1000,0
22:12:48.189,1000,0
22:12:48.201,1000,0
22:12:48.214,1000,0
22:12:48.223,1000,0
22:12:48.233,1000,0
22:12:48.244,1000,0
22:12:48.254,1000,0
22:12:48.264,1000,0
22:12:48.274,1000,0
22:12:48.285,1000,0
22:12:48.296,1000,0
22:12:48.307,1000,0
22:12:48.317,1000,0
22:12:48.329,1000,0
22:12:48.341,1000,0
22:12:48.349,1000,0
22:12:48.360,1000,0
22:12:48.373,1000,0
22:12:48.382,1000,0
22:12:48.397,1000,0
22:12:48.405,1000,0
22:12:48.416,1000,0
22:12:48.428,1000,0
22:12:48.435,1000,0
22:12:48.446,1000,0
22:12:48.457,1000,0
22:12:48.467,1000,0
22:12:48.479,1000,0
22:12:48.487,1000,0
22:12:48.499,1000,0
22:12:48.509,1000,0
22:12:48.519,1000,0
22:12:48.529,1000,0
22:12:48.539,1000,0
22:12:48.549,1000,0
22:12:48.560,1000,0
22:12:48.571,1000,0
22:12:48.582,1000,0
22:12:48.593,1000,0
22:12:48.601,1000,0
22:12:48.613,1000,0
22:12:48.623,1000,0
22:12:48.640,1000,0
22:12:48.651,1000,0
22:12:48.673,1000,0
22:12:48.687,1000,0
22:12:48.703,1000,0
22:12:48.717,1000,0
22:12:48.736,1000,0
22:12:48.753,1000,0
22:12:48.769,1000,0
22:12:48.785,1000,0
22:12:48.801,1000,0
22:12:48.817,1000,0
22:12:48.832,1000,0
22:12:48.851,1000,0
22:12:48.868,1000,0
22:12:48.889,1000,0
22:12:48.914,1000,0
22:12:48.919,1000,0
22:12:48.929,1000,0
22:12:48.937,1000,0
22:12:48.949,1000,0
22:12:48.965,1000,0
22:12:48.969,1000,0
22:12:48.981,1000,0
22:12:48.989,1000,0
22:12:49.039,1000,0
22:12:49.046,1000,0
22:12:49.060,1000,0
22:12:49.069,1000,0
22:12:49.078,1000,0
22:12:49.090,1000,0
22:12:49.105,1000,0
22:12:49.162,1000,0
22:12:49.182,1000,0
22:12:49.565,1000,0
22:12:49.680,1000,0
22:12:49.738,1000,0
22:12:49.747,1000,0
22:12:49.756,1000,0
22:12:49.767,1000,0
22:12:49.777,1000,0
22:12:49.787,1000,0
22:12:49.800,1000,0
22:12:49.809,1000,0
22:12:49.820,1000,0
22:12:49.830,1000,0
22:12:49.839,1000,0
22:12:49.862,1000,0
22:12:49.870,1000,0
22:12:49.881,1000,0
22:12:49.892,1000,0
22:12:49.902,1000,0
22:12:49.912,1000,0
22:12:49.922,1000,0
22:12:49.932,1000,0
22:12:49.940,1000,0
22:12:49.953,1000,0
22:12:49.967,1000,0
22:12:49.974,1000,0
22:12:49.986,1000,0
22:12:49.996,1000,0
22:12:50.005,1000,0
22:12:50.017,1000,0
22:12:50.031,1000,0
22:12:50.036,1000,0
22:12:50.047,1000,0
22:12:50.057,1000,0
22:12:50.066,1000,0
22:12:50.077,1000,0
22:12:50.086,1000,0
22:12:50.098,1000,0
22:12:50.107,1000,0
22:12:50.117,1000,0
22:12:50.126,1000,0
22:12:50.156,1000,0
22:12:50.174,1000,0
22:12:50.179,1000,0
22:12:50.189,1000,0
22:12:50.200,1000,0
22:12:50.209,1000,0
22:12:50.219,1000,0
22:12:50.230,1000,0
22:12:50.239,1000,0
22:12:50.249,1000,0
22:12:50.260,1000,0
22:12:50.269,1000,0
22:12:50.280,1000,0
22:12:50.289,1000,0
22:12:50.299,1000,0
22:12:50.310,1000,0
22:12:50.322,1000,0
22:12:50.332,1000,0
22:12:50.342,1000,0
22:12:50.352,1000,0
22:12:50.362,1000,0
22:12:50.372,1000,0
22:12:50.382,1000,0
22:12:50.392,1000,0
22:12:50.402,1000,0
22:12:50.413,1000,0
22:12:50.422,1000,0
22:12:50.432,1000,0
22:12:50.442,1000,0
22:12:50.452,1000,0
22:12:50.462,1000,0
22:12:50.472,1000,0
22:12:50.482,1000,0
22:12:50.497,1000,0
22:12:50.502,1000,0
22:12:50.512,1000,0
22:12:50.522,1000,0
22:12:50.532,1000,0
22:12:50.544,1000,0
22:12:50.552,1000,0
22:12:50.563,1000,0
22:12:50.575,1000,0
22:12:50.583,1000,0
22:12:50.594,1000,0
22:12:50.611,1000,0
22:12:50.621,1000,0
22:12:50.630,1000,0
22:12:50.642,1000,0
22:12:50.651,1000,0
22:12:50.661,1000,0
22:12:50.674,1000,0
22:12:50.682,1000,0
22:12:50.693,1000,0
22:12:50.704,1000,0
22:12:50.713,1000,0
22:12:50.723,1000,0
22:12:50.733,1000,0
22:12:50.746,1000,0
22:12:50.754,1000,0
22:12:50.764,1000,0
22:12:50.776,1000,0
22:12:50.785,1000,0
22:12:50.795,1000,0
22:12:50.805,1000,0
22:12:50.815,1000,0
22:12:50.825,1000,0
22:12:50.835,1000,0
22:12:50.845,1000,0
22:12:50.856,1000,0
22:12:50.892,1000,0
22:12:50.909,1000,0
22:12:51.142,1000,0
22:12:51.161,1000,0
22:12:51.204,1000,0
22:12:51.219,1000,0
22:12:51.241,1000,0
22:12:51.253,1000,0
22:12:51.268,1000,0
22:12:51.288,1000,0
22:12:51.302,1000,0
22:12:51.320,1000,0
22:12:51.355,1000,0
22:12:51.362,1000,0
22:12:51.371,1000,0
22:12:51.383,1000,0
22:12:51.391,1000,0
22:12:51.403,1000,0
22:12:51.409,1000,0
22:12:51.421,1000,0
22:12:51.434,1000,0
22:12:51.453,1000,0
22:12:51.460,1000,0
22:12:51.471,1000,0
22:12:51.483,1000,0
22:12:51.492,1000,0
22:12:51.501,1000,0
22:12:51.512,1000,0
22:12:51.522,1000,0
22:12:51.533,1000,0
22:12:51.543,1000,0
22:12:51.553,1000,0
22:12:51.563,1000,0
22:12:51.573,1000,0
22:12:51.583,1000,0
22:12:51.594,1000,0
22:12:51.605,1000,0
22:12:51.614,1000,0
22:12:51.625,1000,0
22:12:51.637,1000,0
22:12:51.646,1000,0
22:12:51.657,1000,0
22:12:51.668,1000,0
22:12:51.679,1000,0
22:12:51.689,1000,0
22:12:51.699,1000,0
22:12:51.709,1000,0
22:12:51.719,1000,0
22:12:51.732,1000,0
22:12:51.740,1000,0
22:12:51.749,1000,0
22:12:51.760,1000,0
22:12:51.770,1000,0
22:12:51.780,1000,0
22:12:51.790,1000,0
22:12:51.800,1000,0
22:12:51.811,1000,0
22:12:51.821,1000,0
22:12:51.834,1000,0
22:12:51.842,1000,0
22:12:51.854,1000,0
22:12:51.863,1000,0
22:12:51.874,1000,0
22:12:51.884,1000,0
22:12:51.895,1000,0
22:12:51.905,1000,0
22:12:51.917,1000,0
22:12:51.925,1000,0
22:12:51.936,1000,0
22:12:51.947,1000,0
22:12:51.956,1000,0
22:12:51.968,1000,0
22:12:51.978,1000,0
22:12:51.989,1000,0
22:12:52.001,1000,0
22:12:52.014,1000,0
22:12:52.021,1000,0
22:12:52.036,1000,0
22:12:52.041,1000,0
22:12:52.051,1000,0
22:12:52.061,1000,0
22:12:52.072,1000,0
22:12:52.080,1000,0
22:12:52.091,1000,0
22:12:52.101,1000,0
22:12:52.111,1000,0
22:12:52.121,1000,0
22:12:52.131,1000,0
22:12:52.141,1000,0
22:12:52.150,1000,0
22:12:52.161,1000,0
22:12:52.171,1000,0
22:12:52.181,1000,0
22:12:52.191,1000,0
22:12:52.201,1000,0
22:12:52.211,1000,0
22:12:52.222,1000,0
22:12:52.231,1000,0
22:12:52.242,1000,0
22:12:52.253,1000,0
22:12:52.263,1000,0
22:12:52.274,1000,0
22:12:52.286,1000,0
22:12:52.296,1000,0
22:12:52.306,1000,0
22:12:52.315,1000,0
22:12:52.326,1000,0
22:12:52.337,1000,0
22:12:52.347,1000,0
22:12:52.357,1000,0
22:12:52.367,1000,0
22:12:52.378,1000,0
22:12:52.388,1000,0
22:12:52.398,1000,0
22:12:52.408,1000,0
22:12:52.417,1000,0
22:12:52.429,1000,0
22:12:52.438,1000,0
22:12:52.447,1000,0
22:12:52.459,1000,0
22:12:52.468,1000,0
22:12:52.478,1000,0
22:12:52.489,1000,0
22:12:52.498,1000,0
22:12:52.508,1000,0
22:12:52.518,1000,0
22:12:52.528,1000,0
22:12:52.539,1000,0
22:12:52.551,1000,0
22:12:52.560,1000,0
22:12:52.571,1000,0
22:12:52.581,1000,0
22:12:52.593,1000,0
22:12:52.603,1000,0
22:12:52.614,1000,0
22:12:52.624,1000,0
22:12:52.636,1000,0
22:12:52.649,1000,0
22:12:52.658,1000,0
22:12:52.668,1000,0
22:12:52.677,1000,0
22:12:52.687,1000,0
22:12:52.698,1000,0
22:12:52.708,1000,0
22:12:52.717,1000,0
22:12:52.728,1000,0
22:12:52.757,1000,0
22:12:52.792,1000,0
22:12:52.937,1000,0
22:12:52.947,1000,0
22:12:52.977,1000,0
22:12:53.007,1000,0
22:12:53.031,1000,0
22:12:53.041,1000,0
22:12:53.067,1000,0
22:12:53.082,1000,0
22:12:53.110,1000,0
22:12:53.130,1000,0
22:12:53.138,1000,0
22:12:53.164,1000,0
22:12:53.190,1000,0
22:12:53.203,1000,0
22:12:53.217,1000,0
22:12:53.231,1000,0
22:12:53.239,1000,0
22:12:53.259,1000,0
22:12:53.277,1000,0
22:12:53.289,1000,0
22:12:53.310,1000,0
22:12:53.321,1000,0
22:12:53.339,1000,0
22:12:53.355,1000,0
22:12:53.373,1000,0
22:12:53.395,1000,0
22:12:53.409,1000,0
22:12:53.423,1000,0
22:12:53.442,1000,0
22:12:53.457,1000,0
22:12:53.476,1000,0
22:12:53.490,1000,0
22:12:53.509,1000,0
22:12:53.533,1000,0
22:12:53.552,1000,0
22:12:53.566,1000,0
22:12:53.574,1000,0
22:12:53.592,1000,0
22:12:53.604,1000,0
22:12:53.623,1000,0
22:12:53.641,1000,0
22:12:53.657,1000,0
22:12:53.675,1000,0
22:12:53.688,1000,0
22:12:53.693,1000,0
22:12:53.708,1000,0
22:12:53.725,1000,0
22:12:53.738,1000,0
22:12:53.755,1000,0
22:12:53.773,1000,0
22:12:53.790,1250,0
22:12:53.803,1250,0
22:12:53.820,1250,0
22:12:53.837,1250,0
22:12:53.852,1250,0
22:12:53.886,1250,0
22:12:53.902,1250,0
22:12:53.919,1250,0
22:12:53.939,1250,0
22:12:53.956,1250,0
22:12:53.972,1250,0
22:12:53.987,1250,0
22:12:54.003,1250,0
22:12:54.007,1250,0
22:12:54.023,1250,0
22:12:54.037,1250,0
22:12:54.057,1250,0
22:12:54.073,1250,0
22:12:54.088,1250,1773.0496
22:12:54.106,1250,1773.0496
22:12:54.120,1250,1773.0496
22:12:54.142,1250,2753.3037
22:12:54.154,1250,2753.3037
22:12:54.171,1250,3489.9954
22:12:54.189,1250,3489.9954
22:12:54.208,1250,3489.9954
22:12:54.225,1250,3969.304
22:12:54.240,1250,3969.304
22:12:54.258,1250,4427.391
22:12:54.272,1250,4427.391
22:12:54.289,1250,4427.391
22:12:54.303,1250,4873.2944
22:12:54.325,1250,4873.2944
22:12:54.339,1250,5300.3535
22:12:54.357,1250,5300.3535
22:12:54.379,1250,5707.7627
22:12:54.389,1250,5707.7627
22:12:54.407,1250,5707.7627
22:12:54.420,1250,6102.522
22:12:54.441,1250,6102.522
22:12:54.462,1250,6448.839
22:12:54.473,1250,6448.839
22:12:54.490,1250,6448.839
22:12:54.517,1250,7025.761
22:12:54.527,1250,7025.761
22:12:54.538,1250,7260.4067
22:12:54.553,1250,7260.4067
22:12:54.571,1250,7260.4067
22:12:54.587,1250,7672.6343
22:12:54.608,1250,7672.6343
22:12:54.623,1250,7861.6353
22:12:54.637,1250,7861.6353
22:12:54.657,1250,7861.6353
22:12:54.669,1250,8021.39
22:12:54.688,1250,8021.39
22:12:54.705,1250,8187.7734
22:12:54.722,1250,8187.7734
22:12:54.738,1250,8187.7734
22:12:54.756,1250,8337.966
22:12:54.772,1250,8337.966
22:12:54.789,1250,8849.558
22:12:54.807,1250,8849.558
22:12:54.821,1250,9264.979
22:12:54.837,1250,9264.979
22:12:54.855,1250,9264.979
22:12:54.870,1250,9590.793
22:12:54.889,1250,9590.793
22:12:54.908,1250,9590.793
22:12:54.919,1250,9881.423
22:12:54.937,1250,9881.423
22:12:54.952,1250,10155.722
22:12:54.972,1250,10155.722
22:12:54.990,1250,10416.667
22:12:55.005,1250,10416.667
22:12:55.020,1250,10416.667
22:12:55.035,1250,10623.2295
22:12:55.058,1250,10623.2295
22:12:55.061,1250,10623.2295
22:12:55.069,1250,10822.511
22:12:55.088,1250,10822.511
22:12:55.108,1250,10822.511
22:12:55.121,1250,11013.215
22:12:55.138,1250,11013.215
22:12:55.155,1250,11152.417
22:12:55.170,1250,11152.417
22:12:55.186,1250,11152.417
22:12:55.203,1250,11219.146
22:12:55.219,1250,11219.146
22:12:55.239,1250,11303.693
22:12:55.256,1250,11303.693
22:12:55.272,1250,11398.176
22:12:55.289,1250,11398.176
22:12:55.303,1250,11398.176
22:12:55.320,1250,11459.129
22:12:55.337,1250,11459.129
22:12:55.355,1250,11459.129
22:12:55.372,1250,11529.593
22:12:55.389,1250,11529.593
22:12:55.405,1250,11574.074
22:12:55.421,1250,11574.074
22:12:55.437,1250,11609.907
22:12:55.456,1250,11609.907
22:12:55.469,1250,11609.907
22:12:55.490,1250,11645.963
22:12:55.503,1250,11645.963
22:12:55.522,1250,11655.012
22:12:55.536,1250,11655.012
22:12:55.552,1250,11655.012
22:12:55.570,1250,11645.963
22:12:55.587,1250,11645.963
22:12:55.603,1250,11718.75
22:12:55.620,1250,11718.75
22:12:55.638,1250,11718.75
22:12:55.655,1250,11718.75
22:12:55.672,1250,11718.75
22:12:55.687,1250,11746.281
22:12:55.707,1250,11746.281
22:12:55.722,1250,11764.706
22:12:55.735,1250,11764.706
22:12:55.752,1250,11764.706
22:12:55.769,1250,11773.939
22:12:55.787,1250,11773.939
22:12:55.803,1250,11773.939
22:12:55.820,1250,11773.939
22:12:55.838,1250,11773.939
22:12:55.856,1250,11792.453
22:12:55.869,1250,11792.453
22:12:55.891,1250,11764.706
22:12:55.904,1250,11764.706
22:12:55.927,1250,11764.706
22:12:55.939,1250,11820.331
22:12:55.954,1250,11820.331
22:12:55.972,1250,11792.453
22:12:55.992,1250,11792.453
22:12:56.002,1250,11792.453
22:12:56.024,1250,11829.653
22:12:56.037,1250,11829.653
22:12:56.053,1250,11829.653
22:12:56.069,1250,11829.653
22:12:56.086,1250,11829.653
22:12:56.103,1250,11792.453
22:12:56.123,1250,11792.453
22:12:56.137,1250,11838.99
22:12:56.155,1250,11838.99
22:12:56.172,1250,11838.99
22:12:56.186,1250,11838.99
22:12:56.206,1250,11838.99
22:12:56.223,1250,11820.331
22:12:56.237,1250,11820.331
22:12:56.254,1250,11838.99
22:12:56.269,1250,11838.99
22:12:56.288,1250,11838.99
22:12:56.307,1250,11838.99
22:12:56.324,1250,11838.99
22:12:56.342,1250,11848.341
22:12:56.359,1250,11848.341
22:12:56.376,1250,11848.341
22:12:56.398,1250,11848.341
22:12:56.406,1250,11848.341
22:12:56.428,1250,11838.99
22:12:56.432,1250,11838.99
22:12:56.447,1250,11838.99
22:12:56.459,1250,11857.708
22:12:56.481,1250,11857.708
22:12:56.494,1250,11857.708
22:12:56.509,1250,11857.708
22:12:56.524,1250,11857.708
22:12:56.538,1250,11848.341
22:12:56.555,1250,11848.341
22:12:56.574,1250,11848.341
22:12:56.590,1250,11848.341
22:12:56.604,1250,11848.341
22:12:56.623,1250,11848.341
22:12:56.638,1250,11848.341
22:12:56.655,1250,11848.341
22:12:56.673,1250,11848.341
22:12:56.689,1250,11848.341
22:12:56.704,1250,11848.341
22:12:56.722,1250,11848.341
22:12:56.739,1250,11848.341
22:12:56.757,1250,11848.341
22:12:56.773,1250,11848.341
22:12:56.788,1250,11848.341
22:12:56.804,1250,11848.341
22:12:56.822,1250,11848.341
22:12:56.854,1250,11848.341
22:12:56.867,1250,11857.708
22:12:56.884,1250,11857.708
22:12:56.902,1250,11857.708
22:12:56.918,1250,11857.708
22:12:56.929,1250,11857.708
22:12:56.942,1250,11857.708
22:12:56.964,1250,11857.708
22:12:56.979,1250,11857.708
22:12:56.996,1250,11867.089
22:12:57.006,1250,11867.089
22:12:57.023,1250,11867.089
22:12:57.037,1250,11867.089
22:12:57.056,1250,11848.341
22:12:57.072,1250,11848.341
22:12:57.091,1250,11867.089
22:12:57.103,1250,11867.089
22:12:57.120,1250,11867.089
22:12:57.136,1250,11867.089
22:12:57.155,1250,11867.089
22:12:57.172,1250,11857.708
22:12:57.187,1250,11857.708
22:12:57.206,1250,11876.485
22:12:57.220,1250,11876.485
22:12:57.239,1250,11876.485
22:12:57.254,1250,11838.99
22:12:57.271,1250,11838.99
22:12:57.291,1250,11867.089
22:12:57.304,1250,11867.089
22:12:57.321,1250,11867.089
22:12:57.336,1250,11867.089
22:12:57.359,1250,11867.089
22:12:57.372,1250,11838.99
22:12:57.389,1250,11838.99
22:12:57.408,1250,11838.99
22:12:57.420,1250,11857.708
22:12:57.442,1250,11857.708
22:12:57.457,1250,11848.341
22:12:57.486,1250,11848.341
22:12:57.497,1250,11857.708
22:12:57.533,1250,11857.708
22:12:57.540,1250,11820.331
22:12:57.563,1250,11820.331
22:12:57.574,1250,11857.708
22:12:57.591,1250,11857.708
22:12:57.610,1250,11848.341
22:12:57.623,1250,11848.341
22:12:57.638,1250,11848.341
22:12:57.658,1250,11848.341
22:12:57.681,1250,11848.341
22:12:57.687,1250,11848.341
22:12:57.707,1250,11848.341
22:12:57.724,1250,11848.341
22:12:57.741,1250,11838.99
22:12:57.756,1250,11838.99
22:12:57.773,1250,11838.99
22:12:57.790,1250,11838.99
22:12:57.806,1250,11838.99
22:12:57.821,1250,11838.99
22:12:57.840,1250,11838.99
22:12:57.859,1250,11838.99
22:12:57.872,1250,11848.341
22:12:57.893,1250,11848.341
22:12:57.905,1250,11811.023
22:12:57.922,1250,11811.023
22:12:57.937,1250,11811.023
22:12:57.958,1250,11829.653
22:12:57.973,1250,11829.653
22:12:57.993,1250,11811.023
22:12:58.006,1250,11811.023
22:12:58.031,1250,11838.99
22:12:58.038,1250,11838.99
22:12:58.057,1250,11838.99
22:12:58.071,1250,11829.653
22:12:58.091,1250,11829.653
22:12:58.105,1250,11829.653
22:12:58.123,1250,11829.653
22:12:58.141,1250,11829.653
22:12:58.158,1250,11838.99
22:12:58.173,1250,11838.99
22:12:58.191,1250,11829.653
22:12:58.207,1250,11829.653
22:12:58.225,1250,11829.653
22:12:58.240,1250,11829.653
22:12:58.260,1250,11829.653
22:12:58.280,1250,11838.99
22:12:58.292,1250,11838.99
22:12:58.308,1250,11838.99
22:12:58.323,1250,11829.653
22:12:58.341,1250,11829.653
22:12:58.358,1250,11829.653
22:12:58.373,1250,11829.653
22:12:58.387,1250,11829.653
22:12:58.404,1250,11838.99
22:12:58.421,1250,11838.99
22:12:58.437,1250,11829.653
22:12:58.458,1250,11829.653
22:12:58.473,1250,11829.653
22:12:58.490,1250,11829.653
22:12:58.508,1250,11829.653
22:12:58.524,1250,11829.653
22:12:58.541,1250,11829.653
22:12:58.559,1250,11848.341
22:12:58.573,1250,11848.341
22:12:58.590,1250,11848.341
22:12:58.604,1250,11838.99
22:12:58.621,1250,11838.99
22:12:58.637,1250,11820.331
22:12:58.654,1250,11820.331
22:12:58.672,1250,11820.331
22:12:58.691,1250,11848.341
22:12:58.707,1250,11848.341
22:12:58.725,1250,11820.331
22:12:58.741,1250,11820.331
22:12:58.758,1250,11820.331
22:12:58.772,1250,11848.341
22:12:58.789,1250,11848.341
22:12:58.806,1250,11848.341
22:12:58.822,1250,11848.341
22:12:58.842,1250,11848.341
22:12:58.860,1250,11838.99
22:12:58.873,1250,11838.99
22:12:58.893,1250,11848.341
22:12:58.908,1250,11848.341
22:12:58.923,1250,11848.341
22:12:58.942,1250,11848.341
22:12:58.958,1250,11848.341
22:12:58.972,1250,11820.331
22:12:58.988,1250,11820.331
22:12:59.005,1250,11820.331
22:12:59.021,1250,11848.341
22:12:59.039,1250,11848.341
22:12:59.059,1250,11857.708
22:12:59.073,1250,11857.708
22:12:59.091,1250,11848.341
22:12:59.109,1250,11848.341
22:12:59.124,1250,11848.341
22:12:59.142,1250,11848.341
22:12:59.158,1250,11848.341
22:12:59.177,1250,11848.341
22:12:59.192,1250,11848.341
22:12:59.207,1250,11848.341
22:12:59.222,1250,11848.341
22:12:59.239,1250,11848.341
22:12:59.255,1250,11848.341
22:12:59.273,1250,11848.341
22:12:59.292,1250,11848.341
22:12:59.309,1250,11848.341
22:12:59.325,1250,11848.341
22:12:59.343,1250,11848.341
22:12:59.359,1250,11848.341
22:12:59.376,1250,11838.99
22:12:59.391,1250,11838.99
22:12:59.407,1250,11838.99
22:12:59.421,1250,11838.99
22:12:59.439,1250,11838.99
22:12:59.458,1250,11838.99
22:12:59.472,1250,11838.99
22:12:59.491,1250,11838.99
22:12:59.508,1250,11838.99
22:12:59.524,1250,11838.99
22:12:59.549,1250,11848.341
22:12:59.559,1250,11848.341
22:12:59.586,1250,11848.341
22:12:59.596,1250,11838.99
22:12:59.616,1250,11838.99
22:12:59.641,1250,11857.708
22:12:59.646,1250,11848.341
22:12:59.659,1250,11848.341
22:12:59.675,1250,11848.341
22:12:59.692,1250,11848.341
22:12:59.710,1250,11848.341
22:12:59.727,1250,11848.341
22:12:59.744,1250,11857.708
22:12:59.760,1250,11857.708
22:12:59.778,1250,11857.708
22:12:59.788,1250,11829.653
22:12:59.806,1250,11829.653
22:12:59.822,1250,11848.341
22:12:59.840,1250,11848.341
22:12:59.858,1250,11848.341
22:12:59.875,1250,11848.341
22:12:59.894,1250,11848.341
22:12:59.908,1250,11848.341
22:12:59.922,1250,11848.341
22:12:59.941,1250,11848.341
22:12:59.958,1250,11848.341
22:12:59.973,1250,11848.341
22:12:59.991,1250,11848.341
22:13:00.008,1250,11848.341
22:13:00.032,1250,11848.341
22:13:00.040,1250,11848.341
22:13:00.071,1250,11848.341
22:13:00.090,1250,11848.341
22:13:00.108,1250,11857.708
22:13:00.126,1250,11857.708
22:13:00.141,1250,11857.708
22:13:00.159,1250,11848.341
22:13:00.180,1250,11848.341
22:13:00.193,1250,11848.341
22:13:00.207,1250,11848.341
22:13:00.222,1250,11848.341
22:13:00.241,1250,11838.99
22:13:00.256,1250,11838.99
22:13:00.274,1250,11829.653
22:13:00.291,1250,11829.653
22:13:00.308,1250,11829.653
22:13:00.321,1250,11848.341
22:13:00.337,1250,11848.341
22:13:00.357,1250,11820.331
22:13:00.376,1250,11820.331
22:13:00.388,1250,11838.99
22:13:00.408,1250,11838.99
22:13:00.423,1250,11838.99
22:13:00.442,1250,11838.99
22:13:00.457,1250,11838.99
22:13:00.479,1250,11838.99
22:13:00.492,1250,11838.99
22:13:00.508,1250,11838.99
22:13:00.522,1250,11838.99
22:13:00.538,1250,11838.99
22:13:00.554,1250,11820.331
22:13:00.574,1250,11820.331
22:13:00.588,1250,11820.331
22:13:00.603,1250,11829.653
22:13:00.621,1250,11829.653
22:13:00.641,1250,11829.653
22:13:00.656,1250,11829.653
22:13:00.673,1250,11801.73
22:13:00.687,1250,11801.73
22:13:00.705,1250,11801.73
22:13:00.722,1250,11801.73
22:13:00.738,1250,11801.73
22:13:00.755,1250,11801.73
22:13:00.774,1250,11820.331
22:13:00.788,1250,11820.331
22:13:00.804,1250,11820.331
22:13:00.821,1250,11820.331
22:13:00.841,1250,11820.331
22:13:00.857,1250,11820.331
22:13:00.877,1250,11820.331
22:13:00.889,1250,11820.331
22:13:00.907,1250,11820.331
22:13:00.926,1250,11820.331
22:13:00.941,1250,11820.331
22:13:00.958,1250,11820.331
22:13:00.976,1250,11820.331
22:13:00.989,1250,11820.331
22:13:01.007,1250,11820.331
22:13:01.025,1250,11820.331
22:13:01.042,1250,11820.331
22:13:01.059,1250,11820.331
22:13:01.072,1250,11820.331
22:13:01.092,1250,11829.653
22:13:01.107,1250,11829.653
22:13:01.122,1250,11792.453
22:13:01.139,1250,11792.453
22:13:01.154,1250,11792.453
22:13:01.173,1250,11838.99
22:13:01.192,1250,11838.99
22:13:01.204,1250,11838.99
22:13:01.222,1250,11838.99
22:13:01.237,1250,11838.99
22:13:01.255,1250,11820.331
22:13:01.271,1250,11820.331
22:13:01.289,1250,11820.331
22:13:01.305,1250,11820.331
22:13:01.321,1250,11820.331
22:13:01.340,1250,11820.331
22:13:01.356,1250,11820.331
22:13:01.375,1250,11820.331
22:13:01.386,1250,11820.331
22:13:01.403,1250,11820.331
22:13:01.422,1250,11829.653
22:13:01.439,1250,11829.653
22:13:01.453,1250,11820.331
22:13:01.470,1250,11820.331
22:13:01.490,1250,11820.331
22:13:01.509,1250,11829.653
22:13:01.526,1250,11829.653
22:13:01.542,1250,11829.653
22:13:01.557,1250,11829.653
22:13:01.573,1250,11820.331
22:13:01.588,1250,11820.331
22:13:01.603,1250,11820.331
22:13:01.622,1250,11801.73
22:13:01.640,1250,11801.73
22:13:01.656,1250,11820.331
22:13:01.671,1250,11820.331
22:13:01.687,1250,11820.331
22:13:01.710,1250,11829.653
22:13:01.721,1250,11829.653
22:13:01.738,1250,11829.653
22:13:01.753,1250,11829.653
22:13:01.772,1250,11829.653
22:13:01.788,1250,11811.023
22:13:01.804,1250,11811.023
22:13:01.821,1250,11838.99
22:13:01.838,1250,11838.99
22:13:01.854,1250,11838.99
22:13:01.873,1250,11838.99
22:13:01.890,1250,11838.99
22:13:01.909,1250,11820.331
22:13:01.923,1250,11820.331
22:13:01.942,1250,11801.73
22:13:01.955,1250,11801.73
22:13:01.973,1250,11801.73
22:13:01.990,1250,11838.99
22:13:02.004,1250,11838.99
22:13:02.022,1250,11829.653
22:13:02.040,1250,11829.653
22:13:02.054,1250,11829.653
22:13:02.071,1250,11838.99
22:13:02.087,1250,11838.99
22:13:02.103,1250,11811.023
22:13:02.122,1250,11811.023
22:13:02.139,1250,11811.023
22:13:02.181,1250,11820.331
22:13:02.189,1250,11829.653
22:13:02.202,1250,11829.653
22:13:02.215,1250,11829.653
22:13:02.233,1250,11829.653
22:13:02.243,1250,11829.653
22:13:02.265,1250,11829.653
22:13:02.272,1250,11829.653
22:13:02.292,1250,11829.653
22:13:02.307,1250,11829.653
22:13:02.322,1250,11829.653
22:13:02.338,1250,11829.653
22:13:02.356,1250,11838.99
22:13:02.375,1250,11838.99
22:13:02.391,1250,11838.99
22:13:02.407,1250,11838.99
22:13:02.422,1250,11838.99
22:13:02.438,1250,11829.653
22:13:02.458,1250,11829.653
22:13:02.471,1250,11838.99
22:13:02.489,1250,11838.99
22:13:02.504,1250,11838.99
22:13:02.522,1250,11838.99
22:13:02.538,1250,11838.99
22:13:02.557,1250,11838.99
22:13:02.573,1250,11838.99
22:13:02.591,1250,11838.99
22:13:02.607,1250,11838.99
22:13:02.625,1250,11838.99
22:13:02.641,1250,11838.99
22:13:02.658,1250,11838.99
22:13:02.673,1250,11838.99
22:13:02.691,1250,11829.653
22:13:02.706,1250,11829.653
22:13:02.722,1250,11829.653
22:13:02.738,1250,11829.653
22:13:02.755,1250,11829.653
22:13:02.771,1250,11811.023
22:13:02.793,1250,11811.023
22:13:02.809,1250,11829.653
22:13:02.823,1250,11829.653
22:13:02.842,1250,11820.331
22:13:02.855,1250,11820.331
22:13:02.876,1250,11820.331
22:13:02.888,1250,11801.73
22:13:02.910,1250,11801.73
22:13:02.932,1250,11820.331
22:13:02.947,1250,11820.331
22:13:02.968,1250,11820.331
22:13:03.004,1250,11811.023
22:13:03.021,1250,11820.331
22:13:03.032,1250,11820.331
22:13:03.043,1250,11801.73
22:13:03.058,1250,11801.73
22:13:03.072,1250,11801.73
22:13:03.088,1250,11829.653
22:13:03.105,1250,11829.653
22:13:03.121,1250,11829.653
22:13:03.138,1250,11838.99
22:13:03.155,1250,11838.99
22:13:03.171,1250,11838.99
22:13:03.188,1250,11838.99
22:13:03.205,1250,11801.73
22:13:03.222,1250,11801.73
22:13:03.238,1250,11801.73
22:13:03.255,1250,11838.99
22:13:03.272,1250,11838.99
22:13:03.291,1250,11838.99
22:13:03.308,1250,11838.99
22:13:03.322,1250,11848.341
22:13:03.341,1250,11848.341
22:13:03.358,1250,11848.341
22:13:03.373,1250,11838.99
22:13:03.391,1250,11838.99
22:13:03.405,1250,11848.341
22:13:03.423,1250,11848.341
22:13:03.439,1250,11848.341
22:13:03.457,1250,11848.341
22:13:03.475,1250,11848.341
22:13:03.489,1250,11848.341
22:13:03.506,1250,11848.341
22:13:03.521,1250,11848.341
22:13:03.538,1250,11848.341
22:13:03.555,1250,11848.341
22:13:03.572,1250,11829.653
22:13:03.589,1250,11829.653
22:13:03.607,1250,11829.653
22:13:03.623,1250,11820.331
22:13:03.641,1250,11820.331
22:13:03.657,1250,11838.99
22:13:03.672,1250,11838.99
22:13:03.689,1250,11838.99
22:13:03.709,1250,11838.99
22:13:03.725,1250,11838.99
22:13:03.738,1250,11838.99
22:13:03.759,1250,11838.99
22:13:03.776,1250,11838.99
22:13:03.792,1250,11838.99
22:13:03.806,1250,11838.99
22:13:03.824,1250,11838.99
22:13:03.841,1250,11838.99
22:13:03.858,1250,11829.653
22:13:03.888,1250,11829.653
22:13:03.892,1250,11801.73
22:13:03.909,1250,11801.73
22:13:03.922,1250,11801.73
22:13:03.940,1250,11829.653
22:13:03.956,1250,11829.653
22:13:03.972,1250,11829.653
22:13:03.992,1250,11829.653
22:13:04.007,1250,11829.653
22:13:04.022,1250,11829.653
22:13:04.041,1250,11829.653
22:13:04.055,1250,11829.653
22:13:04.071,1250,11820.331
22:13:04.087,1250,11820.331
22:13:04.104,1250,11829.653
22:13:04.121,1250,11829.653
22:13:04.137,1250,11829.653
22:13:04.158,1250,11829.653
22:13:04.172,1250,11829.653
22:13:04.187,1250,11838.99
22:13:04.204,1250,11838.99
22:13:04.221,1250,11838.99
22:13:04.237,1250,11838.99
22:13:04.257,1250,11838.99
22:13:04.270,1250,11829.653
22:13:04.288,1250,11829.653
22:13:04.307,1250,11838.99
22:13:04.327,1250,11838.99
22:13:04.340,1250,11820.331
22:13:04.357,1250,11820.331
22:13:04.371,1250,11820.331
22:13:04.387,1250,11792.453
22:13:04.408,1250,11792.453
22:13:04.422,1250,11848.341
22:13:04.442,1250,11848.341
22:13:04.458,1250,11848.341
22:13:04.475,1250,11838.99
22:13:04.491,1250,11838.99
22:13:04.506,1250,11838.99
22:13:04.524,1250,11838.99
22:13:04.541,1250,11838.99
22:13:04.558,1250,11848.341
22:13:04.576,1250,11848.341
22:13:04.595,1250,11848.341
22:13:04.613,1250,11848.341
22:13:04.626,1250,11848.341
22:13:04.637,1250,11848.341
22:13:04.657,1250,11848.341
22:13:04.675,1250,11857.708
22:13:04.690,1250,11857.708
22:13:04.706,1250,11857.708
22:13:04.728,1250,11820.331
22:13:04.742,1250,11820.331
22:13:04.760,1250,11848.341
22:13:04.774,1250,11848.341
22:13:04.792,1250,11848.341
22:13:04.810,1250,11857.708
22:13:04.826,1250,11857.708
22:13:04.839,1250,11848.341
22:13:04.859,1250,11848.341
22:13:04.872,1250,11857.708
22:13:04.888,1250,11857.708
22:13:04.912,1250,11857.708
22:13:04.922,1250,11848.341
22:13:04.941,1250,11848.341
22:13:04.958,1250,11829.653
22:13:04.972,1250,11829.653
22:13:04.991,1250,11829.653
22:13:05.007,1250,11857.708
22:13:05.023,1250,11857.708
22:13:05.038,1250,11848.341
22:13:05.054,1250,11848.341
22:13:05.073,1250,11848.341
22:13:05.089,1250,11829.653
22:13:05.105,1250,11829.653
22:13:05.121,1250,11820.331
22:13:05.139,1250,11820.331
22:13:05.155,1250,11820.331
22:13:05.172,1250,11838.99
22:13:05.189,1250,11838.99
22:13:05.208,1250,11811.023
22:13:05.222,1250,11811.023
22:13:05.240,1250,11829.653
22:13:05.256,1250,11829.653
22:13:05.273,1250,11829.653
22:13:05.292,1250,11820.331
22:13:05.310,1250,11820.331
22:13:05.322,1250,11838.99
22:13:05.342,1250,11838.99
22:13:05.358,1250,11838.99
22:13:05.373,1250,11838.99
22:13:05.391,1250,11838.99
22:13:05.410,1250,11829.653
22:13:05.425,1250,11829.653
22:13:05.442,1250,11829.653
22:13:05.458,1250,11811.023
22:13:05.473,1250,11811.023
22:13:05.491,1250,11829.653
22:13:05.508,1250,11829.653
22:13:05.526,1250,11829.653
22:13:05.539,1250,11801.73
22:13:05.560,1250,11801.73
22:13:05.572,1250,11829.653
22:13:05.590,1250,11829.653
22:13:05.608,1250,11829.653
22:13:05.627,1250,11820.331
22:13:05.642,1250,11820.331
22:13:05.655,1250,11820.331
22:13:05.676,1250,11820.331
22:13:05.691,1250,11783.189
22:13:05.708,1250,11783.189
22:13:05.726,1250,11783.189
22:13:05.742,1250,11829.653
22:13:05.759,1250,11829.653
22:13:05.773,1250,11838.99
22:13:05.792,1250,11838.99
22:13:05.808,1250,11838.99
22:13:05.831,1250,11811.023
22:13:05.842,1250,11811.023
22:13:05.859,1250,11820.331
22:13:05.872,1250,11820.331
22:13:05.892,1250,11820.331
22:13:05.913,1250,11829.653
22:13:05.924,1250,11829.653
22:13:05.944,1250,11820.331
22:13:05.959,1250,11820.331
22:13:05.975,1250,11820.331
22:13:06.001,1250,11820.331
22:13:06.009,1250,11820.331
22:13:06.031,1250,11820.331
22:13:06.043,1250,11820.331
22:13:06.055,1250,11820.331
22:13:06.073,1250,11820.331
22:13:06.093,1250,11820.331
22:13:06.108,1250,11811.023
22:13:06.123,1250,11811.023
22:13:06.143,1250,11820.331
22:13:06.159,1250,11820.331
22:13:06.173,1250,11820.331
22:13:06.192,1250,11820.331
22:13:06.207,1250,11820.331
22:13:06.223,1250,11829.653
22:13:06.243,1250,11829.653
22:13:06.264,1250,11820.331
22:13:06.273,1250,11820.331
22:13:06.291,1250,11820.331
22:13:06.306,1250,11811.023
22:13:06.312,1250,11811.023
22:13:06.326,1250,11811.023
22:13:06.339,1250,11838.99
22:13:06.355,1250,11838.99
22:13:06.374,1250,11838.99
22:13:06.392,1250,11811.023
22:13:06.406,1250,11811.023
22:13:06.423,1250,11838.99
22:13:06.441,1250,11838.99
22:13:06.456,1250,11838.99
22:13:06.474,1250,11829.653
22:13:06.488,1250,11829.653
22:13:06.505,1250,11811.023
22:13:06.522,1250,11811.023
22:13:06.542,1250,11811.023
22:13:06.556,1250,11838.99
22:13:06.572,1250,11838.99
22:13:06.590,1250,11829.653
22:13:06.608,1250,11829.653
22:13:06.622,1250,11829.653
22:13:06.638,1250,11838.99
22:13:06.654,1250,11838.99
22:13:06.672,1250,11838.99
22:13:06.692,1250,11838.99
22:13:06.706,1250,11820.331
22:13:06.723,1250,11820.331
22:13:06.740,1250,11820.331
22:13:06.760,1250,11838.99
22:13:06.772,1250,11838.99
22:13:06.804,1250,11829.653
22:13:06.824,1250,11829.653
22:13:06.841,1250,11820.331
22:13:06.855,1250,11820.331
22:13:06.871,1250,11838.99
22:13:06.896,1250,11838.99
22:13:06.907,1250,11838.99
22:13:06.929,1250,11838.99
22:13:06.956,1250,11820.331
22:13:06.976,1250,11820.331
22:13:06.989,1250,11838.99
22:13:07.007,1250,11838.99
22:13:07.023,1250,11838.99
22:13:07.038,1250,11838.99
22:13:07.058,1250,11838.99
22:13:07.073,1250,11848.341
22:13:07.090,1250,11848.341
22:13:07.108,1250,11848.341
22:13:07.123,1250,11811.023
22:13:07.141,1250,11811.023
22:13:07.155,1250,11848.341
22:13:07.174,1250,11848.341
22:13:07.191,1250,11848.341
22:13:07.205,1250,11848.341
22:13:07.221,1250,11848.341
22:13:07.238,1250,11848.341
22:13:07.255,1250,11848.341
22:13:07.272,1250,11848.341
22:13:07.288,1250,11848.341
22:13:07.306,1250,11848.341
22:13:07.322,1250,11848.341
22:13:07.339,1250,11848.341
22:13:07.355,1250,11848.341
22:13:07.372,1250,11820.331
22:13:07.389,1250,11820.331
22:13:07.405,1250,11820.331
22:13:07.422,1250,11820.331
22:13:07.439,1250,11829.653
22:13:07.456,1250,11829.653
22:13:07.473,1250,11829.653
22:13:07.490,1250,11857.708
22:13:07.505,1250,11857.708
22:13:07.522,1250,11838.99
22:13:07.539,1250,11838.99
22:13:07.555,1250,11838.99
22:13:07.572,1250,11820.331
22:13:07.592,1250,11820.331
22:13:07.611,1250,11848.341
22:13:07.626,1250,11848.341
22:13:07.640,1250,11829.653
22:13:07.662,1250,11829.653
22:13:07.672,1250,11829.653
22:13:07.691,1250,11838.99
22:13:07.712,1250,11838.99
22:13:07.732,1250,11811.023
22:13:07.742,1250,11811.023
22:13:07.760,1250,11811.023
22:13:07.774,1250,11811.023
22:13:07.790,1250,11811.023
22:13:07.806,1250,11811.023
22:13:07.823,1250,11838.99
22:13:07.842,1250,11838.99
22:13:07.859,1250,11838.99
22:13:07.881,1250,11838.99
22:13:07.892,1250,11829.653
22:13:07.907,1250,11829.653
22:13:07.927,1250,11829.653
22:13:07.941,1250,11848.341
22:13:07.957,1250,11848.341
22:13:07.975,1250,11838.99
22:13:07.991,1250,11838.99
22:13:08.006,1250,11838.99
22:13:08.030,1250,11838.99
22:13:08.041,1250,11838.99
22:13:08.058,1250,11801.73
22:13:08.076,1250,11801.73
22:13:08.093,1250,11801.73
22:13:08.107,1250,11829.653
22:13:08.124,1250,11829.653
22:13:08.141,1250,11820.331
22:13:08.157,1250,11820.331
22:13:08.176,1250,11838.99
22:13:08.190,1250,11838.99
22:13:08.209,1250,11838.99
22:13:08.228,1250,11829.653
22:13:08.241,1250,11829.653
22:13:08.266,1250,11811.023
22:13:08.279,1250,11811.023
22:13:08.292,1250,11811.023
22:13:08.308,1250,11801.73
22:13:08.325,1250,11801.73
22:13:08.344,1250,11848.341
22:13:08.358,1250,11848.341
22:13:08.379,1250,11848.341
22:13:08.393,1250,11857.708
22:13:08.408,1250,11857.708
22:13:08.424,1250,11857.708
22:13:08.440,1250,11857.708
22:13:08.456,1250,11857.708
22:13:08.473,1250,11848.341
22:13:08.492,1250,11848.341
22:13:08.511,1250,11848.341
22:13:08.522,1250,11848.341
22:13:08.541,1250,11848.341
22:13:08.558,1250,11820.331
22:13:08.575,1250,11820.331
22:13:08.589,1250,11848.341
22:13:08.611,1250,11848.341
22:13:08.624,1250,11829.653
22:13:08.640,1250,11829.653
22:13:08.661,1250,11829.653
22:13:08.678,1250,11848.341
22:13:08.689,1250,11848.341
22:13:08.708,1250,11820.331
22:13:08.722,1250,11820.331
22:13:08.739,1250,11820.331
22:13:08.761,1250,11829.653
22:13:08.779,1000,11829.653
22:13:08.808,1000,11848.341
22:13:08.823,1000,11848.341
22:13:08.842,1000,11848.341
22:13:08.864,1000,11848.341
22:13:08.878,1000,11838.99
22:13:08.897,1000,11838.99
22:13:08.912,1000,11848.341
22:13:08.934,1000,11848.341
22:13:08.952,1000,11829.653
22:13:08.966,1000,11829.653
22:13:08.981,1000,11829.653
22:13:08.997,1000,11829.653
22:13:09.013,1000,11829.653
22:13:09.029,1000,11838.99
22:13:09.040,1000,11838.99
22:13:09.055,1000,11838.99
22:13:09.072,1000,11838.99
22:13:09.088,1000,11838.99
22:13:09.093,1000,11838.99
22:13:09.105,1000,11838.99
22:13:09.123,1000,11838.99
22:13:09.139,1000,11838.99
22:13:09.146,1000,11838.99
22:13:09.157,1000,11838.99
22:13:09.172,1000,11838.99
22:13:09.176,1000,11848.341
22:13:09.191,1000,11848.341
22:13:09.206,1000,11848.341
22:13:09.224,1000,11848.341
22:13:09.239,1000,11848.341
22:13:09.255,1000,11848.341
22:13:09.258,1000,11727.912
22:13:09.272,1000,11727.912
22:13:09.285,1000,11727.912
22:13:09.288,1000,11727.912
22:13:09.298,1000,11337.869
22:13:09.308,1000,11337.869
22:13:09.318,1000,11337.869
22:13:09.329,1000,11337.869
22:13:09.338,1000,10861.693
22:13:09.348,1000,10861.693
22:13:09.359,1000,10861.693
22:13:09.368,1000,10861.693
22:13:09.379,1000,10496.851
22:13:09.388,1000,10496.851
22:13:09.398,1000,10496.851
22:13:09.409,1000,10496.851
22:13:09.419,1000,10231.924
22:13:09.428,1000,10231.924
22:13:09.439,1000,10231.924
22:13:09.449,1000,10231.924
22:13:09.459,1000,9914.078
22:13:09.469,1000,9914.078
22:13:09.479,1000,9914.078
22:13:09.489,1000,9914.078
22:13:09.500,1000,9671.18
22:13:09.510,1000,9671.18
22:13:09.520,1000,9671.18
22:13:09.531,1000,9671.18
22:13:09.542,1000,9428.033
22:13:09.553,1000,9428.033
22:13:09.563,1000,9428.033
22:13:09.573,1000,9428.033
22:13:09.583,1000,9101.942
22:13:09.593,1000,9101.942
22:13:09.603,1000,9101.942
22:13:09.613,1000,9101.942
22:13:09.623,1000,8939.214
22:13:09.633,1000,8939.214
22:13:09.643,1000,8939.214
22:13:09.653,1000,8939.214
22:13:09.663,1000,8527.572
22:13:09.673,1000,8527.572
22:13:09.684,1000,8527.572
22:13:09.694,1000,8527.572
22:13:09.704,1000,8361.203
22:13:09.714,1000,8361.203
22:13:09.723,1000,8361.203
22:13:09.734,1000,8361.203
22:13:09.744,1000,8196.722
22:13:09.754,1000,8196.722
22:13:09.764,1000,8196.722
22:13:09.774,1000,8196.722
22:13:09.784,1000,8029.9785
22:13:09.794,1000,8029.9785
22:13:09.805,1000,8029.9785
22:13:09.815,1000,8029.9785
22:13:09.825,1000,7857.517
22:13:09.836,1000,7857.517
22:13:09.847,1000,7857.517
22:13:09.858,1000,7857.517
22:13:09.869,1000,7522.5674
22:13:09.879,1000,7522.5674
22:13:09.889,1000,7522.5674
22:13:09.899,1000,7522.5674
22:13:09.909,1000,7349.339
22:13:09.919,1000,7349.339
22:13:09.929,1000,7349.339
22:13:09.940,1000,7349.339
22:13:09.949,1000,7092.198
22:13:09.959,1000,7092.198
22:13:09.969,1000,7092.198
22:13:09.979,1000,7092.198
22:13:09.990,1000,6830.601
22:13:09.999,1000,6830.601
22:13:10.009,1000,6830.601
22:13:10.019,1000,6830.601
22:13:10.029,1000,6654.836
22:13:10.039,1000,6654.836
22:13:10.050,1000,6654.836
22:13:10.060,1000,6654.836
22:13:10.069,1000,6473.8887
22:13:10.080,1000,6473.8887
22:13:10.091,1000,6473.8887
22:13:10.100,1000,6473.8887
22:13:10.110,1000,6385.6963
22:13:10.120,1000,6385.6963
22:13:10.130,1000,6385.6963
22:13:10.140,1000,6385.6963
22:13:10.150,1000,6297.229
22:13:10.160,1000,6297.229
22:13:10.170,1000,6297.229
22:13:10.180,1000,6297.229
22:13:10.190,1000,6024.096
22:13:10.201,1000,6024.096
22:13:10.212,1000,6024.096
22:13:10.222,1000,6024.096
22:13:10.232,1000,5838.848
22:13:10.242,1000,5838.848
22:13:10.252,1000,5838.848
22:13:10.262,1000,5838.848
22:13:10.273,1000,5744.925
22:13:10.282,1000,5744.925
22:13:10.292,1000,5744.925
22:13:10.303,1000,5744.925
22:13:10.312,1000,5651.8467
22:13:10.322,1000,5651.8467
22:13:10.333,1000,5651.8467
22:13:10.342,1000,5651.8467
22:13:10.352,1000,5557.614
22:13:10.363,1000,5557.614
22:13:10.372,1000,5557.614
22:13:10.384,1000,5557.614
22:13:10.396,1000,5462.491
22:13:10.405,1000,5462.491
22:13:10.415,1000,5462.491
22:13:10.426,1000,5462.491
22:13:10.435,1000,5366.726
22:13:10.445,1000,5366.726
22:13:10.456,1000,5366.726
22:13:10.466,1000,5366.726
22:13:10.477,1000,5270.555
22:13:10.487,1000,5270.555
22:13:10.498,1000,5270.555
22:13:10.509,1000,5270.555
22:13:10.520,1000,5174.198
22:13:10.530,1000,5174.198
22:13:10.541,1000,5174.198
22:13:10.551,1000,5174.198
22:13:10.561,1000,5076.142
22:13:10.571,1000,5076.142
22:13:10.581,1000,5076.142
22:13:10.591,1000,5076.142
22:13:10.601,1000,4978.4272
22:13:10.611,1000,4978.4272
22:13:10.621,1000,4978.4272
22:13:10.631,1000,4978.4272
22:13:10.642,1000,4781.6387
22:13:10.651,1000,4781.6387
22:13:10.661,1000,4781.6387
22:13:10.671,1000,4781.6387
22:13:10.681,1000,4680.187
22:13:10.692,1000,4680.187
22:13:10.702,1000,4680.187
22:13:10.711,1000,4680.187
22:13:10.722,1000,4578.7544
22:13:10.732,1000,4578.7544
22:13:10.742,1000,4578.7544
22:13:10.752,1000,4578.7544
22:13:10.762,1000,4477.6123
22:13:10.772,1000,4477.6123
22:13:10.782,1000,4477.6123
22:13:10.792,1000,4477.6123
22:13:10.801,1000,4374.453
22:13:10.812,1000,4374.453
22:13:10.822,1000,4374.453
22:13:10.833,1000,4374.453
22:13:10.844,1000,4271.0703
22:13:10.855,1000,4271.0703
22:13:10.866,1000,4271.0703
22:13:10.876,1000,4271.0703
22:13:10.886,1000,4166.6665
22:13:10.896,1000,4166.6665
22:13:10.908,1000,4166.6665
22:13:10.918,1000,4166.6665
22:13:10.928,1000,4060.639
22:13:10.937,1000,4060.639
22:13:10.948,1000,4060.639
22:13:10.958,1000,4060.639
22:13:10.967,1000,3953.611
22:13:10.977,1000,3953.611
22:13:10.987,1000,3953.611
22:13:10.997,1000,3953.611
22:13:11.008,1000,3846.1543
22:13:11.017,1000,3846.1543
22:13:11.028,1000,3846.1543
22:13:11.038,1000,3846.1543
22:13:11.048,1000,3736.921
22:13:11.058,1000,3736.921
22:13:11.068,1000,3736.921
22:13:11.078,1000,3736.921
22:13:11.088,1000,3625.816
22:13:11.098,1000,3625.816
22:13:11.108,1000,3625.816
22:13:11.118,1000,3625.816
22:13:11.128,1000,3513.7034
22:13:11.138,1000,3513.7034
22:13:11.150,1000,3513.7034
22:13:11.161,1000,3513.7034
22:13:11.171,1000,3399.0483
22:13:11.180,1000,3399.0483
22:13:11.190,1000,3399.0483
22:13:11.201,1000,3399.0483
22:13:11.211,1000,3283.713
22:13:11.221,1000,3283.713
22:13:11.230,1000,3283.713
22:13:11.240,1000,3283.713
22:13:11.250,1000,3166.5613
22:13:11.267,1000,3166.5613
22:13:11.273,1000,3166.5613
22:13:11.282,1000,3166.5613
22:13:11.294,1000,3046.9226
22:13:11.302,1000,3046.9226
22:13:11.313,1000,3046.9226
22:13:11.323,1000,3046.9226
22:13:11.333,1000,2926.2583
22:13:11.342,1000,2926.2583
22:13:11.352,1000,2926.2583
22:13:11.363,1000,2926.2583
22:13:11.373,1000,2802.167
22:13:11.383,1000,2802.167
22:13:11.393,1000,2802.167
22:13:11.403,1000,2802.167
22:13:11.413,1000,2675.7046
22:13:11.423,1000,2675.7046
22:13:11.433,1000,2675.7046
22:13:11.443,1000,2675.7046
22:13:11.453,1000,2547.5544
22:13:11.463,1000,2547.5544
22:13:11.474,1000,2547.5544
22:13:11.486,1000,2547.5544
22:13:11.496,1000,2415.07
22:13:11.506,1000,2415.07
22:13:11.518,1000,2415.07
22:13:11.527,1000,2278.9426
22:13:11.537,1000,2278.9426
22:13:11.547,1000,2278.9426
22:13:11.557,1000,2278.9426
22:13:11.567,1000,2278.9426
22:13:11.578,1000,2139.19
22:13:11.587,1000,2139.19
22:13:11.597,1000,2139.19
22:13:11.607,1000,2139.19
22:13:11.617,1000,1994.4156
22:13:11.627,1000,1994.4156
22:13:11.638,1000,1994.4156
22:13:11.648,1000,1994.4156
22:13:11.657,1000,1843.8844
22:13:11.667,1000,1843.8844
22:13:11.678,1000,1843.8844
22:13:11.687,1000,1843.8844
22:13:11.698,1000,1685.7721
22:13:11.707,1000,1685.7721
22:13:11.718,1000,1685.7721
22:13:11.728,1000,1685.7721
22:13:11.738,1000,1518.9874
22:13:11.749,1000,1518.9874
22:13:11.759,1000,1518.9874
22:13:11.769,1000,1518.9874
22:13:11.780,1000,1340.7223
22:13:11.791,1000,1340.7223
22:13:11.802,1000,1340.7223
22:13:11.813,1000,1146.0005
22:13:11.824,1000,1146.0005
22:13:11.835,1000,1146.0005
22:13:11.845,1000,1146.0005
22:13:11.855,1000,926.9559
22:13:11.865,1000,926.9559
22:13:11.875,1000,926.9559
22:13:11.885,1000,926.9559
22:13:11.895,1000,662.5149
22:13:11.907,1000,662.5149
22:13:11.918,1000,662.5149
22:13:11.928,1000,662.5149
22:13:11.938,1000,0
22:13:11.947,1000,0
22:13:11.957,1000,0
22:13:11.968,1000,0
22:13:11.978,1000,0
22:13:11.987,1000,0
22:13:11.997,1000,0
22:13:12.007,1000,0
22:13:12.018,1000,0
22:13:12.028,1000,0
22:13:12.038,1000,0
22:13:12.047,1000,0
22:13:12.058,1000,0
22:13:12.068,1000,0
22:13:12.078,1000,0
22:13:12.088,1000,0
22:13:12.098,1000,0
22:13:12.108,1000,0
22:13:12.119,1000,0
22:13:12.128,1000,0
22:13:12.140,1000,0
22:13:12.152,1000,0
22:13:12.161,1000,0
22:13:12.170,1000,0
22:13:12.180,1000,0
22:13:12.190,1000,0
22:13:12.200,1000,0
22:13:12.210,1000,0
22:13:12.220,1000,0
22:13:12.230,1000,0
22:13:12.240,1000,0
22:13:12.250,1000,0
22:13:12.261,1000,0
22:13:12.270,1000,0
22:13:12.281,1000,0
22:13:12.290,1000,0
22:13:12.301,1000,0
22:13:12.311,1000,0
22:13:12.321,1000,0
22:13:12.331,1000,0
22:13:12.341,1000,0
22:13:12.351,1000,0
22:13:12.361,1000,0
22:13:12.371,1000,0
22:13:12.381,1000,0
22:13:12.391,1000,0
22:13:12.401,1000,0
22:13:12.411,1000,0
22:13:12.421,1000,0
22:13:12.431,1000,0
22:13:12.441,1000,0
22:13:12.452,1000,0
22:13:12.463,1000,0
22:13:12.473,1000,0
22:13:12.483,1000,0
22:13:12.495,1000,0
22:13:12.504,1000,0
22:13:12.514,1000,0
22:13:12.525,1000,0
22:13:12.534,1000,0
22:13:12.544,1000,0
22:13:12.554,1000,0
22:13:12.564,1000,0
22:13:12.574,1000,0
22:13:12.584,1000,0
22:13:12.594,1000,0
22:13:12.604,1000,0
22:13:12.614,1000,0
22:13:12.624,1000,0
22:13:12.635,1000,0
22:13:12.645,1000,0
22:13:12.654,1000,0
22:13:12.665,1000,0
22:13:12.675,1000,0
22:13:12.684,1000,0
22:13:12.695,1000,0
22:13:12.705,1000,0
22:13:12.715,1000,0
22:13:12.726,1000,0
22:13:12.737,1000,0
22:13:12.746,1000,0
22:13:12.756,1000,0
22:13:12.767,1000,0
22:13:12.777,1000,0
22:13:12.788,1000,0
22:13:12.799,1000,0
22:13:12.810,1000,0
22:13:12.821,1000,0
22:13:12.831,1000,0
22:13:12.841,1000,0
22:13:12.851,1000,0
22:13:12.861,1000,0
22:13:12.871,1000,0
22:13:12.882,1000,0
22:13:12.891,1000,0
22:13:12.901,1000,0
22:13:12.916,1000,0
22:13:12.922,1000,0
22:13:12.932,1000,0
22:13:12.941,1000,0
22:13:12.952,1000,0
22:13:12.962,1000,0
22:13:12.971,1000,0
22:13:12.982,1000,0
22:13:12.992,1000,0
22:13:13.002,1000,0
22:13:13.012,1000,0
22:13:13.022,1000,0
22:13:13.032,1000,0
22:13:13.042,1000,0
22:13:13.052,1000,0
22:13:13.062,1000,0
22:13:13.072,1000,0
22:13:13.082,1000,0
22:13:13.092,1000,0
22:13:13.103,1000,0
22:13:13.113,1000,0
22:13:13.124,1000,0
22:13:13.135,1000,0
22:13:13.146,1000,0
22:13:13.156,1000,0
22:13:13.166,1000,0
22:13:13.176,1000,0
22:13:13.186,1000,0
22:13:13.196,1000,0
22:13:13.206,1000,0
22:13:13.221,1000,0
22:13:13.236,1000,0
22:13:13.247,1000,0
22:13:13.256,1000,0
22:13:13.266,1000,0
22:13:13.277,1000,0
22:13:13.287,1000,0
22:13:13.296,1000,0
22:13:13.396,1000,0
22:13:13.448,1000,0
22:13:13.457,1000,0
22:13:13.473,1000,0
22:13:13.488,1000,0
22:13:13.495,1000,0
22:13:13.504,1000,0
22:13:13.516,1000,0
22:13:13.528,1000,0
22:13:13.537,1000,0
22:13:13.549,1000,0
22:13:13.558,1000,0
22:13:13.568,1000,0
22:13:13.578,1000,0
22:13:13.589,1000,0
22:13:13.599,1000,0
22:13:13.607,1000,0
22:13:13.618,1000,0
22:13:13.630,1000,0
22:13:13.639,1000,0
22:13:13.650,1000,0
22:13:13.660,1000,0
22:13:13.670,1000,0
22:13:13.682,1000,0
22:13:13.690,1000,0
22:13:13.700,1000,0
22:13:13.712,1000,0
22:13:13.721,1000,0
22:13:13.730,1000,0
22:13:13.740,1000,0
22:13:13.750,1000,0
22:13:13.760,1000,0
22:13:13.771,1000,0
22:13:13.780,1000,0
22:13:13.791,1000,0
22:13:13.802,1000,0
22:13:13.812,1000,0
22:13:13.822,1000,0
22:13:13.832,1000,0
22:13:13.842,1000,0
22:13:13.852,1000,0
22:13:13.863,1000,0
22:13:13.872,1000,0
22:13:13.883,1000,0
22:13:13.893,1000,0
22:13:13.902,1000,0
22:13:13.918,1000,0
22:13:13.933,1000,0
22:13:13.937,1000,0
22:13:13.947,1000,0
22:13:13.957,1000,0
22:13:13.967,1000,0
22:13:13.978,1000,0
22:13:13.988,1000,0
22:13:13.997,1000,0
22:13:14.008,1000,0
22:13:14.018,1000,0
22:13:14.030,1000,0
22:13:14.037,1000,0
22:13:14.048,1000,0
22:13:14.058,1000,0
22:13:14.069,1000,0
22:13:14.078,1000,0
22:13:14.089,1000,0
22:13:14.099,1000,0
22:13:14.109,1000,0
22:13:14.120,1000,0
22:13:14.131,1000,0
22:13:14.141,1000,0
22:13:14.151,1000,0
22:13:14.161,1000,0
22:13:14.171,1000,0
22:13:14.181,1000,0
22:13:14.191,1000,0
22:13:14.201,1000,0
22:13:14.211,1000,0
22:13:14.221,1000,0
22:13:14.231,1000,0
22:13:14.241,1000,0
22:13:14.251,1000,0
22:13:14.261,1000,0
22:13:14.271,1000,0
22:13:14.282,1000,0
22:13:14.292,1000,0
22:13:14.301,1000,0
22:13:14.312,1000,0
22:13:14.322,1000,0
22:13:14.332,1000,0
22:13:14.342,1000,0
22:13:14.353,1000,0
22:13:14.362,1000,0
22:13:14.372,1000,0
22:13:14.382,1000,0
22:13:14.393,1000,0
22:13:14.404,1000,0
22:13:14.414,1000,0
22:13:14.425,1000,0
22:13:14.436,1000,0
22:13:14.446,1000,0
22:13:14.466,1000,0
22:13:14.468,1000,0
22:13:14.497,1000,0
22:13:14.521,1000,0
22:13:14.535,1000,0
22:13:14.539,1000,0
22:13:14.552,1000,0
22:13:14.558,1000,0
22:13:14.569,1000,0
22:13:14.587,1000,0
22:13:14.595,1000,0
22:13:14.604,1000,0
22:13:14.615,1000,0
22:13:14.625,1000,0
22:13:14.634,1000,0
22:13:14.644,1000,0
22:13:14.655,1000,0
22:13:14.664,1000,0
22:13:14.674,1000,0
22:13:14.684,1000,0
22:13:14.695,1000,0
22:13:14.704,1000,0
22:13:14.715,1000,0
22:13:14.725,1000,0
22:13:14.735,1000,0
22:13:14.750,1000,0
22:13:14.756,1000,0
22:13:14.766,1000,0
22:13:14.778,1000,0
22:13:14.787,1000,0
22:13:14.797,1000,0
22:13:14.807,1000,0
22:13:14.817,1000,0
22:13:14.827,1000,0
22:13:14.837,1000,0
22:13:14.847,1000,0
22:13:14.857,1000,0
22:13:14.867,1000,0
22:13:14.878,1000,0
22:13:14.887,1000,0
22:13:14.898,1000,0
22:13:14.910,1000,0
22:13:14.917,1000,0
22:13:14.928,1000,0
22:13:14.938,1000,0
22:13:14.947,1000,0
22:13:14.958,1000,0
22:13:14.968,1000,0
22:13:14.978,1000,0
22:13:14.988,1000,0
22:13:14.998,1000,0
22:13:15.008,1000,0
22:13:15.018,1000,0
22:13:15.028,1000,0
22:13:15.038,1000,0
22:13:15.048,1000,0
22:13:15.058,1000,0
22:13:15.068,1000,0
22:13:15.080,1000,0
22:13:15.089,1000,0
22:13:15.099,1000,0
22:13:15.110,1000,0
22:13:15.120,1000,0
22:13:15.130,1000,0
22:13:15.140,1000,0
22:13:15.150,1000,0
22:13:15.160,1000,0
22:13:15.170,1000,0
22:13:15.180,1000,0
22:13:15.190,1000,0
22:13:15.201,1000,0
22:13:15.210,1000,0
22:13:15.220,1000,0
22:13:15.231,1000,0
22:13:15.240,1000,0
22:13:15.250,1000,0
22:13:15.261,1000,0
22:13:15.270,1000,0
22:13:15.280,1000,0
22:13:15.291,1000,0
22:13:15.301,1000,0
22:13:15.311,1000,0
22:13:15.321,1000,0
22:13:15.331,1000,0
22:13:15.341,1000,0
22:13:15.351,1000,0
22:13:15.361,1000,0
22:13:15.372,1000,0
22:13:15.383,1000,0
22:13:15.393,1000,0
22:13:15.404,1000,0
22:13:15.415,1000,0
22:13:15.425,1000,0
22:13:15.436,1000,0
22:13:15.446,1000,0
22:13:15.456,1000,0
22:13:15.466,1000,0
22:13:15.476,1000,0
22:13:15.486,1000,0
22:13:15.496,1000,0
22:13:15.506,1000,0
22:13:15.516,1000,0
22:13:15.526,1000,0
22:13:15.536,1000,0
22:13:15.546,1000,0
22:13:15.556,1000,0
22:13:15.566,1000,0
22:13:15.576,1000,0
22:13:15.587,1000,0
22:13:15.597,1000,0
22:13:15.606,1000,0
22:13:15.617,1000,0
22:13:15.627,1000,0
22:13:15.637,1000,0
22:13:15.647,1000,0
22:13:15.657,1000,0
22:13:15.667,1000,0
22:13:15.678,1000,0
22:13:15.689,1000,0
22:13:15.698,1000,0
22:13:15.709,1000,0
22:13:15.719,1000,0
22:13:15.728,1000,0
22:13:15.739,1000,0
22:13:15.750,1000,0
22:13:15.761,1000,0
22:13:15.773,1000,0
22:13:15.782,1000,0
22:13:15.792,1000,0
22:13:15.802,1000,0
22:13:15.812,1000,0
22:13:15.822,1000,0
22:13:15.832,1000,0
22:13:15.842,1000,0
22:13:15.852,1000,0
22:13:15.863,1000,0
22:13:15.872,1000,0
22:13:15.882,1000,0
22:13:15.893,1000,0
22:13:15.903,1000,0
22:13:15.913,1000,0
22:13:15.922,1000,0
22:13:15.933,1000,0
22:13:15.943,1000,0
22:13:15.953,1000,0
22:13:15.964,1000,0
22:13:15.974,1000,0
22:13:15.987,1000,0
22:13:15.997,1000,0
22:13:16.006,1000,0
22:13:16.022,1000,0
22:13:16.027,1000,0
22:13:16.038,1000,0
22:13:16.047,1000,0
22:13:16.058,1000,0
22:13:16.070,1000,0
22:13:16.080,1000,0
22:13:16.091,1000,0
22:13:16.105,1000,0
22:13:16.111,1000,0
22:13:16.122,1000,0
22:13:16.132,1000,0
22:13:16.142,1000,0
22:13:16.152,1000,0
22:13:16.162,1000,0
22:13:16.172,1000,0
22:13:16.182,1000,0
22:13:16.191,1000,0
22:13:16.201,1000,0
22:13:16.211,1000,0
22:13:16.221,1000,0
22:13:16.231,1000,0
22:13:16.242,1000,0
22:13:16.251,1000,0
22:13:16.261,1000,0
22:13:16.272,1000,0
22:13:16.282,1000,0
22:13:16.291,1000,0
22:13:16.302,1000,0
22:13:16.312,1000,0
22:13:16.322,1000,0
22:13:16.332,1000,0
22:13:16.342,1000,0
22:13:16.352,1000,0
22:13:16.362,1000,0
22:13:16.373,1000,0
22:13:16.384,1000,0
22:13:16.393,1000,0
22:13:16.404,1000,0
22:13:16.416,1000,0
22:13:16.425,1000,0
22:13:16.435,1000,0
22:13:16.445,1000,0
22:13:16.455,1000,0
22:13:16.465,1000,0
22:13:16.475,1000,0
22:13:16.485,1000,0
22:13:16.495,1000,0
22:13:16.505,1000,0
22:13:16.515,1000,0
22:13:16.525,1000,0
22:13:16.535,1000,0
22:13:16.546,1000,0
22:13:16.556,1000,0
22:13:16.567,1000,0
22:13:16.578,1000,0
22:13:16.586,1000,0
22:13:16.597,1000,0
22:13:16.607,1000,0
22:13:16.617,1000,0
22:13:16.627,1000,0
22:13:16.637,1000,0
22:13:16.664,1000,0
22:13:16.667,1000,0
22:13:16.678,1000,0
22:13:16.687,1000,0
22:13:16.736,1000,0
22:13:16.749,1000,0
22:13:16.771,1000,0
22:13:16.786,1000,0
22:13:16.805,1000,0
22:13:16.826,1000,0
22:13:16.834,1000,0
22:13:16.855,1000,0
22:13:16.872,1000,0
22:13:16.886,1000,0
22:13:16.905,1000,0
22:13:16.920,1000,0
22:13:16.938,1000,0
22:13:16.954,1000,0
22:13:16.975,1000,0
22:13:16.987,1000,0
22:13:17.002,1000,0
22:13:17.020,1000,0
22:13:17.035,1000,0
22:13:17.054,1000,0
22:13:17.069,1000,0
22:13:17.089,1000,0
22:13:17.103,1000,0
22:13:17.120,1000,0
22:13:17.137,1000,0
22:13:17.150,1000,0
22:13:17.167,1000,0
22:13:17.187,1000,0
22:13:17.200,1000,0
22:13:17.217,1000,0
22:13:17.233,1000,0
22:13:17.251,1000,0
22:13:17.267,1000,0
22:13:17.285,1000,0
22:13:17.300,1000,0
22:13:17.319,1000,0
22:13:17.336,1000,0
22:13:17.351,1000,0
22:13:17.367,1000,0
22:13:17.383,1000,0
22:13:17.402,1000,0
22:13:17.418,1000,0
22:13:17.433,1000,0
22:13:17.450,1000,0
22:13:17.468,1000,0
22:13:17.486,1000,0
22:13:17.502,1000,0
22:13:17.517,1000,0
22:13:17.537,1000,0
22:13:17.551,1000,0
22:13:17.571,1000,0
22:13:17.588,1000,0
22:13:17.602,1000,0
22:13:17.619,1000,0
22:13:17.634,1000,0
22:13:17.652,1000,0
22:13:17.671,1000,0
22:13:17.686,1000,0
22:13:17.703,1000,0
22:13:17.718,1000,0
22:13:17.743,1000,0
22:13:17.751,1000,0
22:13:17.770,1000,0
22:13:17.784,1000,0
22:13:17.801,1000,0
22:13:17.818,1000,0
22:13:17.835,1000,0
22:13:17.852,1000,0
22:13:17.867,1000,0
22:13:17.888,1000,0
22:13:17.902,1000,0
22:13:17.917,1000,0
22:13:17.935,1000,0
22:13:17.950,1000,0
22:13:17.967,1000,0
22:13:17.990,1000,0
22:13:18.003,1000,0
22:13:18.018,1000,0
22:13:18.034,1000,0
22:13:18.053,1000,0
22:13:18.070,1000,0
22:13:18.085,1000,0
22:13:18.102,1000,0
22:13:18.119,1000,0
22:13:18.137,1000,0
22:13:18.152,1000,0
22:13:18.167,1000,0
22:13:18.186,1000,0
22:13:18.202,1000,0
22:13:18.218,1000,0
22:13:18.237,1000,0
22:13:18.254,1000,0
22:13:18.269,1000,0
22:13:18.285,1000,0
22:13:18.302,1000,0
22:13:18.317,1000,0
22:13:18.338,1000,0
22:13:18.352,1000,0
22:13:18.367,1000,0
22:13:18.384,1000,0
22:13:18.403,1000,0
22:13:18.419,1000,0
22:13:18.436,1000,0
22:13:18.452,1000,0
22:13:18.468,1000,0
22:13:18.486,1000,0
22:13:18.502,1000,0
22:13:18.519,1000,0
22:13:18.534,1000,0
22:13:18.551,1000,0
22:13:18.572,1000,0
22:13:18.588,1000,0
22:13:18.602,1000,0
22:13:18.621,1000,0
22:13:18.638,1000,0
22:13:18.652,1000,0
22:13:18.670,1000,0
22:13:18.687,1000,0
22:13:18.702,1000,0
22:13:18.720,1000,0
22:13:18.735,1000,0
22:13:18.753,1000,0
22:13:18.768,1000,0
22:13:18.786,1000,0
22:13:18.803,1000,0
22:13:18.820,1000,0
22:13:18.838,1000,0
22:13:18.853,1000,0
22:13:18.869,1000,0
22:13:18.886,1000,0
22:13:18.903,1000,0
22:13:18.919,1000,0
22:13:18.939,1000,0
22:13:18.953,1000,0
22:13:18.970,1000,0
22:13:18.986,1000,0
22:13:19.001,1000,0
22:13:19.020,1000,0
22:13:19.034,1000,0
22:13:19.051,1000,0
22:13:19.070,1000,0
22:13:19.088,1000,0
22:13:19.103,1000,0
22:13:19.117,1000,0
22:13:19.134,1000,0
22:13:19.152,1000,0
22:13:19.170,1000,0
22:13:19.185,1000,0
22:13:19.202,1000,0
22:13:19.220,1000,0
22:13:19.235,1000,0
22:13:19.251,1000,0
22:13:19.270,1000,0
22:13:19.284,1000,0
22:13:19.302,1000,0
22:13:19.317,1000,0
22:13:19.335,1000,0
22:13:19.353,1000,0
22:13:19.371,1000,0
22:13:19.386,1000,0
22:13:19.402,1000,0
22:13:19.420,1000,0
22:13:19.437,1000,0
22:13:19.453,1000,0
22:13:19.470,1000,0
22:13:19.485,1000,0
22:13:19.504,1000,0
22:13:19.517,1000,0
22:13:19.537,1000,0
22:13:19.552,1000,0
22:13:19.570,1000,0
22:13:19.587,1000,0
22:13:19.603,1000,0
22:13:19.620,1000,0
22:13:19.634,1000,0
22:13:19.651,1000,0
22:13:19.670,1000,0
22:13:19.687,1000,0
22:13:19.704,1000,0
22:13:19.718,1000,0
22:13:19.734,1000,0
22:13:19.755,1000,0
22:13:19.771,1000,0
22:13:19.785,1000,0
22:13:19.802,1000,0
22:13:19.820,1000,0
22:13:19.834,1000,0
22:13:19.852,1000,0
22:13:19.871,1000,0
22:13:19.885,1000,0
22:13:19.901,1000,0
22:13:19.920,1000,0
22:13:19.937,1000,0
22:13:19.953,1000,0
22:13:19.970,1000,0
22:13:19.986,1000,0
22:13:20.001,1000,0
22:13:20.017,1000,0
22:13:20.034,1000,0
22:13:20.052,1000,0
22:13:20.070,1000,0
22:13:20.087,1000,0
22:13:20.101,1000,0
22:13:20.117,1000,0
22:13:20.134,1000,0
22:13:20.151,1000,0
22:13:20.167,1000,0
22:13:20.185,1000,0
22:13:20.201,1000,0
22:13:20.217,1000,0
22:13:20.234,1000,0
22:13:20.250,1000,0
22:13:20.268,1000,0
22:13:20.284,1000,0
22:13:20.301,1000,0
22:13:20.317,1000,0
22:13:20.336,1000,0
22:13:20.350,1000,0
22:13:20.370,1000,0
22:13:20.387,1000,0
22:13:20.400,1000,0
22:13:20.417,1000,0
22:13:20.436,1000,0
22:13:20.451,1000,0
22:13:20.467,1000,0
22:13:20.483,1000,0
22:13:20.502,1000,0
22:13:20.520,1000,0
22:13:20.534,1000,0
22:13:20.551,1000,0
22:13:20.567,1000,0
22:13:20.583,1000,0
22:13:20.600,1000,0
22:13:20.618,1000,0
22:13:20.635,1000,0
22:13:20.650,1000,0
22:13:20.669,1000,0
22:13:20.687,1000,0
22:13:20.702,1000,0
22:13:20.720,1000,0
22:13:20.737,1000,0
22:13:20.752,1000,0
22:13:20.767,1000,0
22:13:20.784,1000,0
22:13:20.801,1000,0
22:13:20.818,1000,0
22:13:20.834,1000,0
22:13:20.853,1000,0
22:13:20.868,1000,0
22:13:20.885,1000,0
22:13:20.901,1000,0
22:13:20.919,1000,0
22:13:20.938,1000,0
22:13:20.951,1000,0
22:13:20.969,1000,0
22:13:20.984,1000,0
22:13:21.003,1000,0
22:13:21.036,1000,0
22:13:21.039,1000,0
22:13:21.057,1000,0
22:13:21.072,1000,0
22:13:21.088,1000,0
22:13:21.105,1000,0
22:13:21.123,1000,0
22:13:21.137,1000,0
22:13:21.152,1000,0
22:13:21.167,1000,0
22:13:21.184,1000,0
22:13:21.201,1000,0
22:13:21.221,1000,0
22:13:21.233,1000,0
22:13:21.251,1000,0
22:13:21.267,1000,0
22:13:21.284,1000,0
22:13:21.301,1000,0
22:13:21.319,1000,0
22:13:21.338,1000,0
22:13:21.352,1000,0
22:13:21.368,1000,0
22:13:21.384,1000,0
22:13:21.401,1000,0
22:13:21.418,1000,0
22:13:21.434,1000,0
22:13:21.451,1000,0
22:13:21.469,1000,0
22:13:21.486,1000,0
22:13:21.501,1000,0
22:13:21.520,1000,0
22:13:21.534,1000,0
22:13:21.553,1000,0
22:13:21.568,1000,0
22:13:21.585,1000,0
22:13:21.601,1000,0
22:13:21.618,1000,0
22:13:21.634,1000,0
22:13:21.652,1000,0
22:13:21.669,1000,0
22:13:21.688,1000,0
22:13:21.702,1000,0
22:13:21.721,1000,0
22:13:21.738,1000,0
22:13:21.753,1000,0
22:13:21.768,1000,0
22:13:21.784,1000,0
22:13:21.801,1000,0
22:13:21.819,1000,0
22:13:21.835,1000,0
22:13:21.852,1000,0
22:13:21.873,1000,0
22:13:21.886,1000,0
22:13:21.902,1000,0
22:13:21.922,1000,0
22:13:21.936,1000,0
22:13:21.951,1000,0
22:13:21.969,1000,0
22:13:21.985,1000,0
22:13:22.002,1000,0
22:13:22.019,1000,0
22:13:22.035,1000,0
22:13:22.052,1000,0
22:13:22.069,1000,0
22:13:22.085,1000,0
22:13:22.102,1000,0
22:13:22.118,1000,0
22:13:22.137,1000,0
22:13:22.152,1000,0
22:13:22.169,1000,0
22:13:22.185,1000,0
22:13:22.202,1000,0
22:13:22.218,1000,0
22:13:22.235,1000,0
22:13:22.251,1000,0
22:13:22.268,1000,0
22:13:22.285,1000,0
22:13:22.303,1000,0
22:13:22.319,1000,0
22:13:22.335,1000,0
22:13:22.352,1000,0
22:13:22.368,1000,0
22:13:22.385,1000,0
22:13:22.405,1000,0
22:13:22.420,1000,0
22:13:22.434,1000,0
22:13:22.453,1000,0
22:13:22.472,1000,0
22:13:22.485,1000,0
22:13:22.501,1000,0
22:13:22.518,1000,0
22:13:22.535,1000,0
22:13:22.552,1000,0
22:13:22.568,1000,0
22:13:22.585,1000,0
22:13:22.601,1000,0
22:13:22.618,1000,0
22:13:22.635,1000,0
22:13:22.651,1000,0
22:13:22.668,1000,0
22:13:22.684,1000,0
22:13:22.702,1000,0
22:13:22.718,1000,0
22:13:22.734,1000,0
22:13:22.752,1000,0
22:13:22.770,1000,0
22:13:22.786,1000,0
22:13:22.802,1000,0
22:13:22.820,1000,0
22:13:22.836,1000,0
22:13:22.856,1000,0
22:13:22.869,1000,0
22:13:22.886,1000,0
22:13:22.906,1000,0
22:13:22.919,1000,0
22:13:22.936,1000,0
22:13:22.954,1000,0
22:13:22.971,1000,0
22:13:22.985,1000,0
22:13:23.004,1000,0
22:13:23.022,1000,0
22:13:23.038,1000,0
22:13:23.055,1000,0
22:13:23.070,1000,0
22:13:23.089,1000,0
22:13:23.104,1000,0
22:13:23.121,1000,0
22:13:23.139,1000,0
22:13:23.153,1000,0
22:13:23.172,1000,0
22:13:23.188,1000,0
22:13:23.204,1000,0
22:13:23.222,1000,0
22:13:23.239,1000,0
22:13:23.252,1000,0
22:13:23.269,1000,0
22:13:23.289,1000,0
22:13:23.302,1000,0
22:13:23.318,1000,0
22:13:23.335,1000,0
22:13:23.352,1000,0
22:13:23.368,1000,0
22:13:23.388,1000,0
22:13:23.403,1000,0
22:13:23.421,1000,0
22:13:23.436,1000,0
22:13:23.451,1000,0
22:13:23.471,1000,0
22:13:23.489,1000,0
22:13:23.504,1000,0
22:13:23.522,1000,0
22:13:23.538,1000,0
22:13:23.552,1000,0
22:13:23.588,1000,0
22:13:23.605,1000,0
22:13:23.621,1000,0
22:13:23.637,1000,0
22:13:23.652,1000,0
22:13:23.669,1000,0
22:13:23.673,1000,0
22:13:23.687,1000,0
22:13:23.704,1000,0
22:13:23.723,1000,0
22:13:23.736,1000,0
22:13:23.754,1000,0
22:13:23.770,1000,0
22:13:23.788,1000,0
22:13:23.804,1000,0
22:13:23.822,1000,0
22:13:23.836,1000,0
22:13:23.854,1000,0
22:13:23.869,1000,0
22:13:23.887,1000,0
22:13:23.905,1000,0
22:13:23.921,1000,0
22:13:23.939,1000,0
22:13:23.952,1000,0
22:13:23.972,1000,0
22:13:23.986,1000,0
22:13:24.003,1000,0
22:13:24.022,1000,0
22:13:24.036,1000,0
22:13:24.053,1000,0
22:13:24.069,1000,0
22:13:24.086,1000,0
22:13:24.102,1000,0
22:13:24.120,1000,0
22:13:24.136,1000,0
22:13:24.152,1000,0
22:13:24.168,1000,0
22:13:24.186,1000,0
22:13:24.202,1000,0
22:13:24.221,1000,0
22:13:24.235,1000,0
22:13:24.252,1000,0
22:13:24.268,1000,0
22:13:24.287,1000,0
22:13:24.302,1000,0
22:13:24.318,1000,0
22:13:24.335,1000,0
22:13:24.352,1000,0
22:13:24.369,1000,0
22:13:24.386,1000,0
22:13:24.404,1000,0
22:13:24.422,1000,0
22:13:24.438,1000,0
22:13:24.452,1000,0
22:13:24.472,1000,0
22:13:24.489,1000,0
22:13:24.504,1000,0
22:13:24.518,1000,0
22:13:24.537,1000,0
22:13:24.551,1000,0
22:13:24.570,1000,0
22:13:24.584,1000,0
22:13:24.602,1000,0
22:13:24.622,1000,0
22:13:24.639,1000,0
22:13:24.652,1000,0
22:13:24.672,1000,0
22:13:24.685,1000,0
22:13:24.701,1000,0
22:13:24.718,1000,0
22:13:24.735,1000,0
22:13:24.752,1000,0
22:13:24.768,1000,0
22:13:24.786,1000,0
22:13:24.802,1000,0
22:13:24.822,1000,0
22:13:24.837,1000,0
22:13:24.853,1000,0
22:13:24.868,1000,0
22:13:24.889,1000,0
22:13:24.906,1000,0
22:13:24.918,1000,0
22:13:24.934,1000,0
22:13:24.952,1000,0
22:13:24.969,1000,0
22:13:24.989,1000,0
22:13:25.002,1000,0
22:13:25.022,1000,0
22:13:25.038,1000,0
22:13:25.052,1000,0
22:13:25.070,1000,0
22:13:25.086,1000,0
22:13:25.105,1000,0
22:13:25.119,1000,0
22:13:25.140,1000,0
22:13:25.154,1000,0
22:13:25.175,1000,0
22:13:25.190,1000,0
22:13:25.207,1000,0
22:13:25.221,1000,0
22:13:25.238,1000,0
22:13:25.252,1000,0
22:13:25.271,1000,0
22:13:25.285,1000,0
22:13:25.302,1000,0
22:13:25.319,1000,0
22:13:25.335,1000,0
22:13:25.352,1000,0
22:13:25.370,1000,0
22:13:25.386,1000,0
22:13:25.402,1000,0
22:13:25.418,1000,0
22:13:25.435,1000,0
22:13:25.452,1000,0
22:13:25.469,1000,0
22:13:25.486,1000,0
22:13:25.502,1000,0
22:13:25.518,1000,0
22:13:25.535,1000,0
22:13:25.551,1000,0
22:13:25.572,1000,0
22:13:25.586,1000,0
22:13:25.602,1000,0
22:13:25.621,1000,0
22:13:25.638,1000,0
22:13:25.652,1000,0
22:13:25.669,1000,0
22:13:25.687,1000,0
22:13:25.701,1000,0
22:13:25.721,1000,0
22:13:25.739,1000,0
22:13:25.756,1000,0
22:13:25.770,1000,0
22:13:25.788,1000,0
22:13:25.805,1000,0
22:13:25.819,1000,0
22:13:25.835,1000,0
22:13:25.852,1000,0
22:13:25.869,1000,0
22:13:25.885,1000,0
22:13:25.902,1000,0
22:13:25.920,1000,0
22:13:25.935,1000,0
22:13:25.952,1000,0
22:13:25.969,1000,0
22:13:25.988,1000,0
22:13:26.004,1000,0
22:13:26.023,1000,0
22:13:26.035,1000,0
22:13:26.052,1000,0
22:13:26.070,1000,0
22:13:26.089,1000,0
22:13:26.104,1000,0
22:13:26.122,1000,0
22:13:26.139,1000,0
22:13:26.153,1000,0
22:13:26.169,1000,0
22:13:26.187,1000,0
22:13:26.202,1000,0
22:13:26.219,1000,0
22:13:26.235,1000,0
22:13:26.253,1000,0
22:13:26.269,1000,0
22:13:26.285,1000,0
22:13:26.302,1000,0
22:13:26.322,1000,0
22:13:26.336,1000,0
22:13:26.354,1000,0
22:13:26.370,1000,0
22:13:26.385,1000,0
22:13:26.402,1000,0
22:13:26.419,1000,0
22:13:26.436,1000,0
22:13:26.455,1000,0
22:13:26.469,1000,0
22:13:26.486,1000,0
22:13:26.504,1000,0
22:13:26.519,1000,0
22:13:26.536,1000,0
22:13:26.555,1000,0
22:13:26.571,1000,0
22:13:26.587,1000,0
22:13:26.605,1000,0
22:13:26.619,1000,0
22:13:26.639,1000,0
22:13:26.655,1000,0
22:13:26.669,1000,0
22:13:26.685,1000,0
22:13:26.705,1000,0
22:13:26.722,1000,0
22:13:26.739,1000,0
22:13:26.755,1000,0
22:13:26.775,1000,0
22:13:26.790,1000,0
22:13:26.803,1000,0
22:13:26.822,1000,0
22:13:26.839,1000,0
22:13:26.855,1000,0
22:13:26.869,1000,0
22:13:26.885,1000,0
22:13:26.902,1000,0
22:13:26.924,1000,0
22:13:26.938,1000,0
22:13:26.953,1000,0
22:13:26.972,1000,0
22:13:26.989,1000,0
22:13:27.002,1000,0
22:13:27.019,1000,0
22:13:27.040,1000,0
22:13:27.057,1000,0
22:13:27.068,1000,0
22:13:27.086,1000,0
22:13:27.101,1000,0
22:13:27.130,1000,0
22:13:27.137,1000,0
22:13:27.153,1000,0
22:13:27.171,1000,0
22:13:27.185,1000,0
22:13:27.208,1000,0
22:13:27.222,1000,0
22:13:27.237,1000,0
22:13:27.253,1000,0
22:13:27.268,1000,0
22:13:27.289,1000,0
22:13:27.304,1000,0
22:13:27.322,1000,0
22:13:27.341,1000,0
22:13:27.354,1000,0
22:13:27.372,1000,0
22:13:27.390,1000,0
22:13:27.403,1000,0
22:13:27.422,1000,0
22:13:27.440,1000,0
22:13:27.457,1000,0
22:13:27.472,1000,0
22:13:27.489,1000,0
22:13:27.504,1000,0
22:13:27.519,1000,0
22:13:27.536,1000,0
22:13:27.552,1000,0
22:13:27.570,1000,0
22:13:27.587,1000,0
22:13:27.606,1000,0
22:13:27.622,1000,0
22:13:27.640,1000,0
22:13:27.657,1000,0
22:13:27.669,1000,0
22:13:27.686,1000,0
22:13:27.706,1000,0
22:13:27.722,1000,0
22:13:27.737,1000,0
22:13:27.752,1000,0
22:13:27.772,1000,0
22:13:27.789,1000,0
22:13:27.802,1000,0
22:13:27.819,1000,0
22:13:27.836,1000,0
22:13:27.853,1000,0
22:13:27.869,1000,0
22:13:27.888,1000,0
22:13:27.906,1000,0

