timestamp,SP 2[RPM],PV 2[RPM]
23:05:05.890,0,0
23:05:05.904,0,0
23:05:05.916,0,0
23:05:05.920,0,0
23:05:05.921,0,0
23:05:05.924,0,0
23:05:05.934,0,0
23:05:05.936,0,0
23:05:05.955,0,0
23:05:05.972,0,0
23:05:05.981,0,0
23:05:05.996,0,0
23:05:06.007,0,0
23:05:06.007,0,0
23:05:06.012,0,0
23:05:06.023,0,0
23:05:06.045,0,0
23:05:06.049,0,0
23:05:06.052,0,0
23:05:06.062,0,0
23:05:06.064,0,0
23:05:06.065,0,0
23:05:06.068,0,0
23:05:06.095,0,0
23:05:06.096,0,0
23:05:06.105,0,0
23:05:06.113,0,0
23:05:06.119,0,0
23:05:06.123,0,0
23:05:06.135,0,0
23:05:06.173,0,0
23:05:06.182,0,0
23:05:06.189,0,0
23:05:06.196,0,0
23:05:06.199,0,0
23:05:06.201,0,0
23:05:06.222,0,0
23:05:06.227,0,0
23:05:06.233,0,0
23:05:06.235,0,0
23:05:06.243,0,0
23:05:06.263,0,0
23:05:06.268,0,0
23:05:06.271,0,0
23:05:06.275,0,0
23:05:06.287,0,0
23:05:06.295,0,0
23:05:06.296,0,0
23:05:06.311,0,0
23:05:06.339,0,0
23:05:06.345,0,0
23:05:06.356,0,0
23:05:06.358,0,0
23:05:06.359,0,0
23:05:06.375,0,0
23:05:06.389,0,0
23:05:06.395,0,0
23:05:06.402,0,0
23:05:06.412,0,0
23:05:06.424,0,0
23:05:06.428,0,0
23:05:06.428,0,0
23:05:06.431,0,0
23:05:06.440,0,0
23:05:06.441,0,0
23:05:06.444,0,0
23:05:06.456,0,0
23:05:06.457,0,0
23:05:06.471,0,0
23:05:06.477,0,0
23:05:06.483,0,0
23:05:06.487,0,0
23:05:06.496,0,0
23:05:06.505,0,0
23:05:06.510,0,0
23:05:06.519,0,0
23:05:06.525,0,0
23:05:06.526,0,0
23:05:06.555,0,0
23:05:06.564,0,0
23:05:06.567,0,0
23:05:06.570,0,0
23:05:06.576,0,0
23:05:06.585,0,0
23:05:06.597,0,0
23:05:06.605,0,0
23:05:06.609,0,0
23:05:06.611,0,0
23:05:06.612,0,0
23:05:06.623,0,0
23:05:06.639,0,0
23:05:06.644,0,0
23:05:06.654,0,0
23:05:06.656,0,0
23:05:06.677,0,0
23:05:06.680,0,0
23:05:06.686,0,0
23:05:06.696,0,0
23:05:06.706,0,0
23:05:06.708,0,0
23:05:06.710,0,0
23:05:06.716,0,0
23:05:06.717,0,0
23:05:06.724,0,0
23:05:06.738,0,0
23:05:06.746,0,0
23:05:06.749,0,0
23:05:06.766,0,0
23:05:06.776,0,0
23:05:06.796,0,0
23:05:06.805,0,0
23:05:06.817,0,0
23:05:06.822,0,0
23:05:06.847,0,0
23:05:06.850,0,0
23:05:06.857,0,0
23:05:06.865,0,0
23:05:06.877,0,0
23:05:06.879,0,0
23:05:06.880,0,0
23:05:06.885,0,0
23:05:06.894,0,0
23:05:06.898,0,0
23:05:06.908,0,0
23:05:06.911,0,0
23:05:06.922,0,0
23:05:06.923,0,0
23:05:06.945,0,0
23:05:06.957,0,0
23:05:06.958,0,0
23:05:06.964,0,0
23:05:06.979,0,0
23:05:06.980,0,0
23:05:06.985,0,0
23:05:07.000,0,0
23:05:07.005,0,0
23:05:07.008,0,0
23:05:07.013,0,0
23:05:07.022,0,0
23:05:07.025,0,0
23:05:07.040,0,0
23:05:07.042,0,0
23:05:07.045,0,0
23:05:07.058,0,0
23:05:07.066,0,0
23:05:07.080,0,0
23:05:07.091,0,0
23:05:07.105,0,0
23:05:07.121,0,0
23:05:07.134,0,0
23:05:07.147,0,0
23:05:07.149,0,0
23:05:07.151,0,0
23:05:07.151,0,0
23:05:07.156,0,0
23:05:07.171,0,0
23:05:07.180,0,0
23:05:07.194,0,0
23:05:07.197,0,0
23:05:07.208,0,0
23:05:07.223,0,0
23:05:07.223,0,0
23:05:07.233,0,0
23:05:07.235,0,0
23:05:07.237,0,0
23:05:07.255,0,0
23:05:07.273,0,0
23:05:07.289,0,0
23:05:07.299,0,0
23:05:07.311,0,0
23:05:07.315,0,0
23:05:07.327,0,0
23:05:07.332,0,0
23:05:07.338,0,0
23:05:07.346,0,0
23:05:07.353,0,0
23:05:07.354,0,0
23:05:07.365,0,0
23:05:07.377,0,0
23:05:07.395,0,0
23:05:07.411,0,0
23:05:07.424,0,0
23:05:07.432,0,0
23:05:07.440,0,0
23:05:07.461,0,0
23:05:07.469,0,0
23:05:07.485,0,0
23:05:07.503,0,0
23:05:07.515,0,0
23:05:07.527,0,0
23:05:07.541,0,0
23:05:07.542,0,0
23:05:07.550,0,0
23:05:07.561,0,0
23:05:07.562,0,0
23:05:07.565,0,0
23:05:07.577,0,0
23:05:07.581,0,0
23:05:07.587,0,0
23:05:07.588,0,0
23:05:07.592,0,0
23:05:07.607,0,0
23:05:07.611,0,0
23:05:07.614,0,0
23:05:07.615,0,0
23:05:07.616,0,0
23:05:07.637,0,0
23:05:07.639,0,0
23:05:07.640,0,0
23:05:07.670,0,0
23:05:07.672,0,0
23:05:07.683,0,0
23:05:07.684,0,0
23:05:07.685,0,0
23:05:07.697,0,0
23:05:07.698,0,0
23:05:07.702,0,0
23:05:07.712,0,0
23:05:07.715,0,0
23:05:07.727,0,0
23:05:07.735,0,0
23:05:07.742,0,0
23:05:07.746,0,0
23:05:07.756,0,0
23:05:07.761,0,0
23:05:07.770,0,0
23:05:07.775,0,0
23:05:07.784,0,0
23:05:07.788,0,0
23:05:07.798,0,0
23:05:07.805,0,0
23:05:07.812,0,0
23:05:07.816,0,0
23:05:07.832,0,0
23:05:07.841,0,0
23:05:07.843,0,0
23:05:07.844,0,0
23:05:07.855,0,0
23:05:07.868,0,0
23:05:07.871,0,0
23:05:07.895,0,0
23:05:07.897,0,0
23:05:07.899,0,0
23:05:07.900,0,0
23:05:07.905,0,0
23:05:07.917,0,0
23:05:07.918,0,0
23:05:07.928,0,0
23:05:07.931,0,0
23:05:07.937,0,0
23:05:07.961,0,0
23:05:07.967,0,0
23:05:07.976,0,0
23:05:07.987,0,0
23:05:07.991,0,0
23:05:07.993,0,0
23:05:08.015,0,0
23:05:08.027,0,0
23:05:08.037,0,0
23:05:08.051,0,0
23:05:08.058,0,0
23:05:08.069,0,0
23:05:08.076,0,0
23:05:08.082,0,0
23:05:08.103,0,0
23:05:08.111,0,0
23:05:08.111,0,0
23:05:08.122,0,0
23:05:08.136,0,0
23:05:08.151,0,0
23:05:08.173,0,0
23:05:08.198,0,0
23:05:08.208,0,0
23:05:08.213,0,0
23:05:08.245,0,0
23:05:08.256,0,0
23:05:08.295,0,0
23:05:08.300,0,0
23:05:08.306,0,0
23:05:08.325,0,0
23:05:08.325,0,0
23:05:08.329,0,0
23:05:08.332,0,0
23:05:08.346,0,0
23:05:08.360,0,0
23:05:08.361,0,0
23:05:08.365,0,0
23:05:08.371,0,0
23:05:08.385,0,0
23:05:08.386,0,0
23:05:08.395,0,0
23:05:08.399,0,0
23:05:08.405,0,0
23:05:08.415,0,0
23:05:08.430,0,0
23:05:08.436,0,0
23:05:08.444,0,0
23:05:08.445,0,0
23:05:08.458,0,0
23:05:08.465,0,0
23:05:08.472,0,0
23:05:08.485,0,0
23:05:08.486,0,0
23:05:08.498,0,0
23:05:08.511,0,0
23:05:08.514,0,0
23:05:08.525,0,0
23:05:08.534,0,0
23:05:08.535,0,0
23:05:08.540,0,0
23:05:08.554,0,0
23:05:08.561,0,0
23:05:08.561,0,0
23:05:08.564,0,0
23:05:08.577,0,0
23:05:08.585,0,0
23:05:08.589,0,0
23:05:08.591,0,0
23:05:08.622,0,0
23:05:08.633,0,0
23:05:08.643,0,0
23:05:08.644,0,0
23:05:08.645,0,0
23:05:08.647,0,0
23:05:08.657,0,0
23:05:08.673,0,0
23:05:08.674,0,0
23:05:08.678,0,0
23:05:08.697,0,0
23:05:08.701,0,0
23:05:08.703,0,0
23:05:08.708,0,0
23:05:08.720,0,0
23:05:08.734,0,0
23:05:08.746,0,0
23:05:08.759,0,0
23:05:08.771,0,0
23:05:08.782,0,0
23:05:08.788,0,0
23:05:08.793,0,0
23:05:08.803,0,0
23:05:08.805,0,0
23:05:08.812,0,0
23:05:08.812,0,0
23:05:08.821,0,0
23:05:08.828,0,0
23:05:08.828,0,0
23:05:08.832,0,0
23:05:08.840,0,0
23:05:08.849,0,0
23:05:08.854,0,0
23:05:08.863,0,0
23:05:08.871,0,0
23:05:08.880,0,0
23:05:08.902,0,0
23:05:08.915,0,0
23:05:08.934,0,0
23:05:08.935,0,0
23:05:08.947,0,0
23:05:08.950,0,0
23:05:08.951,0,0
23:05:08.954,0,0
23:05:08.971,0,0
23:05:08.972,0,0
23:05:08.983,0,0
23:05:08.988,0,0
23:05:08.988,0,0
23:05:08.995,0,0
23:05:09.015,0,0
23:05:09.020,0,0
23:05:09.022,0,0
23:05:09.037,0,0
23:05:09.039,0,0
23:05:09.057,0,0
23:05:09.058,0,0
23:05:09.061,0,0
23:05:09.077,0,0
23:05:09.086,0,0
23:05:09.092,0,0
23:05:09.096,0,0
23:05:09.107,0,0
23:05:09.116,0,0
23:05:09.127,0,0
23:05:09.134,0,0
23:05:09.147,0,0
23:05:09.148,0,0
23:05:09.149,0,0
23:05:09.155,0,0
23:05:09.167,0,0
23:05:09.175,0,0
23:05:09.187,0,0
23:05:09.190,0,0
23:05:09.197,0,0
23:05:09.204,0,0
23:05:09.216,0,0
23:05:09.219,0,0
23:05:09.220,0,0
23:05:09.225,0,0
23:05:09.237,0,0
23:05:09.248,0,0
23:05:09.257,0,0
23:05:09.260,0,0
23:05:09.267,0,0
23:05:09.274,0,0
23:05:09.287,0,0
23:05:09.315,0,0
23:05:09.330,0,0
23:05:09.342,0,0
23:05:09.356,0,0
23:05:09.359,0,0
23:05:09.360,0,0
23:05:09.360,0,0
23:05:09.365,0,0
23:05:09.377,0,0
23:05:09.385,0,0
23:05:09.397,0,0
23:05:09.401,0,0
23:05:09.417,0,0
23:05:09.431,0,0
23:05:09.452,0,0
23:05:09.457,0,0
23:05:09.467,0,0
23:05:09.475,0,0
23:05:09.486,0,0
23:05:09.490,0,0
23:05:09.495,0,0
23:05:09.497,0,0
23:05:09.504,0,0
23:05:09.514,0,0
23:05:09.518,0,0
23:05:09.525,0,0
23:05:09.537,0,0
23:05:09.544,0,0
23:05:09.557,0,0
23:05:09.558,0,0
23:05:09.560,0,0
23:05:09.566,0,0
23:05:09.574,0,0
23:05:09.578,0,0
23:05:09.588,0,0
23:05:09.588,0,0
23:05:09.595,0,0
23:05:09.609,0,0
23:05:09.615,0,0
23:05:09.616,0,0
23:05:09.618,0,0
23:05:09.640,0,0
23:05:09.643,0,0
23:05:09.644,0,0
23:05:09.656,0,0
23:05:09.659,0,0
23:05:09.667,0,0
23:05:09.672,0,0
23:05:09.685,0,0
23:05:09.687,0,0
23:05:09.695,0,0
23:05:09.700,0,0
23:05:09.705,0,0
23:05:09.715,0,0
23:05:09.725,0,0
23:05:09.729,0,0
23:05:09.739,0,0
23:05:09.744,0,0
23:05:09.755,0,0
23:05:09.758,0,0
23:05:09.758,0,0
23:05:09.769,0,0
23:05:09.773,0,0
23:05:09.782,0,0
23:05:09.787,0,0
23:05:09.802,0,0
23:05:09.808,0,0
23:05:09.817,0,0
23:05:09.822,0,0
23:05:09.831,0,0
23:05:09.836,0,0
23:05:09.845,0,0
23:05:09.852,0,0
23:05:09.861,0,0
23:05:09.862,0,0
23:05:09.865,0,0
23:05:09.877,0,0
23:05:09.885,0,0
23:05:09.893,0,0
23:05:09.896,0,0
23:05:09.900,0,0
23:05:09.900,0,0
23:05:09.906,0,0
23:05:09.915,0,0
23:05:09.926,0,0
23:05:09.933,0,0
23:05:09.940,0,0
23:05:09.957,0,0
23:05:09.965,0,0
23:05:09.974,0,0
23:05:09.981,0,0
23:05:09.997,0,0
23:05:09.997,0,0
23:05:09.999,0,0
23:05:09.999,0,0
23:05:10.010,0,0
23:05:10.022,0,0
23:05:10.023,0,0
23:05:10.025,0,0
23:05:10.037,0,0
23:05:10.039,0,0
23:05:10.040,0,0
23:05:10.052,0,0
23:05:10.077,0,0
23:05:10.082,0,0
23:05:10.083,0,0
23:05:10.095,0,0
23:05:10.124,0,0
23:05:10.133,0,0
23:05:10.139,0,0
23:05:10.156,0,0
23:05:10.172,0,0
23:05:10.195,0,0
23:05:10.213,0,0
23:05:10.236,0,0
23:05:10.255,0,0
23:05:10.268,0,0
23:05:10.275,0,0
23:05:10.295,0,0
23:05:10.310,0,0
23:05:10.324,0,0
23:05:10.338,0,0
23:05:10.345,0,0
23:05:10.365,0,0
23:05:10.380,0,0
23:05:10.382,0,0
23:05:10.385,0,0
23:05:10.396,0,0
23:05:10.400,0,0
23:05:10.410,0,0
23:05:10.411,0,0
23:05:10.414,0,0
23:05:10.425,0,0
23:05:10.429,0,0
23:05:10.447,0,0
23:05:10.452,0,0
23:05:10.458,0,0
23:05:10.465,0,0
23:05:10.473,0,0
23:05:10.482,0,0
23:05:10.494,0,0
23:05:10.496,0,0
23:05:10.506,0,0
23:05:10.506,0,0
23:05:10.512,0,0
23:05:10.517,0,0
23:05:10.525,0,0
23:05:10.530,0,0
23:05:10.542,0,0
23:05:10.545,0,0
23:05:10.553,0,0
23:05:10.559,0,0
23:05:10.565,0,0
23:05:10.572,0,0
23:05:10.584,0,0
23:05:10.596,0,0
23:05:10.605,0,0
23:05:10.607,0,0
23:05:10.622,0,0
23:05:10.636,0,0
23:05:10.637,0,0
23:05:10.647,0,0
23:05:10.649,0,0
23:05:10.677,0,0
23:05:10.701,0,0
23:05:10.712,0,0
23:05:10.728,0,0
23:05:10.741,0,0
23:05:10.758,0,0
23:05:10.771,0,0
23:05:10.781,0,0
23:05:10.785,0,0
23:05:10.805,0,0
23:05:10.814,0,0
23:05:10.825,0,0
23:05:10.831,0,0
23:05:10.831,0,0
23:05:10.835,0,0
23:05:10.857,0,0
23:05:10.858,0,0
23:05:10.866,0,0
23:05:10.879,0,0
23:05:10.885,0,0
23:05:10.887,0,0
23:05:10.892,0,0
23:05:10.900,0,0
23:05:10.914,0,0
23:05:10.919,0,0
23:05:10.928,0,0
23:05:10.929,0,0
23:05:10.936,0,0
23:05:10.948,0,0
23:05:10.954,0,0
23:05:10.974,0,0
23:05:10.986,0,0
23:05:10.997,0,0
23:05:11.002,0,0
23:05:11.017,0,0
23:05:11.024,0,0
23:05:11.034,0,0
23:05:11.045,0,0
23:05:11.047,0,0
23:05:11.054,0,0
23:05:11.056,0,0
23:05:11.056,0,0
23:05:11.077,0,0
23:05:11.081,0,0
23:05:11.088,0,0
23:05:11.095,0,0
23:05:11.101,0,0
23:05:11.107,0,0
23:05:11.111,0,0
23:05:11.120,0,0
23:05:11.127,0,0
23:05:11.134,0,0
23:05:11.155,0,0
23:05:11.168,0,0
23:05:11.175,0,0
23:05:11.195,0,0
23:05:11.211,0,0
23:05:11.238,0,0
23:05:11.244,0,0
23:05:11.257,0,0
23:05:11.271,0,0
23:05:11.297,0,0
23:05:11.309,0,0
23:05:11.310,0,0
23:05:11.345,0,0
23:05:11.352,0,0
23:05:11.365,0,0
23:05:11.367,0,0
23:05:11.369,0,0
23:05:11.371,0,0
23:05:11.386,0,0
23:05:11.387,0,0
23:05:11.393,0,0
23:05:11.401,0,0
23:05:11.415,0,0
23:05:11.429,0,0
23:05:11.437,0,0
23:05:11.451,0,0
23:05:11.463,0,0
23:05:11.466,0,0
23:05:11.466,0,0
23:05:11.480,0,0
23:05:11.481,0,0
23:05:11.483,0,0
23:05:11.490,0,0
23:05:11.496,0,0
23:05:11.497,0,0
23:05:11.511,0,0
23:05:11.514,3207.8699,0
23:05:11.517,3207.8699,0
23:05:11.532,3207.8699,0
23:05:11.535,3207.8699,0
23:05:11.536,3207.8699,0
23:05:11.539,3207.8699,0
23:05:11.557,3207.8699,0
23:05:11.558,3207.8699,0
23:05:11.560,3207.8699,0
23:05:11.567,3207.8699,0
23:05:11.582,3207.8699,0
23:05:11.591,3207.8699,0
23:05:11.607,3207.8699,0
23:05:11.615,3207.8699,0
23:05:11.632,3207.8699,0
23:05:11.649,3207.8699,0
23:05:11.661,3207.8699,0
23:05:11.677,3207.8699,0
23:05:11.688,3207.8699,0
23:05:11.690,3207.8699,0
23:05:11.707,3207.8699,0
23:05:11.720,3207.8699,0
23:05:11.727,3207.8699,0
23:05:11.734,3207.8699,0
23:05:11.740,3207.8699,0
23:05:11.750,3207.8699,0
23:05:11.767,3207.8699,0
23:05:11.778,3207.8699,0
23:05:11.787,3207.8699,0
23:05:11.793,3207.8699,2261.4204
23:05:11.805,3207.8699,2261.4204
23:05:11.808,3207.8699,2261.4204
23:05:11.817,3207.8699,2261.4204
23:05:11.829,3207.8699,2261.4204
23:05:11.838,3207.8699,2992.22
23:05:11.838,3207.8699,2992.22
23:05:11.845,3207.8699,2992.22
23:05:11.852,3207.8699,2992.22
23:05:11.853,3207.8699,2992.22
23:05:11.867,3207.8699,2992.22
23:05:11.880,3207.8699,3407.542
23:05:11.885,3207.8699,3407.542
23:05:11.894,3207.8699,3407.542
23:05:11.905,3207.8699,3407.542
23:05:11.908,3207.8699,3407.542
23:05:11.915,3207.8699,3407.542
23:05:11.923,3207.8699,3637.2454
23:05:11.936,3207.8699,3637.2454
23:05:11.936,3207.8699,3637.2454
23:05:11.945,3207.8699,3637.2454
23:05:11.950,3207.8699,3776.435
23:05:11.955,3207.8699,3776.435
23:05:11.964,3207.8699,3776.435
23:05:11.975,3207.8699,3776.435
23:05:11.978,3207.8699,3776.435
23:05:11.985,3207.8699,3776.435
23:05:11.992,3207.8699,3865.9795
23:05:12.005,3207.8699,3865.9795
23:05:12.006,3207.8699,3865.9795
23:05:12.007,3207.8699,3865.9795
23:05:12.015,3207.8699,3865.9795
23:05:12.020,3207.8699,3865.9795
23:05:12.035,3207.8699,3934.9424
23:05:12.049,3207.8699,3934.9424
23:05:12.055,3207.8699,3934.9424
23:05:12.062,3207.8699,3934.9424
23:05:12.075,3207.8699,3934.9424
23:05:12.078,3207.8699,3988.3008
23:05:12.084,3207.8699,3988.3008
23:05:12.090,3207.8699,3988.3008
23:05:12.095,3207.8699,3988.3008
23:05:12.104,3207.8699,3988.3008
23:05:12.116,3207.8699,3988.3008
23:05:12.119,3207.8699,4077.1948
23:05:12.125,3207.8699,4077.1948
23:05:12.133,3207.8699,4077.1948
23:05:12.136,3207.8699,4077.1948
23:05:12.148,3207.8699,4077.1948
23:05:12.155,3207.8699,4077.1948
23:05:12.167,3207.8699,4110.715
23:05:12.175,3207.8699,4110.715
23:05:12.177,3207.8699,4110.715
23:05:12.197,3207.8699,4139.073
23:05:12.205,3207.8699,4139.073
23:05:12.207,3207.8699,4139.073
23:05:12.208,3207.8699,4139.073
23:05:12.212,3207.8699,4139.073
23:05:12.220,3207.8699,4139.073
23:05:12.245,3207.8699,4174.7847
23:05:12.258,3207.8699,4174.7847
23:05:12.258,3207.8699,4174.7847
23:05:12.268,3207.8699,4174.7847
23:05:12.292,3207.8699,4174.7847
23:05:12.294,3207.8699,4174.7847
23:05:12.299,3207.8699,4191.1147
23:05:12.300,3207.8699,4191.1147
23:05:12.315,3207.8699,4191.1147
23:05:12.338,3207.8699,4191.1147
23:05:12.351,3207.8699,4191.1147
23:05:12.354,3207.8699,4204.036
23:05:12.355,3207.8699,4204.036
23:05:12.368,3207.8699,4212.3
23:05:12.375,3207.8699,4212.3
23:05:12.383,3207.8699,4212.3
23:05:12.385,3207.8699,4212.3
23:05:12.397,3207.8699,4212.3
23:05:12.403,3207.8699,4212.3
23:05:12.417,3207.8699,4230.1187
23:05:12.423,3207.8699,4230.1187
23:05:12.430,3207.8699,4230.1187
23:05:12.436,3207.8699,4230.1187
23:05:12.446,3207.8699,4230.1187
23:05:12.447,3207.8699,4230.1187
23:05:12.452,3207.8699,4237.288
23:05:12.456,3207.8699,4237.288
23:05:12.468,3207.8699,4237.288
23:05:12.469,3207.8699,4237.288
23:05:12.477,3207.8699,4237.288
23:05:12.488,3207.8699,4251.7007
23:05:12.494,3207.8699,4251.7007
23:05:12.505,3207.8699,4251.7007
23:05:12.506,3207.8699,4251.7007
23:05:12.509,3207.8699,4251.7007
23:05:12.515,3207.8699,4251.7007
23:05:12.524,3207.8699,4251.7007
23:05:12.542,3207.8699,4258.944
23:05:12.547,3207.8699,4258.944
23:05:12.554,3207.8699,4258.944
23:05:12.558,3207.8699,4258.944
23:05:12.581,3207.8699,4264.999
23:05:12.592,3207.8699,4264.999
23:05:12.601,3207.8699,4264.999
23:05:12.605,3207.8699,4264.999
23:05:12.616,3207.8699,4272.287
23:05:12.619,3207.8699,4272.287
23:05:12.627,3207.8699,4272.287
23:05:12.635,3207.8699,4272.287
23:05:12.646,3207.8699,4272.287
23:05:12.651,3207.8699,4272.287
23:05:12.659,3207.8699,4285.7144
23:05:12.664,3207.8699,4285.7144
23:05:12.677,3207.8699,4285.7144
23:05:12.681,3207.8699,4285.7144
23:05:12.682,3207.8699,4285.7144
23:05:12.687,3207.8699,4285.7144
23:05:12.707,3207.8699,4297.994
23:05:12.719,3207.8699,4297.994
23:05:12.727,3207.8699,4297.994
23:05:12.735,3207.8699,4297.994
23:05:12.743,3207.8699,4305.396
23:05:12.744,3207.8699,4305.396
23:05:12.757,3207.8699,4305.396
23:05:12.763,3207.8699,4305.396
23:05:12.769,3207.8699,4309.1064
23:05:12.775,3207.8699,4309.1064
23:05:12.783,3207.8699,4309.1064
23:05:12.788,3207.8699,4309.1064
23:05:12.792,3207.8699,4309.1064
23:05:12.794,3207.8699,4309.1064
23:05:12.807,3207.8699,4315.305
23:05:12.814,3207.8699,4315.305
23:05:12.823,3207.8699,4315.305
23:05:12.825,3207.8699,4315.305
23:05:12.835,3207.8699,4315.305
23:05:12.839,3207.8699,4315.305
23:05:12.858,3207.8699,4327.7554
23:05:12.861,3207.8699,4327.7554
23:05:12.867,3207.8699,4327.7554
23:05:12.870,3207.8699,4327.7554
23:05:12.883,3207.8699,4327.7554
23:05:12.885,3207.8699,4327.7554
23:05:12.894,3207.8699,4332.7554
23:05:12.905,3207.8699,4332.7554
23:05:12.908,3207.8699,4332.7554
23:05:12.916,3207.8699,4332.7554
23:05:12.922,3207.8699,4332.7554
23:05:12.936,3207.8699,4327.7554
23:05:12.945,3207.8699,4327.7554
23:05:12.950,3207.8699,4327.7554
23:05:12.955,3207.8699,4327.7554
23:05:12.965,3207.8699,4327.7554
23:05:12.975,3207.8699,4327.7554
23:05:12.978,3207.8699,4326.5073
23:05:12.985,3207.8699,4326.5073
23:05:12.992,3207.8699,4326.5073
23:05:13.002,3207.8699,4326.5073
23:05:13.006,3207.8699,4324.0127
23:05:13.015,3207.8699,4324.0127
23:05:13.020,3207.8699,4324.0127
23:05:13.033,3207.8699,4324.0127
23:05:13.034,3207.8699,4324.0127
23:05:13.042,3207.8699,4324.0127
23:05:13.051,3207.8699,4322.7666
23:05:13.063,3207.8699,4322.7666
23:05:13.074,3207.8699,4322.7666
23:05:13.077,3207.8699,4322.7666
23:05:13.086,3207.8699,4322.7666
23:05:13.093,3207.8699,4321.521
23:05:13.095,3207.8699,4321.521
23:05:13.105,3207.8699,4321.521
23:05:13.115,3207.8699,4321.521
23:05:13.119,3207.8699,4321.521
23:05:13.125,3207.8699,4321.521
23:05:13.134,3207.8699,4319.0327
23:05:13.134,3207.8699,4319.0327
23:05:13.148,3207.8699,4319.0327
23:05:13.156,3207.8699,4319.0327
23:05:13.162,3207.8699,4319.0327
23:05:13.165,3207.8699,4319.0327
23:05:13.177,3207.8699,4316.547
23:05:13.179,3207.8699,4316.547
23:05:13.182,3207.8699,4316.547
23:05:13.193,3207.8699,4316.547
23:05:13.203,3207.8699,4316.547
23:05:13.216,3207.8699,4316.547
23:05:13.219,3207.8699,4314.0635
23:05:13.221,3207.8699,4314.0635
23:05:13.235,3207.8699,4314.0635
23:05:13.245,3207.8699,4314.0635
23:05:13.248,3207.8699,4311.584
23:05:13.249,3207.8699,4311.584
23:05:13.255,3207.8699,4311.584
23:05:13.262,3207.8699,4311.584
23:05:13.265,3207.8699,4311.584
23:05:13.278,3207.8699,4311.584
23:05:13.285,3207.8699,4311.584
23:05:13.290,3207.8699,4311.584
23:05:13.304,3207.8699,4311.584
23:05:13.309,3207.8699,4311.584
23:05:13.318,3207.8699,4311.584
23:05:13.323,3207.8699,4311.584
23:05:13.332,3207.8699,4310.3447
23:05:13.335,3207.8699,4310.3447
23:05:13.347,3207.8699,4310.3447
23:05:13.348,3207.8699,4310.3447
23:05:13.354,3207.8699,4310.3447
23:05:13.367,3207.8699,4310.3447
23:05:13.374,3207.8699,4310.3447
23:05:13.385,3207.8699,4310.3447
23:05:13.389,3207.8699,4310.3447
23:05:13.395,3207.8699,4310.3447
23:05:13.403,3207.8699,4310.3447
23:05:13.405,3207.8699,4310.3447
23:05:13.417,3207.8699,4307.869
23:05:13.425,3207.8699,4307.869
23:05:13.431,3207.8699,4307.869
23:05:13.435,3207.8699,4307.869
23:05:13.446,3207.8699,4307.869
23:05:13.455,3207.8699,4307.869
23:05:13.459,3207.8699,4307.869
23:05:13.460,3207.8699,4307.869
23:05:13.461,3207.8699,4307.869
23:05:13.462,3207.8699,4307.869
23:05:13.469,6922.012,4305.396
23:05:13.484,13077.594,4305.396
23:05:13.490,13077.594,4305.396
23:05:13.491,13077.594,4305.396
23:05:13.492,13077.594,4305.396
23:05:13.494,13077.594,4305.396
23:05:13.515,13077.594,4302.926
23:05:13.518,13077.594,4302.926
23:05:13.522,13077.594,4302.926
23:05:13.533,13077.594,4302.926
23:05:13.546,13077.594,4300.4585
23:05:13.547,13077.594,4300.4585
23:05:13.554,13077.594,4300.4585
23:05:13.566,13077.594,4300.4585
23:05:13.570,13077.594,4300.4585
23:05:13.574,13077.594,4300.4585
23:05:13.583,13077.594,4300.4585
23:05:13.583,13077.594,4300.4585
23:05:13.585,13077.594,4300.4585
23:05:13.590,13077.594,4297.994
23:05:13.595,13077.594,4297.994
23:05:13.605,13077.594,4297.994
23:05:13.609,13077.594,4297.994
23:05:13.618,13077.594,4297.994
23:05:13.620,13077.594,4297.994
23:05:13.634,13077.594,4297.994
23:05:13.647,13077.594,4297.994
23:05:13.655,13077.594,4297.994
23:05:13.661,13077.594,4294.3027
23:05:13.665,13077.594,4294.3027
23:05:13.676,13077.594,4294.3027
23:05:13.691,13077.594,4294.3027
23:05:13.692,13077.594,4294.3027
23:05:13.705,13077.594,4294.3027
23:05:13.719,13077.594,4290.618
23:05:13.722,13077.594,4290.618
23:05:13.734,13077.594,4290.618
23:05:13.738,13077.594,4290.618
23:05:13.757,13077.594,4289.3906
23:05:13.760,13077.594,4289.3906
23:05:13.763,13077.594,4289.3906
23:05:13.766,13077.594,4289.3906
23:05:13.787,13077.594,4289.3906
23:05:13.789,13077.594,4286.939
23:05:13.793,13077.594,4286.939
23:05:13.817,13077.594,4286.939
23:05:13.830,13077.594,4286.939
23:05:13.842,13077.594,4280.822
23:05:13.845,13077.594,4280.822
23:05:13.857,13077.594,4280.822
23:05:13.860,13077.594,4280.822
23:05:13.862,13077.594,4279.6006
23:05:13.866,13077.594,4279.6006
23:05:13.877,13077.594,4279.6006
23:05:13.883,13077.594,4279.6006
23:05:13.890,13077.594,4279.6006
23:05:13.895,13077.594,4279.6006
23:05:13.905,13077.594,4275.941
23:05:13.920,13077.594,4275.941
23:05:13.929,13077.594,4275.941
23:05:13.934,13077.594,4275.941
23:05:13.936,13077.594,4275.941
23:05:13.948,13077.594,4279.6006
23:05:13.952,13077.594,4279.6006
23:05:13.967,13077.594,4279.6006
23:05:13.972,13077.594,4279.6006
23:05:13.976,13077.594,4279.6006
23:05:13.985,13077.594,4279.6006
23:05:13.990,13077.594,4278.38
23:05:13.995,13077.594,4278.38
23:05:14.005,13077.594,4278.38
23:05:14.015,13077.594,4278.38
23:05:14.019,13077.594,4278.38
23:05:14.020,13077.594,4278.38
23:05:14.032,13077.594,4455.0044
23:05:14.035,13077.594,4455.0044
23:05:14.046,13077.594,4455.0044
23:05:14.055,13077.594,4455.0044
23:05:14.060,13077.594,4455.0044
23:05:14.061,13077.594,4455.0044
23:05:14.074,13077.594,5662.514
23:05:14.075,13077.594,5662.514
23:05:14.088,13077.594,5662.514
23:05:14.095,13077.594,5662.514
23:05:14.102,13077.594,6132.4614
23:05:14.103,13077.594,6132.4614
23:05:14.115,13077.594,6132.4614
23:05:14.117,13077.594,6132.4614
23:05:14.132,13077.594,6132.4614
23:05:14.136,13077.594,6132.4614
23:05:14.144,13077.594,6830.601
23:05:14.155,13077.594,6830.601
23:05:14.158,13077.594,6830.601
23:05:14.174,13077.594,6830.601
23:05:14.175,13077.594,6830.601
23:05:14.187,13077.594,7180.469
23:05:14.195,13077.594,7180.469
23:05:14.201,13077.594,7180.469
23:05:14.215,13077.594,7180.469
23:05:14.229,13077.594,7462.6865
23:05:14.235,13077.594,7462.6865
23:05:14.242,13077.594,7462.6865
23:05:14.255,13077.594,7462.6865
23:05:14.258,13077.594,7462.6865
23:05:14.265,13077.594,7462.6865
23:05:14.272,13077.594,7645.26
23:05:14.285,13077.594,7645.26
23:05:14.287,13077.594,7645.26
23:05:14.300,13077.594,7645.26
23:05:14.301,13077.594,7645.26
23:05:14.315,13077.594,7755.947
23:05:14.340,13077.594,7755.947
23:05:14.342,13077.594,7755.947
23:05:14.355,13077.594,7755.947
23:05:14.358,13077.594,7755.947
23:05:14.366,13077.594,7755.947
23:05:14.377,13077.594,7907.222
23:05:14.384,13077.594,7907.222
23:05:14.411,13077.594,7907.222
23:05:14.424,13077.594,8205.689
23:05:14.440,13077.594,8205.689
23:05:14.445,13077.594,8205.689
23:05:14.455,13077.594,8310.249
23:05:14.466,13077.594,8310.249
23:05:14.476,13077.594,8310.249
23:05:14.481,13077.594,8310.249
23:05:14.495,13077.594,8310.249
23:05:14.507,13077.594,8469.792
23:05:14.525,13077.594,8469.792
23:05:14.535,13077.594,8469.792
23:05:14.540,13077.594,8581.236
23:05:14.544,13077.594,8581.236
23:05:14.554,13077.594,8581.236
23:05:14.555,13077.594,8581.236
23:05:14.568,13077.594,8581.236
23:05:14.573,13077.594,8581.236
23:05:14.585,13077.594,8665.511
23:05:14.605,13077.594,8665.511
23:05:14.613,13077.594,8777.0625
23:05:14.621,13077.594,8777.0625
23:05:14.645,13077.594,8777.0625
23:05:14.653,13077.594,8777.0625
23:05:14.667,13077.594,8782.201
23:05:14.685,13077.594,8782.201
23:05:14.687,13077.594,8782.201
23:05:14.695,13077.594,8782.201
23:05:14.707,13077.594,8782.201
23:05:14.709,13077.594,8782.201
23:05:14.711,13077.594,8782.201
23:05:14.723,13077.594,8782.201
23:05:14.740,13077.594,8782.201
23:05:14.748,13077.594,8782.201
23:05:14.753,13077.594,8751.458
23:05:14.761,13077.594,8751.458
23:05:14.781,13077.594,8751.458
23:05:14.782,13077.594,8741.258
23:05:14.799,13077.594,8741.258
23:05:14.809,13077.594,8741.258
23:05:14.813,13077.594,8741.258
23:05:14.830,13077.594,8710.802
23:05:14.835,13077.594,8710.802
23:05:14.847,13077.594,8710.802
23:05:14.851,13077.594,8710.802
23:05:14.860,13077.594,8710.802
23:05:14.865,13077.594,8680.555
23:05:14.866,13077.594,8680.555
23:05:14.873,13077.594,8680.555
23:05:14.884,13077.594,8680.555
23:05:14.888,13077.594,8680.555
23:05:14.902,13077.594,8680.555
23:05:14.906,13077.594,8680.555
23:05:14.911,13077.594,8625.647
23:05:14.916,13077.594,8625.647
23:05:14.933,13077.594,8625.647
23:05:14.935,13077.594,8625.647
23:05:14.937,13077.594,8625.647
23:05:14.945,13077.594,8625.647
23:05:14.958,13077.594,8595.988
23:05:14.964,13077.594,8595.988
23:05:14.977,13077.594,8595.988
23:05:14.978,13077.594,8595.988
23:05:14.980,13077.594,8542.141
23:05:14.981,13077.594,8542.141
23:05:14.985,13077.594,8542.141
23:05:15.000,13077.594,8542.141
23:05:15.005,13077.594,8542.141
23:05:15.006,13077.594,8542.141
23:05:15.018,13077.594,8542.141
23:05:15.019,13077.594,8542.141
23:05:15.035,13077.594,8460.237
23:05:15.039,13077.594,8460.237
23:05:15.047,13077.594,8460.237
23:05:15.540,13077.594,8460.237
23:05:15.055,13077.594,8460.237
23:05:15.056,13077.594,8460.237
23:05:15.078,13077.594,8431.703
23:05:15.087,13077.594,8431.703
23:05:15.091,13077.594,8431.703
23:05:15.097,13077.594,8431.703
23:05:15.111,13077.594,8375.209
23:05:15.125,13077.594,8375.209
23:05:15.127,13077.594,8375.209
23:05:15.143,13077.594,8375.209
23:05:15.153,13077.594,8301.052
23:05:15.173,13077.594,8301.052
23:05:15.182,13077.594,8255.366
23:05:15.205,13077.594,8255.366
23:05:15.210,13077.594,8255.366
23:05:15.215,13077.594,8255.366
23:05:15.224,13077.594,8219.178
23:05:15.225,13077.594,8219.178
23:05:15.245,13077.594,8219.178
23:05:15.251,13077.594,8219.178
23:05:15.252,13077.594,8219.178
23:05:15.264,13077.594,8219.178
23:05:15.281,13077.594,8201.203
23:05:15.286,13077.594,8201.203
23:05:15.307,13077.594,8201.203
23:05:15.321,13077.594,8201.203
23:05:15.331,13077.594,8138.9043
23:05:15.356,13077.594,8138.9043
23:05:15.364,13077.594,8094.981
23:05:15.368,13077.594,8094.981
23:05:15.380,13077.594,8094.981
23:05:15.385,13077.594,8094.981
23:05:15.392,13077.594,8094.981
23:05:15.393,13077.594,8094.981
23:05:15.407,13077.594,8064.516
23:05:15.415,13077.594,8064.516
23:05:15.427,13077.594,8064.516
23:05:15.432,13077.594,8064.516
23:05:15.447,13077.594,8038.5854
23:05:15.460,13077.594,8038.5854
23:05:15.478,13077.594,8038.5854
23:05:15.490,13077.594,7995.7363
23:05:15.495,13077.594,7995.7363
23:05:15.505,13077.594,7995.7363
23:05:15.506,13077.594,7995.7363
23:05:15.518,13077.594,7982.9697
23:05:15.527,13077.594,7982.9697
23:05:15.533,13077.594,7982.9697
23:05:15.537,13077.594,7982.9697
23:05:15.548,13077.594,7982.9697
23:05:15.549,13077.594,7982.9697
23:05:15.560,13077.594,7982.9697
23:05:15.564,13077.594,7982.9697
23:05:15.574,13077.594,7982.9697
23:05:15.575,13077.594,7982.9697
23:05:15.577,13077.594,7982.9697
23:05:15.589,13077.594,7982.9697
23:05:15.592,13077.594,7982.9697
23:05:15.603,13077.594,7978.7236
23:05:15.616,13077.594,7978.7236
23:05:15.637,13077.594,7978.7236
23:05:15.638,13077.594,7978.7236
23:05:15.644,13077.594,7978.7236
23:05:15.654,13077.594,7966.0117
23:05:15.661,13077.594,7966.0117
23:05:15.665,13077.594,7966.0117
23:05:15.677,13077.594,7966.0117
23:05:15.685,13077.594,7966.0117
23:05:15.697,13077.594,7957.5596
23:05:15.704,13077.594,7957.5596
23:05:15.706,13077.594,7957.5596
23:05:15.708,13077.594,7957.5596
23:05:15.717,13077.594,7953.34
23:05:15.719,13077.594,7953.34
23:05:15.742,13077.594,7953.34
23:05:15.761,13077.594,7949.1255
23:05:15.766,13077.594,7949.1255
23:05:15.775,13077.594,7949.1255
23:05:15.777,13077.594,7949.1255
23:05:15.788,13077.594,7949.1255
23:05:15.790,13077.594,7949.1255
23:05:15.802,13077.594,7940.709
23:05:15.803,13077.594,7940.709
23:05:15.817,13077.594,7940.709
23:05:15.825,13077.594,7940.709
23:05:15.831,13077.594,7940.709
23:05:15.844,13077.594,7936.508
23:05:15.856,13077.594,7936.508
23:05:15.858,13077.594,7936.508
23:05:15.872,13077.594,7936.508
23:05:15.894,13077.594,7949.1255
23:05:15.905,13077.594,7949.1255
23:05:15.915,13077.594,7949.1255
23:05:15.918,13077.594,7949.1255
23:05:15.929,13077.594,7961.7837
23:05:15.948,13077.594,7961.7837
23:05:15.957,13077.594,7961.7837
23:05:15.972,13077.594,7970.244
23:05:15.976,13077.594,7970.244
23:05:15.987,13077.594,7970.244
23:05:16.008,13077.594,7987.2207
23:05:16.016,13077.594,7987.2207
23:05:16.031,13077.594,7987.2207
23:05:16.032,13077.594,7987.2207
23:05:16.035,13077.594,7987.2207
23:05:16.037,13077.594,7987.2207
23:05:16.044,13077.594,7991.476
23:05:16.045,13077.594,7991.476
23:05:16.058,13077.594,7991.476
23:05:16.060,13077.594,7991.476
23:05:16.062,13077.594,7991.476
23:05:16.073,13077.594,7991.476
23:05:16.076,13077.594,7991.476
23:05:16.087,13077.594,7995.7363
23:05:16.088,13077.594,7995.7363
23:05:16.100,13077.594,7995.7363
23:05:16.102,13077.594,7995.7363
23:05:16.114,13077.594,7995.7363
23:05:16.116,13077.594,7995.7363
23:05:16.128,13077.594,8000.0005
23:05:16.140,13077.594,8000.0005
23:05:16.143,13077.594,8000.0005
23:05:16.145,13077.594,8000.0005
23:05:16.156,13077.594,8000.0005
23:05:16.165,13077.594,8000.0005
23:05:16.170,13077.594,8008.5425
23:05:16.175,13077.594,8008.5425
23:05:16.185,13077.594,8008.5425
23:05:16.195,13077.594,8008.5425
23:05:16.199,13077.594,8008.5425
23:05:16.206,13077.594,8008.5425
23:05:16.212,13077.594,8012.821
23:05:16.213,13077.594,8012.821
23:05:16.226,13077.594,8012.821
23:05:16.227,13077.594,8012.821
23:05:16.241,13077.594,8012.821
23:05:16.254,13077.594,8017.1025
23:05:16.269,13077.594,8017.1025
23:05:16.276,13077.594,8017.1025
23:05:16.284,13077.594,8017.1025
23:05:16.286,13077.594,8017.1025
23:05:16.298,13077.594,8017.1025
23:05:16.298,13077.594,8017.1025
23:05:16.302,13077.594,8017.1025
23:05:16.313,13077.594,8017.1025
23:05:16.315,13077.594,8017.1025
23:05:16.326,13077.594,8017.1025
23:05:16.328,13077.594,8017.1025
23:05:16.342,13077.594,8025.682
23:05:16.346,13077.594,8025.682
23:05:16.359,13077.594,8025.682
23:05:16.365,13077.594,8025.682
23:05:16.372,13077.594,8025.682
23:05:16.373,13077.594,8025.682
23:05:16.376,13077.594,8025.682
23:05:16.385,13077.594,8025.682
23:05:16.387,13077.594,8025.682
23:05:16.406,13077.594,8025.682
23:05:16.423,13077.594,8029.9785
23:05:16.426,13077.594,8029.9785
23:05:16.436,13077.594,8029.9785
23:05:16.436,13077.594,8029.9785
23:05:16.444,13077.594,8029.9785
23:05:16.449,13077.594,8029.9785
23:05:16.459,13077.594,8029.9785
23:05:16.467,13077.594,8034.28
23:05:16.480,13077.594,8034.28
23:05:16.491,13077.594,8038.5854
23:05:16.501,13077.594,8038.5854
23:05:16.505,13077.594,8038.5854
23:05:16.519,13077.594,8038.5854
23:05:16.529,13077.594,8038.5854
23:05:16.534,13077.594,8042.896
23:05:16.539,13077.594,8042.896
23:05:16.547,13077.594,8042.896
23:05:16.552,13077.594,8042.896
23:05:16.562,13077.594,8042.896
23:05:16.566,13077.594,8042.896
23:05:16.575,13077.594,8042.896
23:05:16.587,13077.594,8042.896
23:05:16.590,13077.594,8042.896
23:05:16.608,13077.594,8042.896
23:05:16.613,13077.594,8042.896
23:05:16.616,13077.594,8042.896
23:05:16.627,13077.594,8047.211
23:05:16.631,13077.594,8047.211
23:05:16.633,13077.594,8047.211
23:05:16.637,13077.594,8047.211
23:05:16.647,13077.594,8047.211
23:05:16.648,13077.594,8047.211
23:05:16.661,13077.594,8047.211
23:05:16.669,13077.594,8047.211
23:05:16.676,13077.594,8047.211
23:05:16.685,13077.594,8047.211
23:05:16.691,13077.594,8047.211
23:05:16.705,13077.594,8047.211
23:05:16.707,13077.594,8051.5303
23:05:16.715,13077.594,8051.5303
23:05:16.719,13077.594,8051.5303
23:05:16.722,13077.594,8051.5303
23:05:16.735,13077.594,8055.854
23:05:16.736,13077.594,8055.854
23:05:16.747,13077.594,8055.854
23:05:16.749,13077.594,8055.854
23:05:16.767,13077.594,8055.854
23:05:16.772,13077.594,8055.854
23:05:16.787,13077.594,8051.5303
23:05:16.798,13077.594,8051.5303
23:05:16.807,13077.594,8051.5303
23:05:16.815,13077.594,8055.854
23:05:16.830,13077.594,8055.854
23:05:16.831,13077.594,8055.854
23:05:16.844,13077.594,8055.854
23:05:16.854,13077.594,8055.854
23:05:16.858,13077.594,8051.5303
23:05:16.871,13077.594,8051.5303
23:05:16.878,13077.594,8051.5303
23:05:16.895,13077.594,8051.5303
23:05:16.897,13077.594,8051.5303
23:05:16.899,13077.594,8051.5303
23:05:16.912,13077.594,8051.5303
23:05:16.922,13077.594,8051.5303
23:05:16.925,13077.594,8051.5303
23:05:16.930,13077.594,8051.5303
23:05:16.936,13077.594,8051.5303
23:05:16.942,13077.594,8055.854
23:05:16.945,13077.594,8055.854
23:05:16.947,13077.594,8055.854
23:05:16.957,13077.594,8055.854
23:05:16.959,13077.594,8055.854
23:05:16.971,13077.594,8055.854
23:05:16.972,13077.594,8055.854
23:05:16.987,13077.594,8060.1826
23:05:16.991,13077.594,8060.1826
23:05:16.998,13077.594,8060.1826
23:05:16.998,13077.594,8060.1826
23:05:17.001,13077.594,8060.1826
23:05:17.015,13077.594,8060.1826
23:05:17.020,13077.594,8060.1826
23:05:17.031,13077.594,8060.1826
23:05:17.035,13077.594,8060.1826
23:05:17.043,13077.594,8060.1826
23:05:17.063,13077.594,8060.1826
23:05:17.074,13077.594,8060.1826
23:05:17.085,13077.594,8060.1826
23:05:17.089,13077.594,8060.1826
23:05:17.094,13077.594,8060.1826
23:05:17.102,13077.594,8060.1826
23:05:17.120,13077.594,8060.1826
23:05:17.129,13077.594,8060.1826
23:05:17.151,13077.594,8060.1826
23:05:17.165,13077.594,8064.516
23:05:17.174,13077.594,8064.516
23:05:17.180,13077.594,8064.516
23:05:17.187,13077.594,8064.516
23:05:17.193,13077.594,8064.516
23:05:17.229,13077.594,8064.516
23:05:17.235,13077.594,8064.516
23:05:17.247,13077.594,8060.1826
23:05:17.251,13077.594,8060.1826
23:05:17.252,13077.594,8060.1826
23:05:17.265,13077.594,8060.1826
23:05:17.292,13077.594,8060.1826
23:05:17.313,13077.594,8060.1826
23:05:17.333,13077.594,8060.1826
23:05:17.348,13077.594,8060.1826
23:05:17.355,13077.594,8060.1826
23:05:17.406,13077.594,8060.1826
23:05:17.416,13077.594,8060.1826
23:05:17.445,13077.594,8060.1826
23:05:17.486,13077.594,8060.1826
23:05:17.494,13077.594,8060.1826
23:05:17.505,13077.594,8060.1826
23:05:17.507,13077.594,8060.1826
23:05:17.512,13077.594,8060.1826
23:05:17.520,13077.594,8060.1826
23:05:17.521,13077.594,8060.1826
23:05:17.535,13077.594,8060.1826
23:05:17.538,13077.594,8060.1826
23:05:17.540,13077.594,8060.1826
23:05:17.549,13077.594,8060.1826
23:05:17.555,13077.594,8060.1826
23:05:17.563,13077.594,8055.854
23:05:17.564,13077.594,8055.854
23:05:17.577,13077.594,8055.854
23:05:17.581,13077.594,8055.854
23:05:17.591,13077.594,8055.854
23:05:17.603,13077.594,8055.854
23:05:17.607,13077.594,8060.1826
23:05:17.616,13077.594,8060.1826
23:05:17.619,13077.594,8060.1826
23:05:17.624,13077.594,8060.1826
23:05:17.639,13077.594,8060.1826
23:05:17.644,13077.594,8060.1826
23:05:17.648,13077.594,8060.1826
23:05:17.651,13077.594,8060.1826
23:05:17.661,13077.594,8060.1826
23:05:17.662,13077.594,8060.1826
23:05:17.675,13077.594,8060.1826
23:05:17.676,13077.594,8060.1826
23:05:17.695,13077.594,8064.516
23:05:17.696,13077.594,8064.516
23:05:17.704,13077.594,8064.516
23:05:17.705,13077.594,8064.516
23:05:17.718,13077.594,8064.516
23:05:17.726,13077.594,8064.516
23:05:17.733,13077.594,8064.516
23:05:17.735,13077.594,8064.516
23:05:17.749,13077.594,8064.516
23:05:17.751,13077.594,8064.516
23:05:17.755,13077.594,8064.516
23:05:17.761,13077.594,8064.516
23:05:17.779,13077.594,8060.1826
23:05:17.785,13077.594,8060.1826
23:05:17.794,13077.594,8060.1826
23:05:17.799,13077.594,8060.1826
23:05:17.817,13077.594,8064.516
23:05:17.822,13077.594,8064.516
23:05:17.837,13077.594,8064.516
23:05:17.844,13077.594,8064.516
23:05:17.857,13077.594,8064.516
23:05:17.857,13077.594,8064.516
23:05:17.861,13077.594,8064.516
23:05:17.864,13077.594,8064.516
23:05:17.879,13077.594,8064.516
23:05:17.882,13077.594,8064.516
23:05:17.897,13077.594,8064.516
23:05:17.899,13077.594,8064.516
23:05:17.901,13077.594,8064.516
23:05:17.902,13077.594,8064.516
23:05:17.904,13077.594,8064.516
23:05:17.922,13077.594,8064.516
23:05:17.928,13077.594,8064.516
23:05:17.937,13077.594,8064.516
23:05:17.941,13077.594,8064.516
23:05:17.949,13077.594,8064.516
23:05:17.955,13077.594,8064.516
23:05:17.967,13077.594,8064.516
23:05:17.970,13077.594,8064.516
23:05:17.977,13077.594,8060.1826
23:05:17.984,13077.594,8060.1826
23:05:17.997,13077.594,8060.1826
23:05:17.998,13077.594,8060.1826
23:05:17.999,13077.594,8060.1826
23:05:18.007,13077.594,8060.1826
23:05:18.025,13077.594,8060.1826
23:05:18.045,13077.594,8060.1826
23:05:18.065,13077.594,8060.1826
23:05:18.077,13077.594,8060.1826
23:05:18.085,13077.594,8055.854
23:05:18.086,13077.594,8055.854
23:05:18.089,13077.594,8055.854
23:05:18.109,13077.594,8055.854
23:05:18.112,13077.594,8055.854
23:05:18.124,13077.594,8055.854
23:05:18.132,13077.594,8055.854
23:05:18.135,13077.594,8055.854
23:05:18.147,13077.594,8055.854
23:05:18.156,13077.594,8055.854
23:05:18.161,13077.594,8055.854
23:05:18.165,13077.594,8055.854
23:05:18.169,13077.594,8055.854
23:05:18.182,13077.594,8051.5303
23:05:18.185,13077.594,8051.5303
23:05:18.190,13077.594,8051.5303
23:05:18.192,13077.594,8051.5303
23:05:18.211,13077.594,8051.5303
23:05:18.214,13077.594,8051.5303
23:05:18.223,13077.594,8055.854
23:05:18.255,13077.594,8055.854
23:05:18.274,13077.594,8051.5303
23:05:18.287,13077.594,8051.5303
23:05:18.288,13077.594,8051.5303
23:05:18.290,13077.594,8051.5303
23:05:18.294,13077.594,8051.5303
23:05:18.305,13077.594,8055.854
23:05:18.335,13077.594,8055.854
23:05:18.339,13077.594,8055.854
23:05:18.346,13077.594,8051.5303
23:05:18.354,13077.594,8051.5303
23:05:18.379,13077.594,8051.5303
23:05:18.396,13077.594,8051.5303
23:05:18.398,13077.594,8051.5303
23:05:18.406,13077.594,8051.5303
23:05:18.406,13077.594,8051.5303
23:05:18.410,13077.594,8051.5303
23:05:18.410,13077.594,8051.5303
23:05:18.437,13077.594,8055.854
23:05:18.455,13077.594,8055.854
23:05:18.465,13077.594,8051.5303
23:05:18.479,13077.594,8051.5303
23:05:18.487,13077.594,8051.5303
23:05:18.497,13077.594,8051.5303
23:05:18.517,13077.594,8055.854
23:05:18.533,13077.594,8055.854
23:05:18.545,13077.594,8055.854
23:05:18.567,13077.594,8051.5303
23:05:18.581,13077.594,8051.5303
23:05:18.591,13077.594,8055.854
23:05:18.615,13077.594,8055.854
23:05:18.635,13077.594,8055.854
23:05:18.636,13077.594,8055.854
23:05:18.647,13077.594,8055.854
23:05:18.665,13077.594,8055.854
23:05:18.675,13077.594,8060.1826
23:05:18.679,13077.594,8060.1826
23:05:18.689,13077.594,8060.1826
23:05:18.694,13077.594,8060.1826
23:05:18.704,13077.594,8060.1826
23:05:18.711,13077.594,8060.1826
23:05:18.727,13077.594,8060.1826
23:05:18.731,13077.594,8060.1826
23:05:18.731,13077.594,8060.1826
23:05:18.741,13077.594,8060.1826
23:05:18.757,13077.594,8064.516
23:05:18.760,13077.594,8064.516
23:05:18.762,13077.594,8064.516
23:05:18.774,13077.594,8064.516
23:05:18.788,13077.594,8064.516
23:05:18.790,13077.594,8064.516
23:05:18.795,13077.594,8064.516
23:05:18.807,13077.594,8064.516
23:05:18.808,13077.594,8064.516
23:05:18.815,13077.594,8064.516
23:05:18.823,13077.594,8064.516
23:05:18.826,13077.594,8064.516
23:05:18.837,13077.594,8064.516
23:05:18.846,13077.594,8064.516
23:05:18.847,13077.594,8064.516
23:05:18.860,13077.594,8064.516
23:05:18.865,13077.594,8064.516
23:05:18.874,13077.594,8064.516
23:05:18.879,13077.594,8064.516
23:05:18.897,13077.594,8064.516
23:05:18.902,13077.594,8064.516
23:05:18.906,13077.594,8064.516
23:05:18.917,13077.594,8064.516
23:05:18.928,13077.594,8064.516
23:05:18.944,13077.594,8064.516
23:05:18.955,13077.594,8064.516
23:05:18.963,13077.594,8064.516
23:05:18.972,13077.594,8064.516
23:05:18.983,13077.594,8064.516
23:05:18.997,13077.594,8060.1826
23:05:18.999,13077.594,8060.1826
23:05:19.003,13077.594,8060.1826
23:05:19.009,13077.594,8060.1826
23:05:19.013,13077.594,8060.1826
23:05:19.025,13077.594,8060.1826
23:05:19.029,13077.594,8060.1826
23:05:19.035,13077.594,8060.1826
23:05:19.042,13077.594,8060.1826
23:05:19.048,13077.594,8060.1826
23:05:19.059,13077.594,8060.1826
23:05:19.072,13077.594,8064.516
23:05:19.076,13077.594,8064.516
23:05:19.086,13077.594,8064.516
23:05:19.095,13077.594,8064.516
23:05:19.101,13077.594,8064.516
23:05:19.105,13077.594,8064.516
23:05:19.116,13077.594,8060.1826
23:05:19.125,13077.594,8060.1826
23:05:19.131,13077.594,8060.1826
23:05:19.136,13077.594,8060.1826
23:05:19.145,13077.594,8060.1826
23:05:19.155,13077.594,8060.1826
23:05:19.159,13077.594,8064.516
23:05:19.163,13077.594,8064.516
23:05:19.173,13077.594,8064.516
23:05:19.185,13077.594,8064.516
23:05:19.188,13077.594,8064.516
23:05:19.195,13077.594,8064.516
23:05:19.202,13077.594,8064.516
23:05:19.215,13077.594,8064.516
23:05:19.217,13077.594,8064.516
23:05:19.230,13077.594,8064.516
23:05:19.244,13077.594,8064.516
23:05:19.256,13077.594,8064.516
23:05:19.262,13077.594,8064.516
23:05:19.265,13077.594,8064.516
23:05:19.277,13077.594,8060.1826
23:05:19.285,13077.594,8060.1826
23:05:19.297,13077.594,8060.1826
23:05:19.301,13077.594,8060.1826
23:05:19.309,13077.594,8060.1826
23:05:19.317,13077.594,8055.854
23:05:19.325,13077.594,8055.854
23:05:19.337,13077.594,8055.854
23:05:19.342,13077.594,8055.854
23:05:19.346,13077.594,8055.854
23:05:19.367,13077.594,8055.854
23:05:19.370,13077.594,8055.854
23:05:19.375,13077.594,8055.854
23:05:19.387,13077.594,8055.854
23:05:19.397,13077.594,8055.854
23:05:19.416,13077.594,8055.854
23:05:19.426,13077.594,8055.854
23:05:19.437,13077.594,8055.854
23:05:19.438,13077.594,8055.854
23:05:19.441,13077.594,8055.854
23:05:19.445,13077.594,8051.5303
23:05:19.450,13077.594,8051.5303
23:05:19.464,13077.594,8051.5303
23:05:19.469,13077.594,8051.5303
23:05:19.478,13077.594,8051.5303
23:05:19.485,13077.594,8051.5303
23:05:19.487,13077.594,8051.5303
23:05:19.495,13077.594,8051.5303
23:05:19.514,13077.594,8051.5303
23:05:19.530,13077.594,8051.5303
23:05:19.556,13077.594,8051.5303
23:05:19.582,13077.594,8051.5303
23:05:19.593,13077.594,8051.5303
23:05:19.606,13077.594,8051.5303
23:05:19.611,13077.594,8051.5303
23:05:19.621,13077.594,8051.5303
23:05:19.624,13077.594,8051.5303
23:05:19.635,13077.594,8051.5303
23:05:19.636,13077.594,8051.5303
23:05:19.650,13077.594,8051.5303
23:05:19.651,13077.594,8051.5303
23:05:19.675,13077.594,8055.854
23:05:19.676,13077.594,8055.854
23:05:19.678,13077.594,8055.854
23:05:19.681,13077.594,8055.854
23:05:19.695,13077.594,8055.854
23:05:19.706,13077.594,8055.854
23:05:19.707,13077.594,8055.854
23:05:19.718,13077.594,8055.854
23:05:19.721,13077.594,8055.854
23:05:19.724,13077.594,8055.854
23:05:19.738,13077.594,8055.854
23:05:19.749,13077.594,8051.5303
23:05:19.766,13077.594,8051.5303
23:05:19.766,13077.594,8051.5303
23:05:19.768,13077.594,8051.5303
23:05:19.776,13077.594,8051.5303
23:05:19.781,13077.594,8051.5303
23:05:19.789,13077.594,8051.5303
23:05:19.792,13077.594,8055.854
23:05:19.795,13077.594,8055.854
23:05:19.806,13077.594,8055.854
23:05:19.808,13077.594,8055.854
23:05:19.821,13077.594,8055.854
23:05:19.822,13077.594,8055.854
23:05:19.834,13077.594,8051.5303
23:05:19.855,13077.594,8051.5303
23:05:19.859,13077.594,8051.5303
23:05:19.860,13077.594,8051.5303
23:05:19.862,13077.594,8051.5303
23:05:19.870,13077.594,8051.5303
23:05:19.882,13077.594,8055.854
23:05:19.884,13077.594,8055.854
23:05:19.895,13077.594,8055.854
23:05:19.899,13077.594,8055.854
23:05:19.900,13077.594,8055.854
23:05:19.915,13077.594,8055.854
23:05:19.928,13077.594,8051.5303
23:05:19.936,13077.594,8051.5303
23:05:19.938,13077.594,8051.5303
23:05:19.945,13077.594,8051.5303
23:05:19.955,13077.594,8051.5303
23:05:19.960,13077.594,8055.854
23:05:19.969,13077.594,8055.854
23:05:19.984,13077.594,8055.854
23:05:19.985,13077.594,8055.854
23:05:20.002,13077.594,8055.854
23:05:20.018,13077.594,8055.854
23:05:20.038,13077.594,8055.854
23:05:20.039,13077.594,8055.854
23:05:20.040,13077.594,8055.854
23:05:20.048,13077.594,8060.1826
23:05:20.055,13077.594,8060.1826
23:05:20.071,13077.594,8060.1826
23:05:20.082,13077.594,8060.1826
23:05:20.090,13077.594,8060.1826
23:05:20.107,13077.594,8060.1826
23:05:20.113,13077.594,8060.1826
23:05:20.114,13077.594,8060.1826
23:05:20.125,13077.594,8060.1826
23:05:20.140,13077.594,8060.1826
23:05:20.150,13077.594,8060.1826
23:05:20.157,13077.594,8060.1826
23:05:20.159,13077.594,8060.1826
23:05:20.165,13077.594,8060.1826
23:05:20.171,13077.594,8060.1826
23:05:20.180,13077.594,8060.1826
23:05:20.185,13077.594,8060.1826
23:05:20.211,13077.594,8060.1826
23:05:20.218,13077.594,8060.1826
23:05:20.227,13077.594,8060.1826
23:05:20.240,13077.594,8060.1826
23:05:20.245,13077.594,8060.1826
23:05:20.259,13077.594,8060.1826
23:05:20.272,13077.594,8060.1826
23:05:20.281,13077.594,8060.1826
23:05:20.292,13077.594,8064.516
23:05:20.295,13077.594,8064.516
23:05:20.312,13077.594,8064.516
23:05:20.323,13077.594,8064.516
23:05:20.330,13077.594,8064.516
23:05:20.343,13077.594,8064.516
23:05:20.365,13077.594,8064.516
23:05:20.366,13077.594,8064.516
23:05:20.386,13077.594,8064.516
23:05:20.401,13077.594,8060.1826
23:05:20.418,13077.594,8060.1826
23:05:20.428,13077.594,8060.1826
23:05:20.438,13077.594,8060.1826
23:05:20.439,13077.594,8060.1826
23:05:20.452,13077.594,8060.1826
23:05:20.454,13077.594,8060.1826
23:05:20.472,13077.594,8064.516
23:05:20.477,13077.594,8064.516
23:05:20.484,13077.594,8064.516
23:05:20.510,13077.594,8064.516
23:05:20.538,13077.594,8068.8545
23:05:20.544,13077.594,8068.8545
23:05:20.556,13077.594,8064.516
23:05:20.575,13077.594,8064.516
23:05:20.586,13077.594,8064.516
23:05:20.607,13077.594,8064.516
23:05:20.613,13077.594,8064.516
23:05:20.615,13077.594,8064.516
23:05:20.626,13077.594,8064.516
23:05:20.634,13077.594,8064.516
23:05:20.645,13077.594,8064.516
23:05:20.664,13077.594,8064.516
23:05:20.668,13077.594,8064.516
23:05:20.675,13077.594,8064.516
23:05:20.688,13077.594,8064.516
23:05:20.701,13077.594,8064.516
23:05:20.714,13077.594,8064.516
23:05:21.205,13077.594,8060.1826
23:05:21.228,13077.594,8060.1826
23:05:21.255,13077.594,8055.854
23:05:21.257,13077.594,8055.854
23:05:21.267,13077.594,8060.1826
23:05:21.272,13077.594,8060.1826
23:05:21.275,13077.594,8060.1826
23:05:21.279,13077.594,8060.1826
23:05:21.286,13077.594,8060.1826
23:05:21.291,13077.594,8060.1826
23:05:21.300,13077.594,8060.1826
23:05:21.305,13077.594,8060.1826
23:05:21.314,13077.594,8060.1826
23:05:21.316,13077.594,8060.1826
23:05:21.335,13077.594,8064.516
23:05:21.340,13077.594,8064.516
23:05:21.342,13077.594,8064.516
23:05:21.347,13077.594,8064.516
23:05:21.357,13077.594,8064.516
23:05:21.369,13077.594,8064.516
23:05:21.377,13077.594,8064.516
23:05:21.382,13077.594,8064.516
23:05:21.397,13077.594,8064.516
23:05:21.405,13077.594,8064.516
23:05:21.412,13077.594,8060.1826
23:05:21.449,13077.594,8060.1826
23:05:21.456,13077.594,8060.1826
23:05:21.467,13077.594,8064.516
23:05:21.475,13077.594,8064.516
23:05:21.486,13077.594,8064.516
23:05:21.492,13077.594,8064.516
23:05:21.504,13077.594,8060.1826
23:05:21.505,13077.594,8060.1826
23:05:21.505,13077.594,8060.1826
23:05:21.515,13077.594,8060.1826
23:05:21.518,13077.594,8060.1826
23:05:21.531,13077.594,8064.516
23:05:21.531,13077.594,8064.516
23:05:21.534,13077.594,8064.516
23:05:21.635,13077.594,8064.516
23:05:21.636,13077.594,8064.516
23:05:21.642,13077.594,8068.8545
23:05:21.643,13077.594,8068.8545
23:05:21.645,13077.594,8068.8545
23:05:21.648,13077.594,8068.8545
23:05:21.665,13077.594,8068.8545
23:05:21.667,13077.594,8068.8545
23:05:21.673,13077.594,8068.8545
23:05:21.683,13077.594,8068.8545
23:05:21.687,13077.594,8068.8545
23:05:21.700,13077.594,8068.8545
23:05:21.705,13077.594,8068.8545
23:05:21.723,13077.594,8068.8545
23:05:21.975,13077.594,8068.8545
23:05:22.095,13077.594,8068.8545
23:05:22.101,13077.594,8068.8545
23:05:22.125,13077.594,8073.1973
23:05:22.126,13077.594,8073.1973
23:05:22.175,13077.594,8073.1973
23:05:22.215,13077.594,8068.8545
23:05:22.229,13077.594,8068.8545
23:05:22.232,13077.594,8068.8545
23:05:22.238,13077.594,8068.8545
23:05:22.247,13077.594,8068.8545
23:05:22.252,13077.594,8068.8545
23:05:22.258,13077.594,8068.8545
23:05:22.266,13077.594,8068.8545
23:05:22.270,13077.594,8068.8545
23:05:22.289,13077.594,8068.8545
23:05:22.295,13077.594,8068.8545
23:05:22.352,13077.594,8068.8545
23:05:22.355,13077.594,8068.8545
23:05:22.371,13077.594,8064.516
23:05:22.376,13077.594,8064.516
23:05:22.381,13077.594,8064.516
23:05:22.398,13077.594,8064.516
23:05:22.412,13077.594,8064.516
23:05:22.414,13077.594,8064.516
23:05:22.424,13077.594,8064.516
23:05:22.427,13077.594,8064.516
23:05:22.436,13077.594,8064.516
23:05:22.459,13077.594,8064.516
23:05:22.462,13077.594,8064.516
23:05:22.608,13077.594,8064.516
23:05:22.614,13077.594,8064.516
23:05:22.876,13077.594,8060.1826
23:05:22.882,13077.594,8060.1826
23:05:22.914,7242.8784,8060.1826
23:05:22.918,7242.8784,8060.1826
23:05:22.942,7242.8784,8060.1826
23:05:22.946,7242.8784,8060.1826
23:05:22.980,7242.8784,8060.1826
23:05:22.987,7242.8784,8060.1826
23:05:22.990,7242.8784,8060.1826
23:05:23.052,7242.8784,8060.1826
23:05:23.056,7242.8784,8060.1826
23:05:23.079,7242.8784,8060.1826
23:05:23.086,7242.8784,8060.1826
23:05:23.399,7242.8784,8060.1826
23:05:23.405,7242.8784,8060.1826
23:05:23.406,7242.8784,8068.8545
23:05:23.416,7242.8784,8068.8545
23:05:23.528,7242.8784,8068.8545
23:05:23.533,7242.8784,8068.8545
23:05:23.712,7242.8784,8064.516
23:05:23.726,7242.8784,8064.516
23:05:23.735,7242.8784,7324.2188
23:05:23.738,7242.8784,7324.2188
23:05:23.801,7242.8784,7324.2188
23:05:23.807,7242.8784,7324.2188
23:05:23.839,7242.8784,7105.637
23:05:23.844,7242.8784,7105.637
23:05:24.072,7242.8784,6976.744
23:05:24.088,7242.8784,6145.023
23:05:24.097,7242.8784,6145.023
23:05:24.225,7242.8784,6145.023
23:05:24.228,7242.8784,6145.023
23:05:24.233,7242.8784,5857.087
23:05:24.235,7242.8784,5857.087
23:05:24.245,7242.8784,5716.4634
23:05:24.250,7242.8784,5716.4634
23:05:24.272,7242.8784,5716.4634
23:05:24.275,7242.8784,5716.4634
23:05:24.289,7242.8784,5636.9785
23:05:24.300,7242.8784,5636.9785
23:05:24.302,7242.8784,5636.9785
23:05:24.306,7242.8784,5636.9785
23:05:24.330,7242.8784,5559.674
23:05:24.335,7242.8784,5559.674
23:05:24.339,7242.8784,5559.674
23:05:24.352,7242.8784,5559.674
23:05:24.356,7242.8784,5559.674
23:05:24.370,7242.8784,5512.679
23:05:24.383,7242.8784,5512.679
23:05:24.393,7242.8784,5512.679
23:05:24.396,7242.8784,5512.679
23:05:24.405,7242.8784,5460.5024
23:05:24.406,7242.8784,5460.5024
23:05:24.410,7242.8784,5460.5024
23:05:24.415,7242.8784,5460.5024
23:05:24.425,7242.8784,5460.5024
23:05:24.431,7242.8784,5460.5024
23:05:24.491,7242.8784,5438.7236
23:05:24.492,7242.8784,5438.7236
23:05:24.494,7242.8784,5438.7236
23:05:24.645,7242.8784,5397.625
23:05:24.688,7242.8784,5315.3794
23:05:24.694,7242.8784,5315.3794
23:05:24.707,7242.8784,5307.8555
23:05:24.708,7242.8784,5307.8555
23:05:24.773,7242.8784,5307.8555
23:05:24.775,7242.8784,5307.8555
23:05:24.898,7242.8784,5283.5503
23:05:24.905,7242.8784,5368.647
23:05:24.927,7242.8784,5368.647
23:05:24.930,7242.8784,5368.647
23:05:24.936,7242.8784,5368.647
23:05:24.938,7242.8784,5368.647
23:05:24.952,7242.8784,5405.406
23:05:24.953,7242.8784,5405.406
23:05:24.967,7242.8784,5405.406
23:05:24.981,7242.8784,5405.406
23:05:24.986,7242.8784,5405.406
23:05:24.998,7242.8784,5440.6963
23:05:25.004,7242.8784,5440.6963
23:05:25.024,7242.8784,5440.6963
23:05:25.030,7242.8784,5440.6963
23:05:25.078,7242.8784,5478.4517
23:05:25.086,7242.8784,5478.4517
23:05:25.090,7242.8784,5520.795
23:05:25.092,7242.8784,5520.795
23:05:25.105,7242.8784,5572.0654
23:05:25.106,7242.8784,5572.0654
23:05:25.127,7242.8784,5572.0654
23:05:25.131,7242.8784,5572.0654
23:05:25.137,7242.8784,5572.0654
23:05:25.153,7242.8784,5607.4766
23:05:25.158,7242.8784,5607.4766
23:05:25.161,7242.8784,5607.4766
23:05:25.162,7242.8784,5607.4766
23:05:25.174,7242.8784,5607.4766
23:05:25.185,7242.8784,5607.4766
23:05:25.196,7242.8784,5675.3687
23:05:25.197,7242.8784,5675.3687
23:05:25.203,7242.8784,5675.3687
23:05:25.215,7242.8784,5675.3687
23:05:25.218,7242.8784,5675.3687
23:05:25.219,7242.8784,5675.3687
23:05:25.220,7242.8784,5675.3687
23:05:25.245,7242.8784,5718.643
23:05:25.255,7242.8784,5718.643
23:05:25.274,7242.8784,5744.925
23:05:25.286,7242.8784,5744.925
23:05:25.300,7242.8784,5744.925
23:05:25.301,7242.8784,5744.925
23:05:25.303,7242.8784,5782.575
23:05:25.317,7242.8784,5782.575
23:05:25.319,7242.8784,5782.575
23:05:25.320,7242.8784,5782.575
23:05:25.321,7242.8784,5782.575
23:05:25.338,7242.8784,5782.575
23:05:25.341,7242.8784,5782.575
23:05:25.352,7242.8784,5820.7217
23:05:25.354,7242.8784,5820.7217
23:05:25.361,7242.8784,5820.7217
23:05:25.362,7242.8784,5820.7217
23:05:25.377,7242.8784,5820.7217
23:05:25.384,7242.8784,5820.7217
23:05:25.403,7242.8784,5850.234
23:05:25.423,7242.8784,5850.234
23:05:25.428,7242.8784,5877.7427
23:05:25.437,7242.8784,5877.7427
23:05:25.442,7242.8784,5877.7427
23:05:25.457,7242.8784,5877.7427
23:05:25.470,7242.8784,5877.7427
23:05:25.471,7242.8784,5898.545
23:05:25.483,7242.8784,5898.545
23:05:25.485,7242.8784,5898.545
23:05:25.495,7242.8784,5898.545
23:05:25.643,7242.8784,5898.545
23:05:25.706,7242.8784,5980.8613
23:05:25.714,7242.8784,5980.8613
23:05:25.723,7242.8784,6021.6777
23:05:25.725,7242.8784,6021.6777
23:05:25.735,7242.8784,6021.6777
23:05:25.965,7242.8784,6021.6777
23:05:25.985,7242.8784,6087.6626
23:05:25.990,7242.8784,6087.6626
23:05:25.999,7242.8784,6085.193
23:05:26.005,7242.8784,6085.193
23:05:26.015,7242.8784,6085.193
23:05:26.025,7242.8784,6085.193
23:05:26.029,7242.8784,6085.193
23:05:26.035,7242.8784,6085.193
23:05:26.043,7242.8784,6072.8745
23:05:26.055,7242.8784,6072.8745
23:05:26.058,7242.8784,6072.8745
23:05:26.061,7242.8784,6072.8745
23:05:26.071,7242.8784,6072.8745
23:05:26.082,7242.8784,6072.8745
23:05:26.085,7242.8784,6070.417
23:05:26.095,7242.8784,6070.417
23:05:26.099,7242.8784,6070.417
23:05:26.106,7242.8784,6070.417
23:05:26.114,7242.8784,6070.417
23:05:26.115,7242.8784,6070.417
23:05:26.148,7242.8784,6063.056
23:05:26.155,7242.8784,6063.056
23:05:26.165,7242.8784,6053.2686
23:05:26.167,7242.8784,6053.2686
23:05:26.450,7242.8784,6053.2686
23:05:26.451,7242.8784,6053.2686
23:05:26.463,7242.8784,6024.096
23:05:26.465,7242.8784,6024.096
23:05:26.705,7242.8784,6024.096
23:05:26.707,7242.8784,6024.096
23:05:26.708,7242.8784,5921.832
23:05:26.709,7242.8784,5921.832
23:05:26.714,7242.8784,5921.832
23:05:26.722,7242.8784,5921.832
23:05:26.728,7242.8784,5921.832
23:05:26.743,7242.8784,5914.8267
23:05:26.750,7242.8784,5914.8267
23:05:26.752,7242.8784,5914.8267
23:05:26.756,7242.8784,5914.8267
23:05:26.784,7242.8784,5914.8267
23:05:26.803,7242.8784,5903.1875
23:05:26.845,7242.8784,5903.1875
23:05:26.858,7242.8784,5877.7427
23:05:26.864,7242.8784,5877.7427
23:05:26.890,7242.8784,5868.545
23:05:26.892,7242.8784,5868.545
23:05:27.106,7242.8784,5868.545
23:05:27.111,7242.8784,5868.545
23:05:27.160,7242.8784,5829.7705
23:05:27.165,7242.8784,5829.7705
23:05:27.179,7242.8784,5818.464
23:05:27.181,7242.8784,5818.464
23:05:27.185,7242.8784,5818.464
23:05:27.199,7242.8784,5818.464
23:05:27.201,7242.8784,5818.464
23:05:27.231,7242.8784,5818.464
23:05:27.246,7242.8784,5813.9536
23:05:27.248,7242.8784,5813.9536
23:05:27.254,7242.8784,5813.9536
23:05:27.262,7242.8784,5809.4497
23:05:27.268,7242.8784,5809.4497
23:05:27.331,7242.8784,5809.4497
23:05:27.345,7242.8784,5809.4497
23:05:27.486,7242.8784,5802.708
23:05:27.488,7242.8784,5802.708
23:05:27.495,7242.8784,5800.4644
23:05:27.516,7242.8784,5800.4644
23:05:27.529,7242.8784,5809.4497
23:05:27.559,7242.8784,5809.4497
23:05:27.570,7242.8784,5825.2427
23:05:27.573,7242.8784,5825.2427
23:05:27.766,7242.8784,5825.2427
23:05:27.781,7242.8784,5880.047
23:05:27.797,7242.8784,5880.047
23:05:27.807,7242.8784,5889.2813
23:05:27.815,7242.8784,5889.2813
23:05:27.872,7242.8784,5889.2813
23:05:27.880,7242.8784,5889.2813
23:05:27.886,7242.8784,5889.2813
23:05:27.900,7242.8784,5900.865
23:05:27.919,7242.8784,5900.865
23:05:27.920,7242.8784,5910.1655
23:05:27.922,7242.8784,5910.1655
23:05:27.947,7242.8784,5910.1655
23:05:28.073,7242.8784,5912.495
23:05:28.075,7242.8784,5912.495
23:05:28.089,7242.8784,5928.854
23:05:28.090,7242.8784,5928.854
23:05:28.123,7242.8784,5928.854
23:05:28.125,7242.8784,5928.854
23:05:28.128,7242.8784,5928.854
23:05:28.137,7242.8784,5928.854
23:05:28.142,7242.8784,5928.854
23:05:28.153,7242.8784,5931.198
23:05:28.164,7242.8784,5931.198
23:05:28.194,7242.8784,5931.198
23:05:28.239,7242.8784,5938.2427
23:05:28.243,7242.8784,5938.2427
23:05:28.253,7242.8784,5945.3037
23:05:28.264,7242.8784,5945.3037
23:05:28.280,7242.8784,5945.3037
23:05:28.292,7242.8784,5942.948
23:05:28.345,7242.8784,5942.948
23:05:28.348,7242.8784,5942.948
23:05:28.352,7242.8784,5947.6606
23:05:28.353,7242.8784,5947.6606
23:05:28.355,7242.8784,5947.6606
23:05:28.375,7242.8784,5950.0195
23:05:28.381,7242.8784,5950.0195
23:05:28.393,7242.8784,5950.0195
23:05:28.398,7242.8784,5950.0195
23:05:28.414,7242.8784,5950.0195
23:05:28.415,7242.8784,5950.0195
23:05:28.417,7242.8784,5950.0195
23:05:28.426,7242.8784,5950.0195
23:05:28.439,7242.8784,5954.7437
23:05:28.440,7242.8784,5954.7437
23:05:28.442,7242.8784,5954.7437
23:05:28.445,7242.8784,5954.7437
23:05:28.464,7242.8784,5957.1084
23:05:28.475,7242.8784,5957.1084
23:05:28.504,7242.8784,5957.1084
23:05:28.515,7242.8784,5957.1084
23:05:28.534,7242.8784,5959.4756
23:05:28.585,7242.8784,5961.844
23:05:28.601,7242.8784,5964.215
23:05:28.603,7242.8784,5964.215
23:05:28.605,7242.8784,5964.215
23:05:28.607,7242.8784,5964.215
23:05:28.610,7242.8784,5964.215
23:05:28.620,7242.8784,5964.215
23:05:28.635,7242.8784,5964.215
23:05:28.638,7242.8784,5964.215
23:05:28.647,7242.8784,5964.215
23:05:28.652,7242.8784,5964.215
23:05:28.658,7242.8784,5964.215
23:05:28.791,7242.8784,5966.587
23:05:28.796,7242.8784,5966.587
23:05:28.810,7242.8784,5968.9614
23:05:28.812,7242.8784,5968.9614
23:05:28.827,7242.8784,5968.9614
23:05:28.831,7242.8784,5968.9614
23:05:28.837,7242.8784,5968.9614
23:05:28.865,7242.8784,5971.3374
23:05:28.885,7242.8784,5971.3374
23:05:28.889,7242.8784,5971.3374
23:05:28.897,7242.8784,5971.3374
23:05:28.929,7242.8784,5973.716
23:05:28.965,7242.8784,5971.3374
23:05:28.969,7242.8784,5971.3374
23:05:28.980,7242.8784,5971.3374
23:05:28.995,7242.8784,5973.716
23:05:28.997,7242.8784,5973.716
23:05:29.013,7242.8784,5973.716
23:05:29.029,7242.8784,5973.716
23:05:29.035,7242.8784,5968.9614
23:05:29.044,7242.8784,5968.9614
23:05:29.045,7242.8784,5968.9614
23:05:29.047,7242.8784,5968.9614
23:05:29.056,7242.8784,5950.0195
23:05:29.057,7242.8784,5950.0195
23:05:29.067,7242.8784,5950.0195
23:05:29.073,7242.8784,5950.0195
23:05:29.091,7242.8784,5950.0195
23:05:29.096,7242.8784,5938.2427
23:05:29.221,7242.8784,5938.2427
23:05:29.236,7242.8784,5938.2427
23:05:29.378,7242.8784,5896.2266
23:05:29.395,7242.8784,5896.2266
23:05:29.415,7242.8784,5857.087
23:05:29.435,7242.8784,5850.234
23:05:29.475,7242.8784,5850.234
23:05:29.476,7242.8784,5850.234
23:05:29.476,7242.8784,5850.234
23:05:29.479,7242.8784,5841.1216
23:05:29.482,7242.8784,5841.1216
23:05:29.499,7242.8784,5841.1216
23:05:29.499,7242.8784,5841.1216
23:05:29.504,7242.8784,5841.1216
23:05:29.515,7242.8784,5836.5757
23:05:29.517,7242.8784,5836.5757
23:05:29.535,7242.8784,5836.5757
23:05:29.546,7242.8784,5836.5757
23:05:29.549,7242.8784,5829.7705
23:05:29.554,7242.8784,5829.7705
23:05:29.573,7242.8784,5829.7705
23:05:29.577,7242.8784,5829.7705
23:05:29.586,7242.8784,5829.7705
23:05:29.615,7242.8784,5825.2427
23:05:29.631,7242.8784,5818.464
23:05:29.634,7242.8784,5818.464
23:05:29.643,7242.8784,5818.464
23:05:29.646,7242.8784,5818.464
23:05:29.651,7242.8784,5818.464
23:05:29.655,7242.8784,5818.464
23:05:29.665,7242.8784,5813.9536
23:05:29.677,7242.8784,5813.9536
23:05:29.683,7242.8784,5813.9536
23:05:29.689,7242.8784,5813.9536
23:05:29.703,7242.8784,5813.9536
23:05:29.712,7242.8784,5809.4497
23:05:29.718,7242.8784,5809.4497
23:05:29.720,7242.8784,5809.4497
23:05:29.738,7242.8784,5809.4497
23:05:29.745,7242.8784,5809.4497
23:05:29.753,7242.8784,5804.9536
23:05:29.756,7242.8784,5804.9536
23:05:29.762,7242.8784,5804.9536
23:05:29.763,7242.8784,5804.9536
23:05:29.776,7242.8784,5804.9536
23:05:29.777,7242.8784,5804.9536
23:05:29.781,7242.8784,5804.9536
23:05:29.808,7242.8784,5804.9536
23:05:29.809,7242.8784,5804.9536
23:05:29.814,7242.8784,5804.9536
23:05:29.866,7242.8784,5804.9536
23:05:29.872,7242.8784,5804.9536
23:05:29.887,7242.8784,5813.9536
23:05:30.101,7242.8784,5818.464
23:05:30.102,7242.8784,5818.464
23:05:30.108,7242.8784,5818.464
23:05:30.445,7242.8784,5818.464
23:05:30.447,7242.8784,5868.545
23:05:30.466,10409.4375,5868.545
23:05:30.475,10409.4375,5889.2813
23:05:30.485,10409.4375,5889.2813
23:05:30.487,10409.4375,5889.2813
23:05:30.488,10409.4375,5889.2813
23:05:30.498,10409.4375,5889.2813
23:05:30.502,10409.4375,5924.1704
23:05:30.505,10409.4375,5924.1704
23:05:30.516,10409.4375,5924.1704
23:05:30.525,10409.4375,5924.1704
23:05:30.529,10409.4375,5924.1704
23:05:30.538,10409.4375,5924.1704
23:05:30.575,10409.4375,5926.5117
23:05:30.603,10409.4375,5933.5444
23:05:30.605,10409.4375,5933.5444
23:05:30.620,10409.4375,5938.2427
23:05:30.624,10409.4375,5938.2427
23:05:30.636,10409.4375,5938.2427
23:05:30.641,10409.4375,5938.2427
23:05:30.686,10409.4375,5940.594
23:05:30.746,10409.4375,5940.594
23:05:30.754,10409.4375,5940.594
23:05:30.761,10409.4375,5935.8926
23:05:30.768,10409.4375,5935.8926
23:05:30.779,10409.4375,5940.594
23:05:30.786,10409.4375,5940.594
23:05:30.798,10409.4375,5940.594
23:05:30.800,10409.4375,5940.594
23:05:30.802,10409.4375,5940.594
23:05:30.805,10409.4375,5940.594
23:05:30.830,10409.4375,5935.8926
23:05:30.840,10409.4375,5935.8926
23:05:30.858,10409.4375,5935.8926
23:05:30.866,10409.4375,5935.8926
23:05:30.872,10409.4375,5938.2427
23:05:30.876,10409.4375,5938.2427
23:05:30.886,10409.4375,5938.2427
23:05:30.891,10409.4375,5938.2427
23:05:30.900,10409.4375,5942.948
23:05:30.903,10409.4375,5942.948
23:05:30.915,10409.4375,5942.948
23:05:30.918,10409.4375,5942.948
23:05:30.940,10409.4375,5942.948
23:05:30.942,10409.4375,5942.948
23:05:30.955,10409.4375,5940.594
23:05:30.964,10409.4375,5940.594
23:05:31.045,10409.4375,5940.594
23:05:31.052,10409.4375,5940.594
23:05:31.060,10409.4375,5950.0195
23:05:31.065,10409.4375,5950.0195
23:05:31.075,10409.4375,6045.9487
23:05:31.076,10409.4375,6045.9487
23:05:31.082,10409.4375,6045.9487
23:05:31.082,10409.4375,6045.9487
23:05:31.097,10409.4375,6045.9487
23:05:31.111,10409.4375,6045.9487
23:05:31.114,10409.4375,6139.9917
23:05:31.116,10409.4375,6139.9917
23:05:31.128,10409.4375,6139.9917
23:05:31.135,10409.4375,6139.9917
23:05:31.147,10409.4375,6139.9917
23:05:31.151,10409.4375,6139.9917
23:05:31.167,10409.4375,6268.282
23:05:31.176,10409.4375,6268.282
23:05:31.182,10409.4375,6451.613
23:05:31.195,10409.4375,6451.613
23:05:31.201,10409.4375,6451.613
23:05:31.217,10409.4375,6451.613
23:05:31.221,10409.4375,6451.613
23:05:31.230,10409.4375,6605.02
23:05:31.235,10409.4375,6605.02
23:05:31.244,10409.4375,6605.02
23:05:31.250,10409.4375,6605.02
23:05:31.260,10409.4375,6605.02
23:05:31.263,10409.4375,6605.02
23:05:31.270,10409.4375,6687.4717
23:05:31.277,10409.4375,6687.4717
23:05:31.287,10409.4375,6687.4717
23:05:31.292,10409.4375,6687.4717
23:05:31.316,10409.4375,6687.4717
23:05:31.320,10409.4375,6687.4717
23:05:31.367,10409.4375,6805.807
23:05:31.378,10409.4375,6868.1313
23:05:31.381,10409.4375,6868.1313
23:05:31.394,10409.4375,6947.6616
23:05:31.396,10409.4375,6947.6616
23:05:31.407,10409.4375,6947.6616
23:05:31.408,10409.4375,6947.6616
23:05:31.420,10409.4375,6947.6616
23:05:31.421,10409.4375,6947.6616
23:05:31.430,10409.4375,6947.6616
23:05:31.435,10409.4375,7032.349
23:05:31.445,10409.4375,7032.349
23:05:31.455,10409.4375,7032.349
23:05:31.456,10409.4375,7032.349
23:05:31.465,10409.4375,7032.349
23:05:31.496,10409.4375,7075.471
23:05:31.528,10409.4375,7075.471
23:05:31.529,10409.4375,7075.471
23:05:31.538,10409.4375,7156.4893
23:05:31.550,10409.4375,7156.4893
23:05:31.564,10409.4375,7180.469
23:05:31.569,10409.4375,7180.469
23:05:31.577,10409.4375,7180.469
23:05:31.578,10409.4375,7180.469
23:05:31.642,10409.4375,7253.3853
23:05:31.657,10409.4375,7253.3853
23:05:31.765,10409.4375,7274.4907
23:05:31.771,10409.4375,7274.4907
23:05:31.777,10409.4375,7334.9634
23:05:31.779,10409.4375,7334.9634
23:05:31.790,10409.4375,7334.9634
23:05:31.791,10409.4375,7334.9634
23:05:31.795,10409.4375,7334.9634
23:05:31.807,10409.4375,7342.144
23:05:31.814,10409.4375,7342.144
23:05:31.816,10409.4375,7342.144
23:05:31.835,10409.4375,7342.144
23:05:31.841,10409.4375,7345.7397
23:05:31.848,10409.4375,7345.7397
23:05:31.856,10409.4375,7345.7397
23:05:31.893,10409.4375,7345.7397
23:05:31.901,10409.4375,7342.144
23:05:31.921,10409.4375,7342.144
23:05:31.922,10409.4375,7342.144
23:05:31.925,10409.4375,7342.144
23:05:31.935,10409.4375,7342.144
23:05:31.940,10409.4375,7342.144
23:05:31.958,10409.4375,7342.144
23:05:31.963,10409.4375,7342.144
23:05:31.969,10409.4375,7327.797
23:05:31.970,10409.4375,7327.797
23:05:31.984,10409.4375,7327.797
23:05:31.985,10409.4375,7327.797
23:05:31.995,10409.4375,7327.797
23:05:32.013,10409.4375,7327.797
23:05:32.019,10409.4375,7327.797
23:05:32.078,10409.4375,7313.506
23:05:32.085,10409.4375,7313.506
23:05:32.103,10409.4375,7285.0894
23:05:32.103,10409.4375,7285.0894
23:05:32.111,10409.4375,7285.0894
23:05:32.128,10409.4375,7267.4424
23:05:32.129,10409.4375,7267.4424
23:05:32.133,10409.4375,7267.4424
23:05:32.134,10409.4375,7267.4424
23:05:32.141,10409.4375,7267.4424
23:05:32.153,10409.4375,7267.4424
23:05:32.161,10409.4375,7267.4424
23:05:32.163,10409.4375,7253.3853
23:05:32.190,10409.4375,7253.3853
23:05:32.191,10409.4375,7253.3853
23:05:32.215,10409.4375,7249.8794
23:05:32.334,10409.4375,7249.8794
23:05:32.348,10409.4375,7215.0073
23:05:32.355,10409.4375,7215.0073
23:05:32.367,10409.4375,7204.611
23:05:32.383,10409.4375,7204.611
23:05:32.402,10409.4375,7180.469
23:05:32.419,10409.4375,7180.469
23:05:32.420,10409.4375,7180.469
23:05:32.422,10409.4375,7180.469
23:05:32.436,10409.4375,7180.469
23:05:32.454,10409.4375,7180.469
23:05:32.456,10409.4375,7180.469
23:05:32.470,10409.4375,7170.172
23:05:32.475,10409.4375,7170.172
23:05:32.497,10409.4375,7170.172
23:05:32.500,10409.4375,7170.172
23:05:32.507,10409.4375,7142.8574
23:05:32.508,10409.4375,7142.8574
23:05:32.515,10409.4375,7142.8574
23:05:32.527,10409.4375,7142.8574
23:05:32.527,10409.4375,7142.8574
23:05:32.529,10409.4375,7142.8574
23:05:32.535,10409.4375,7125.8906
23:05:32.536,10409.4375,7125.8906
23:05:32.539,10409.4375,7125.8906
23:05:32.547,10409.4375,7125.8906
23:05:32.566,10409.4375,7125.8906
23:05:32.570,10409.4375,7125.8906
23:05:32.585,10409.4375,7125.8906
23:05:32.588,10409.4375,7125.8906
23:05:32.589,10409.4375,7125.8906
23:05:32.591,10409.4375,7125.8906
23:05:32.592,10409.4375,7125.8906
23:05:32.597,10409.4375,7125.8906
23:05:32.611,10409.4375,7125.8906
23:05:32.615,10409.4375,7125.8906
23:05:32.617,10409.4375,7125.8906
23:05:32.626,10409.4375,7102.2725
23:05:32.635,10409.4375,7102.2725
23:05:32.656,10409.4375,7102.2725
23:05:32.675,10409.4375,7102.2725
23:05:32.681,10409.4375,7092.198
23:05:32.684,10409.4375,7092.198
23:05:32.696,10409.4375,7092.198
23:05:32.698,10409.4375,7088.8467
23:05:32.708,10409.4375,7088.8467
23:05:32.713,10409.4375,7088.8467
23:05:32.716,10409.4375,7088.8467
23:05:32.725,10409.4375,7088.8467
23:05:32.734,10409.4375,7088.8467
23:05:32.741,10409.4375,7085.498
23:05:32.742,10409.4375,7085.498
23:05:32.752,10409.4375,7085.498
23:05:32.755,10409.4375,7085.498
23:05:32.773,10409.4375,7085.498
23:05:32.792,10409.4375,7085.498
23:05:32.795,10409.4375,7085.498
23:05:32.805,10409.4375,7085.498
23:05:32.828,10409.4375,7085.498
23:05:32.842,10409.4375,7082.153
23:05:32.845,10409.4375,7082.153
23:05:32.853,10409.4375,7082.153
23:05:32.855,10409.4375,7082.153
23:05:32.870,10409.4375,7082.153
23:05:32.876,10409.4375,7082.153
23:05:32.951,10409.4375,7085.498
23:05:32.955,10409.4375,7085.498
23:05:32.956,10409.4375,7085.498
23:05:32.979,10409.4375,7085.498
23:05:32.997,10409.4375,7085.498
23:05:33.000,10409.4375,7085.498
23:05:33.014,10409.4375,7085.498
23:05:33.022,10409.4375,7085.498
23:05:33.024,10409.4375,7085.498
23:05:33.025,10409.4375,7085.498
23:05:33.039,10409.4375,7085.498
23:05:33.045,10409.4375,7085.498
23:05:33.133,10409.4375,7085.498
23:05:33.144,10409.4375,7085.498
23:05:33.149,10409.4375,7088.8467
23:05:33.155,10409.4375,7088.8467
23:05:33.157,10409.4375,7088.8467
23:05:33.164,10409.4375,7088.8467
23:05:33.177,10409.4375,7088.8467
23:05:33.179,10409.4375,7088.8467
23:05:33.181,10409.4375,7088.8467
23:05:33.195,10409.4375,7088.8467
23:05:33.197,10409.4375,7088.8467
23:05:33.205,10409.4375,7088.8467
23:05:33.217,10409.4375,7088.8467
23:05:33.222,10409.4375,7088.8467
23:05:33.230,10409.4375,7092.198
23:05:33.232,10409.4375,7092.198
23:05:33.233,10409.4375,7092.198
23:05:33.247,10409.4375,7092.198
23:05:33.251,10409.4375,7092.198
23:05:33.257,10409.4375,7092.198
23:05:33.267,10409.4375,7092.198
23:05:33.268,10409.4375,7092.198
23:05:33.272,10409.4375,7092.198
23:05:33.281,10409.4375,7088.8467
23:05:33.297,10409.4375,7088.8467
23:05:33.305,10409.4375,7088.8467
23:05:33.308,10409.4375,7088.8467
23:05:33.309,10409.4375,7088.8467
23:05:33.313,10409.4375,7088.8467
23:05:33.324,10409.4375,7088.8467
23:05:33.330,10409.4375,7088.8467
23:05:33.345,10409.4375,7088.8467
23:05:33.365,10409.4375,7085.498
23:05:33.371,10409.4375,7085.498
23:05:33.513,10409.4375,7085.498
23:05:33.517,10409.4375,7085.498
23:05:33.553,10409.4375,7085.498
23:05:33.554,10409.4375,7085.498
23:05:33.567,10409.4375,7085.498
23:05:33.582,10409.4375,7085.498
23:05:33.602,10409.4375,7085.498
23:05:33.608,10409.4375,7085.498
23:05:33.617,10409.4375,7085.498
23:05:33.623,10409.4375,7085.498
23:05:33.639,10409.4375,7085.498
23:05:33.719,10409.4375,7085.498
23:05:33.739,10409.4375,7082.153
23:05:33.741,10409.4375,7082.153
23:05:33.745,10409.4375,7082.153
23:05:33.755,10409.4375,7082.153
23:05:33.779,10409.4375,7085.498
23:05:33.781,10409.4375,7085.498
23:05:33.795,10409.4375,7085.498
23:05:33.797,10409.4375,7085.498
23:05:33.805,10409.4375,7085.498
23:05:33.811,10409.4375,7082.153
23:05:33.813,10409.4375,7082.153
23:05:33.833,10409.4375,7082.153
23:05:33.835,10409.4375,7082.153
23:05:33.842,10409.4375,7082.153
23:05:33.844,10409.4375,7082.153
23:05:33.859,10409.4375,7082.153
23:05:33.885,10409.4375,7082.153
23:05:33.905,10409.4375,7085.498
23:05:33.915,10409.4375,7085.498
23:05:33.918,10409.4375,7085.498
23:05:33.920,10409.4375,7085.498
23:05:33.927,10409.4375,7085.498
23:05:33.930,10409.4375,7085.498
23:05:33.944,10409.4375,7085.498
23:05:33.946,10409.4375,7085.498
23:05:33.953,10409.4375,7085.498
23:05:33.960,10409.4375,7085.498
23:05:33.974,10409.4375,7085.498
23:05:33.976,10409.4375,7085.498
23:05:33.981,10409.4375,7085.498
23:05:33.984,10409.4375,7085.498
23:05:33.995,10409.4375,7085.498
23:05:34.001,10409.4375,7085.498
23:05:34.009,10409.4375,7082.153
23:05:34.013,10409.4375,7082.153
23:05:34.023,10409.4375,7082.153
23:05:34.024,10409.4375,7082.153
23:05:34.038,10409.4375,7082.153
23:05:34.048,10409.4375,7082.153
23:05:34.051,10409.4375,7085.498
23:05:34.061,10409.4375,7085.498
23:05:34.068,10409.4375,7085.498
23:05:34.069,10409.4375,7085.498
23:05:34.083,10409.4375,7085.498
23:05:34.096,10409.4375,7085.498
23:05:34.120,10409.4375,7085.498
23:05:34.122,10409.4375,7085.498
23:05:34.135,10409.4375,7085.498
23:05:34.139,10409.4375,7085.498
23:05:34.142,10409.4375,7085.498
23:05:34.145,10409.4375,7085.498
23:05:34.158,10409.4375,7085.498
23:05:34.159,10409.4375,7085.498
23:05:34.167,10409.4375,7085.498
23:05:34.177,10409.4375,7088.8467
23:05:34.184,10409.4375,7088.8467
23:05:34.193,10409.4375,7088.8467
23:05:34.215,10409.4375,7088.8467
23:05:34.216,10409.4375,7088.8467
23:05:34.222,10409.4375,7088.8467
23:05:34.229,10409.4375,7088.8467
23:05:34.235,10409.4375,7088.8467
23:05:34.341,10409.4375,7088.8467
23:05:34.347,10409.4375,7088.8467
23:05:34.356,10409.4375,7092.198
23:05:34.362,10409.4375,7092.198
23:05:34.426,10409.4375,7088.8467
23:05:34.465,10409.4375,7088.8467
23:05:34.528,10409.4375,7085.498
23:05:34.529,10409.4375,7085.498
23:05:34.535,10409.4375,7085.498
23:05:34.551,10409.4375,7085.498
23:05:34.556,10409.4375,7085.498
23:05:34.560,10409.4375,7085.498
23:05:34.567,10409.4375,7085.498
23:05:34.570,10409.4375,7085.498
23:05:34.603,10409.4375,7085.498
23:05:34.609,10409.4375,7085.498
23:05:34.613,10409.4375,7085.498
23:05:34.614,10409.4375,7085.498
23:05:34.617,10409.4375,7085.498
23:05:34.619,10409.4375,7085.498
23:05:34.631,10409.4375,7085.498
23:05:34.634,10409.4375,7085.498
23:05:34.658,10409.4375,7085.498
23:05:34.660,10409.4375,7085.498
23:05:34.677,10409.4375,7085.498
23:05:34.683,10409.4375,7085.498
23:05:34.691,10409.4375,7085.498
23:05:34.702,10409.4375,7085.498
23:05:34.706,10409.4375,7085.498
23:05:34.712,10409.4375,7085.498
23:05:34.714,10409.4375,7085.498
23:05:34.728,10409.4375,7085.498
23:05:34.729,10409.4375,7085.498
23:05:34.736,10409.4375,7085.498
23:05:34.743,10409.4375,7085.498
23:05:34.746,10409.4375,7085.498
23:05:34.757,10409.4375,7085.498
23:05:34.775,10409.4375,7085.498
23:05:34.788,10409.4375,7085.498
23:05:34.802,10409.4375,7085.498
23:05:34.805,10409.4375,7085.498
23:05:34.807,10409.4375,7085.498
23:05:34.825,10409.4375,7085.498
23:05:34.830,10409.4375,7085.498
23:05:34.843,10409.4375,7085.498
23:05:34.852,10409.4375,7085.498
23:05:34.855,10409.4375,7085.498
23:05:34.863,10409.4375,7085.498
23:05:34.869,10409.4375,7085.498
23:05:34.875,10409.4375,7085.498
23:05:34.883,10409.4375,7085.498
23:05:34.886,10409.4375,7085.498
23:05:34.898,10409.4375,7085.498
23:05:34.911,10409.4375,7085.498
23:05:34.915,10409.4375,7085.498
23:05:34.917,10409.4375,7085.498
23:05:34.929,10409.4375,7088.8467
23:05:34.944,10409.4375,7088.8467
23:05:34.962,10409.4375,7085.498
23:05:34.963,10409.4375,7085.498
23:05:34.965,10409.4375,7085.498
23:05:34.975,10409.4375,7085.498
23:05:34.992,10409.4375,7085.498
23:05:35.005,10409.4375,7085.498
23:05:35.018,10409.4375,7085.498
23:05:35.020,10409.4375,7085.498
23:05:35.094,10409.4375,7085.498
23:05:35.119,10409.4375,7088.8467
23:05:35.125,10409.4375,7088.8467
23:05:35.154,10409.4375,7088.8467
23:05:35.155,10409.4375,7088.8467
23:05:35.177,10409.4375,7088.8467
23:05:35.179,10409.4375,7088.8467
23:05:35.183,10409.4375,7088.8467
23:05:35.183,10409.4375,7088.8467
23:05:35.195,10409.4375,7088.8467
23:05:35.202,10409.4375,7088.8467
23:05:35.215,10409.4375,7088.8467
23:05:35.221,10409.4375,7085.498
23:05:35.273,10409.4375,7085.498
23:05:35.276,10409.4375,7085.498
23:05:35.289,10409.4375,7085.498
23:05:35.296,10409.4375,7085.498
23:05:35.304,10409.4375,7088.8467
23:05:35.308,10409.4375,7088.8467
23:05:35.328,10409.4375,7088.8467
23:05:35.330,10409.4375,7088.8467
23:05:35.339,10409.4375,7088.8467
23:05:35.345,10409.4375,7088.8467
23:05:35.357,10409.4375,7085.498
23:05:35.359,10409.4375,7085.498
23:05:35.360,10409.4375,7085.498
23:05:35.366,10409.4375,7085.498
23:05:35.374,10409.4375,7085.498
23:05:35.375,10409.4375,7085.498
23:05:35.692,10409.4375,7088.8467
23:05:35.697,10409.4375,7088.8467
23:05:35.707,10409.4375,7085.498
23:05:35.711,10409.4375,7085.498
23:05:35.718,10409.4375,7085.498
23:05:35.721,10409.4375,7085.498
23:05:35.726,10409.4375,7085.498
23:05:35.730,10409.4375,7085.498
23:05:35.744,10409.4375,7085.498
23:05:35.752,10409.4375,7085.498
23:05:35.766,10409.4375,7085.498
23:05:35.771,10409.4375,7085.498
23:05:35.775,10409.4375,7085.498
23:05:35.790,10409.4375,7085.498
23:05:35.795,10409.4375,7085.498
23:05:35.803,10409.4375,7085.498
23:05:35.809,10409.4375,7085.498
23:05:35.824,10409.4375,7085.498
23:05:35.830,10409.4375,7085.498
23:05:35.850,10409.4375,7085.498
23:05:35.859,10409.4375,7085.498
23:05:35.889,10409.4375,7085.498
23:05:35.892,10409.4375,7088.8467
23:05:35.895,10409.4375,7088.8467
23:05:36.008,10409.4375,7088.8467
23:05:36.016,10409.4375,7088.8467
23:05:36.023,10409.4375,7088.8467
23:05:36.033,10409.4375,7088.8467
23:05:36.036,10409.4375,7088.8467
23:05:36.040,10409.4375,7088.8467
23:05:36.049,10409.4375,7088.8467
23:05:36.055,10409.4375,7088.8467
23:05:36.065,10409.4375,7088.8467
23:05:36.098,10409.4375,7088.8467
23:05:36.106,10409.4375,7088.8467
23:05:36.123,10409.4375,7088.8467
23:05:36.133,10409.4375,7088.8467
23:05:36.140,10409.4375,7088.8467
23:05:36.160,10409.4375,7088.8467
23:05:36.170,10409.4375,7092.198
23:05:36.172,10409.4375,7092.198
23:05:36.188,10409.4375,7092.198
23:05:36.189,10409.4375,7092.198
23:05:36.201,10409.4375,7092.198
23:05:36.228,10409.4375,7092.198
23:05:36.238,10409.4375,7092.198
23:05:36.251,10409.4375,7092.198
23:05:36.253,10409.4375,7092.198
23:05:36.257,10409.4375,7092.198
23:05:36.274,10409.4375,7092.198
23:05:36.281,10409.4375,7092.198
23:05:36.283,10409.4375,7088.8467
23:05:36.286,10409.4375,7088.8467
23:05:36.307,10409.4375,7088.8467
23:05:36.310,10409.4375,7088.8467
23:05:36.312,10409.4375,7088.8467
23:05:36.315,10409.4375,7088.8467
23:05:36.346,10409.4375,7092.198
23:05:36.355,10409.4375,7092.198
23:05:36.375,10409.4375,7092.198
23:05:36.380,10409.4375,7092.198
23:05:36.388,10409.4375,7092.198
23:05:36.390,10409.4375,7092.198
23:05:36.395,10409.4375,7092.198
23:05:36.404,10409.4375,7088.8467
23:05:36.415,10409.4375,7088.8467
23:05:36.418,10409.4375,7088.8467
23:05:36.433,10409.4375,7088.8467
23:05:36.440,10409.4375,7088.8467
23:05:36.451,10409.4375,7092.198
23:05:36.455,10409.4375,7092.198
23:05:36.464,10409.4375,7092.198
23:05:36.469,10409.4375,7092.198
23:05:36.480,10409.4375,7092.198
23:05:36.484,10409.4375,7092.198
23:05:36.493,10409.4375,7092.198
23:05:36.499,10409.4375,7092.198
23:05:36.501,10409.4375,7088.8467
23:05:36.513,10409.4375,7088.8467
23:05:36.516,10409.4375,7088.8467
23:05:37.073,10409.4375,7092.198
23:05:37.089,10409.4375,7088.8467
23:05:37.103,10409.4375,7095.553
23:05:37.113,10409.4375,7095.553
23:05:37.126,10409.4375,7095.553
23:05:37.127,10409.4375,7095.553
23:05:37.141,10409.4375,7092.198
23:05:37.197,10409.4375,7092.198
23:05:37.211,10409.4375,7092.198
23:05:37.213,10409.4375,7092.198
23:05:37.216,3207.8699,7092.198
23:05:37.230,3207.8699,7092.198
23:05:37.247,3207.8699,7092.198
23:05:37.252,3207.8699,7092.198
23:05:37.253,3207.8699,7092.198
23:05:37.258,3207.8699,7092.198
23:05:37.262,3207.8699,7092.198
23:05:37.282,3207.8699,7092.198
23:05:37.288,3207.8699,7092.198
23:05:37.300,3207.8699,7092.198
23:05:37.303,3207.8699,7092.198
23:05:37.315,3207.8699,7092.198
23:05:37.319,3207.8699,7092.198
23:05:37.336,3207.8699,7092.198
23:05:37.340,3207.8699,7092.198
23:05:37.355,3207.8699,7092.198
23:05:37.357,3207.8699,7092.198
23:05:37.365,3207.8699,7092.198
23:05:37.370,3207.8699,7092.198
23:05:37.375,3207.8699,7092.198
23:05:37.383,3207.8699,7092.198
23:05:37.402,3207.8699,7092.198
23:05:37.405,3207.8699,7092.198
23:05:37.411,3207.8699,7092.198
23:05:37.418,3207.8699,7092.198
23:05:37.584,3207.8699,7092.198
23:05:37.623,3207.8699,7092.198
23:05:37.640,3207.8699,7092.198
23:05:37.645,3207.8699,7092.198
23:05:37.691,3207.8699,7092.198
23:05:37.716,3207.8699,7095.553
23:05:37.726,3207.8699,7095.553
23:05:37.731,3207.8699,7095.553
23:05:37.741,3207.8699,7095.553
23:05:37.745,3207.8699,7095.553
23:05:37.763,3207.8699,7095.553
23:05:37.773,3207.8699,7095.553
23:05:37.789,3207.8699,7095.553
23:05:37.804,3207.8699,7092.198
23:05:37.807,3207.8699,7092.198
23:05:37.820,3207.8699,7092.198
23:05:37.823,3207.8699,7092.198
23:05:37.830,3207.8699,7092.198
23:05:37.855,3207.8699,7095.553
23:05:37.859,3207.8699,7095.553
23:05:37.870,3207.8699,7098.9116
23:05:37.882,3207.8699,7098.9116
23:05:37.904,3207.8699,7098.9116
23:05:37.913,3207.8699,7098.9116
23:05:37.924,3207.8699,6896.552
23:05:37.936,3207.8699,6896.552
23:05:37.949,3207.8699,6896.552
23:05:37.954,3207.8699,6896.552
23:05:37.959,3207.8699,6726.4575
23:05:37.980,3207.8699,6726.4575
23:05:37.982,3207.8699,6726.4575
23:05:37.989,3207.8699,6726.4575
23:05:37.991,3207.8699,6726.4575
23:05:38.005,3207.8699,6564.552
23:05:38.011,3207.8699,6564.552
23:05:38.025,3207.8699,6564.552
23:05:38.036,3207.8699,6564.552
23:05:38.046,3207.8699,6399.318
23:05:38.055,3207.8699,6399.318
23:05:38.066,3207.8699,6399.318
23:05:38.086,3207.8699,6399.318
23:05:38.091,3207.8699,6399.318
23:05:38.289,3207.8699,6127.451
23:05:38.293,3207.8699,6127.451
23:05:38.307,3207.8699,5417.118
23:05:38.311,3207.8699,5417.118
23:05:38.316,3207.8699,5417.118
23:05:38.322,3207.8699,5417.118
23:05:38.337,3207.8699,5321.0356
23:05:38.340,3207.8699,5321.0356
23:05:38.349,3207.8699,5321.0356
23:05:38.357,3207.8699,5321.0356
23:05:38.365,3207.8699,5228.3022
23:05:38.372,3207.8699,5228.3022
23:05:38.374,3207.8699,5228.3022
23:05:38.391,3207.8699,5228.3022
23:05:38.395,3207.8699,5228.3022
23:05:38.405,3207.8699,5183.1377
23:05:38.406,3207.8699,5183.1377
23:05:38.416,3207.8699,5183.1377
23:05:38.442,3207.8699,5183.1377
23:05:38.445,3207.8699,5183.1377
23:05:38.452,3207.8699,5047.1064
23:05:38.456,3207.8699,5047.1064
23:05:38.467,3207.8699,5047.1064
23:05:38.475,3207.8699,5047.1064
23:05:38.486,3207.8699,5047.1064
23:05:38.495,3207.8699,5047.1064
23:05:38.515,3207.8699,4960.3174
23:05:38.535,3207.8699,4960.3174
23:05:38.539,3207.8699,4874.8784
23:05:38.540,3207.8699,4874.8784
23:05:38.545,3207.8699,4874.8784
23:05:38.555,3207.8699,4874.8784
23:05:38.558,3207.8699,4874.8784
23:05:38.608,3207.8699,4874.8784
23:05:38.625,3207.8699,4874.8784
23:05:38.634,3207.8699,4628.201
23:05:38.645,3207.8699,4628.201
23:05:38.656,3207.8699,4628.201
23:05:38.660,3207.8699,4628.201
23:05:38.675,3207.8699,4628.201
23:05:38.676,3207.8699,4552.352
23:05:38.685,3207.8699,4552.352
23:05:38.697,3207.8699,4552.352
23:05:38.725,3207.8699,4478.949
23:05:39.062,3207.8699,4478.949
23:05:39.085,3207.8699,3890.0413
23:05:39.105,3207.8699,3890.0413
23:05:39.106,3207.8699,3890.0413
23:05:39.115,3207.8699,3890.0413
23:05:39.117,3207.8699,3890.0413
23:05:39.125,3207.8699,3874.9678
23:05:39.130,3207.8699,3874.9678
23:05:39.156,3207.8699,3874.9678
23:05:39.165,3207.8699,3874.9678
23:05:39.167,3207.8699,3874.9678
23:05:39.176,3207.8699,3874.9678
23:05:39.257,3207.8699,3874.9678
23:05:39.259,3207.8699,3874.9678
23:05:39.261,3207.8699,3874.9678
23:05:39.265,3207.8699,3874.9678
23:05:39.287,3207.8699,3874.9678
23:05:39.298,3207.8699,3874.9678
23:05:39.308,3207.8699,3874.9678
23:05:39.315,3207.8699,3874.9678
23:05:39.317,3207.8699,3874.9678
23:05:39.317,3207.8699,3874.9678
23:05:39.328,3207.8699,3874.9678
23:05:39.331,3207.8699,3874.9678
23:05:39.333,3207.8699,3874.9678
23:05:39.346,3207.8699,3874.9678
23:05:39.356,3207.8699,3874.9678
23:05:39.361,3207.8699,3874.9678
23:05:39.374,3207.8699,3874.9678
23:05:39.395,3207.8699,3874.9678
23:05:39.408,3207.8699,3874.9678
23:05:39.435,3207.8699,3874.9678
23:05:39.436,3207.8699,3874.9678
23:05:39.446,3207.8699,3874.9678
23:05:39.455,3207.8699,3874.9678
23:05:39.487,3207.8699,3874.9678
23:05:39.490,3207.8699,3874.9678
23:05:39.507,3207.8699,3874.9678
23:05:39.514,3207.8699,3874.9678
23:05:39.522,3207.8699,3874.9678
23:05:39.529,3207.8699,3874.9678
23:05:39.595,3207.8699,3859.0173
23:05:39.596,3207.8699,3859.0173
23:05:39.609,3207.8699,3992.5474
23:05:39.613,3207.8699,3992.5474
23:05:39.622,3207.8699,3992.5474
23:05:39.627,3207.8699,3992.5474
23:05:39.636,3207.8699,3992.5474
23:05:39.640,3207.8699,3992.5474
23:05:39.651,3207.8699,4003.203
23:05:39.654,3207.8699,4003.203
23:05:39.664,3207.8699,4003.203
23:05:39.675,3207.8699,4003.203
23:05:39.678,3207.8699,4003.203
23:05:39.685,3207.8699,4003.203
23:05:39.697,3207.8699,4030.0913
23:05:39.705,3207.8699,4030.0913
23:05:39.717,3207.8699,4030.0913
23:05:39.720,3207.8699,4030.0913
23:05:39.813,3207.8699,4030.0913
23:05:39.819,3207.8699,4030.0913
23:05:39.827,3207.8699,4071.6614
23:05:39.833,3207.8699,4071.6614
23:05:39.852,3207.8699,4071.6614
23:05:39.860,3207.8699,4071.6614
23:05:39.870,3207.8699,4111.842
23:05:39.939,3207.8699,4111.842
23:05:39.943,3207.8699,4111.842
23:05:39.946,3207.8699,4111.842
23:05:39.958,3207.8699,4187.6045
23:05:39.961,3207.8699,4187.6045
23:05:39.970,3207.8699,4187.6045
23:05:39.979,3207.8699,4187.6045
23:05:40.019,3207.8699,4230.1187
23:05:40.026,3207.8699,4230.1187
23:05:40.376,3207.8699,4280.822
23:05:40.385,3207.8699,4280.822
23:05:40.397,3207.8699,4415.6606
23:05:40.405,3207.8699,4415.6606
23:05:40.425,3207.8699,4426.0845
23:05:40.441,3207.8699,4426.0845
23:05:40.444,3207.8699,4426.0845
23:05:40.446,3207.8699,4426.0845
23:05:40.456,3207.8699,4440.4976
23:05:40.462,3207.8699,4440.4976
23:05:40.469,3207.8699,4440.4976
23:05:40.485,3207.8699,4445.761
23:05:40.496,3207.8699,4445.761
23:05:40.501,3207.8699,4445.761
23:05:40.514,3207.8699,4445.761
23:05:40.529,3207.8699,4445.761
23:05:40.556,3207.8699,4452.3594
23:05:40.572,3207.8699,4462.9575
23:05:40.575,3207.8699,4462.9575
23:05:40.576,3207.8699,4462.9575
23:05:40.596,3207.8699,4462.9575
23:05:40.688,3207.8699,4466.945
23:05:40.692,3207.8699,4466.945
23:05:40.853,3207.8699,4476.276
23:05:40.912,3207.8699,4437.87
23:05:40.916,3207.8699,4420.866
23:05:40.920,3207.8699,4420.866
23:05:40.935,3207.8699,4416.9614
23:05:40.957,3207.8699,4416.9614
23:05:41.145,3207.8699,4416.9614
23:05:41.149,3207.8699,4416.9614
23:05:41.165,3207.8699,4375.729
23:05:41.171,3207.8699,4375.729
23:05:41.175,3207.8699,4368.084
23:05:41.183,3207.8699,4368.084
23:05:41.188,3207.8699,4368.084
23:05:41.190,3207.8699,4368.084
23:05:41.203,3207.8699,4368.084
23:05:41.225,3207.8699,4365.541
23:05:41.238,3207.8699,4365.541
23:05:41.282,3207.8699,4365.541
23:05:41.296,3207.8699,4365.541
23:05:41.299,3207.8699,4350.3477
23:05:41.331,3207.8699,4350.3477
23:05:41.339,3207.8699,4347.826
23:05:41.365,3207.8699,4347.826
23:05:41.385,3207.8699,4347.826
23:05:41.416,3207.8699,4341.534
23:05:41.421,3207.8699,4341.534
23:05:41.423,3207.8699,4335.26
23:05:41.436,3207.8699,4335.26
23:05:41.447,3207.8699,4335.26
23:05:41.458,3207.8699,4335.26
23:05:41.479,3207.8699,4335.26
23:05:41.492,3207.8699,4325.2593
23:05:41.495,3207.8699,4325.2593
23:05:41.502,3207.8699,4325.2593
23:05:41.509,3207.8699,4325.2593
23:05:41.516,3207.8699,4319.0327
23:05:41.535,3207.8699,4319.0327
23:05:41.556,3207.8699,4319.0327
23:05:41.558,3207.8699,4319.0327
23:05:41.568,3207.8699,4316.547
23:05:41.575,3207.8699,4316.547
23:05:41.603,3207.8699,4316.547
23:05:41.707,3207.8699,4311.584
23:05:41.725,3207.8699,4302.926
23:05:41.737,3207.8699,4302.926
23:05:41.739,3207.8699,4302.926
23:05:41.747,3207.8699,4302.926
23:05:41.754,3207.8699,4302.926
23:05:41.762,3207.8699,4296.763
23:05:41.763,3207.8699,4296.763
23:05:41.764,3207.8699,4296.763
23:05:41.785,3207.8699,4296.763
23:05:41.787,3207.8699,4296.763
23:05:41.795,3207.8699,4296.763
23:05:41.801,3207.8699,4294.3027
23:05:41.803,3207.8699,4294.3027
23:05:41.816,3207.8699,4294.3027
23:05:41.825,3207.8699,4294.3027
23:05:41.835,3207.8699,4293.0737
23:05:41.845,3207.8699,4293.0737
23:05:41.856,3207.8699,4293.0737
23:05:41.865,3207.8699,4293.0737
23:05:41.869,3207.8699,4293.0737
23:05:41.878,3207.8699,4290.618
23:05:41.884,3207.8699,4290.618
23:05:41.891,3207.8699,4290.618
23:05:41.897,3207.8699,4290.618
23:05:41.912,3207.8699,4290.618
23:05:41.914,3207.8699,4286.939
23:05:41.915,3207.8699,4286.939
23:05:41.928,3207.8699,4286.939
23:05:41.929,3207.8699,4286.939
23:05:41.935,3207.8699,4286.939
23:05:41.942,3207.8699,4286.939
23:05:41.955,3207.8699,4286.939
23:05:41.973,3207.8699,4286.939
23:05:42.002,3207.8699,4286.939
23:05:42.015,3207.8699,4284.49
23:05:42.016,3207.8699,4284.49
23:05:42.018,3207.8699,4284.49
23:05:42.032,3207.8699,4284.49
23:05:42.043,3207.8699,4284.49
23:05:42.046,3207.8699,4283.2666
23:05:42.055,3207.8699,4283.2666
23:05:42.060,3207.8699,4283.2666
23:05:42.065,3207.8699,4283.2666
23:05:42.296,3207.8699,4283.2666
23:05:42.299,3207.8699,4283.2666
23:05:42.325,3207.8699,4274.722
23:05:42.348,3207.8699,4273.5044
23:05:42.357,3207.8699,4273.5044
23:05:42.363,3207.8699,4273.5044
23:05:42.490,3207.8699,4271.0703
23:05:42.501,3207.8699,4269.8545
23:05:42.506,3207.8699,4269.8545
23:05:42.516,3207.8699,4269.8545
23:05:42.520,3207.8699,4269.8545
23:05:42.817,3207.8699,4269.8545
23:05:42.829,3207.8699,4269.8545
23:05:42.834,3207.8699,4264.999
23:05:42.842,3207.8699,4264.999
23:05:43.471,3207.8699,4264.999
23:05:43.479,3207.8699,4264.999
23:05:43.495,3207.8699,4264.999
23:05:43.606,3207.8699,4263.786
23:05:43.607,3207.8699,4263.786
23:05:43.611,3207.8699,4263.786
23:05:43.619,3207.8699,4262.574
23:05:43.623,3207.8699,4262.574
23:05:43.624,3207.8699,4262.574
23:05:43.638,3207.8699,4273.5044
23:05:43.649,3207.8699,4273.5044
23:05:43.657,3207.8699,4273.5044
23:05:43.666,3207.8699,4273.5044
23:05:43.669,3207.8699,4273.5044
23:05:43.680,3207.8699,4271.0703
23:05:43.681,3207.8699,4271.0703
23:05:43.687,3207.8699,4271.0703
23:05:43.690,3207.8699,4271.0703
23:05:43.695,3207.8699,4271.0703
23:05:43.706,3207.8699,4271.0703
23:05:43.721,3207.8699,4271.0703
23:05:43.736,3207.8699,4268.6396
23:05:43.744,3207.8699,4268.6396
23:05:43.750,3207.8699,4268.6396
23:05:43.763,3207.8699,4267.4253
23:05:43.765,3207.8699,4267.4253
23:05:43.779,3207.8699,4267.4253
23:05:43.785,3207.8699,4267.4253
23:05:43.795,3207.8699,4267.4253
23:05:43.812,3207.8699,4267.4253
23:05:43.821,3207.8699,4267.4253
23:05:43.825,3207.8699,4267.4253
23:05:43.851,3207.8699,4267.4253
23:05:43.852,3207.8699,4267.4253
23:05:43.862,3207.8699,4267.4253
23:05:43.867,3207.8699,4267.4253
23:05:43.876,3207.8699,4267.4253
23:05:43.881,3207.8699,4266.2114
23:05:43.886,3207.8699,4266.2114
23:05:43.895,3207.8699,4266.2114
23:05:43.898,3207.8699,4266.2114
23:05:43.908,3207.8699,4266.2114
23:05:43.915,3207.8699,4266.2114
23:05:43.923,3207.8699,4266.2114
23:05:43.937,3207.8699,4266.2114
23:05:43.956,3207.8699,4266.2114
23:05:43.963,3207.8699,4266.2114
23:05:43.967,3207.8699,4266.2114
23:05:43.975,3207.8699,4266.2114
23:05:43.979,3207.8699,4266.2114
23:05:43.983,3207.8699,4266.2114
23:05:44.001,3207.8699,4266.2114
23:05:44.003,3207.8699,4266.2114
23:05:44.009,3207.8699,4266.2114
23:05:44.010,3207.8699,4266.2114
23:05:44.025,3207.8699,4266.2114
23:05:44.045,3207.8699,4266.2114
23:05:44.049,3207.8699,4266.2114
23:05:44.063,3207.8699,4266.2114
23:05:44.074,3207.8699,4266.2114
23:05:44.080,3207.8699,4266.2114
23:05:44.082,3207.8699,4266.2114
23:05:44.093,3207.8699,4266.2114
23:05:44.103,3207.8699,4266.2114
23:05:44.105,3207.8699,4266.2114
23:05:44.115,3207.8699,4266.2114
23:05:44.122,3207.8699,4266.2114
23:05:44.134,3207.8699,4266.2114
23:05:44.136,3207.8699,4266.2114
23:05:44.149,3207.8699,4266.2114
23:05:44.157,3207.8699,4266.2114
23:05:44.162,3207.8699,4266.2114
23:05:44.169,3207.8699,4266.2114
23:05:44.176,3207.8699,4266.2114
23:05:44.205,3207.8699,4266.2114
23:05:44.581,3207.8699,4263.786
23:05:44.604,3207.8699,4263.786
23:05:44.615,3207.8699,4267.4253
23:05:44.619,3207.8699,4267.4253
23:05:44.627,3207.8699,4267.4253
23:05:44.628,3207.8699,4267.4253
23:05:44.631,3207.8699,4267.4253
23:05:44.799,3207.8699,4267.4253
23:05:44.805,3207.8699,4267.4253
23:05:44.825,3207.8699,4277.16
23:05:44.829,3207.8699,4277.16
23:05:44.835,3207.8699,4277.16
23:05:44.841,3207.8699,4277.16
23:05:44.858,3207.8699,4277.16
23:05:44.862,3207.8699,4277.16
23:05:44.877,3207.8699,4272.287
23:05:44.880,3207.8699,4272.287
23:05:44.883,3207.8699,4272.287
23:05:45.073,3207.8699,4272.287
23:05:45.080,3207.8699,4272.287
23:05:45.094,3207.8699,4273.5044
23:05:45.125,3207.8699,4286.939
23:05:45.133,3207.8699,4286.939
23:05:45.146,3207.8699,4284.49
23:05:45.150,3207.8699,4284.49
23:05:45.157,3207.8699,4284.49
23:05:45.162,3207.8699,4284.49
23:05:45.170,3207.8699,4284.49
23:05:45.179,3207.8699,4284.49
23:05:45.184,3207.8699,4284.49
23:05:45.198,3207.8699,4282.044
23:05:45.203,3207.8699,4282.044
23:05:47.378,3207.8699,4282.044
23:05:47.389,3207.8699,4282.044
23:05:47.412,3207.8699,4282.044
23:05:47.685,3207.8699,4282.044
23:05:47.807,3207.8699,4273.5044
23:05:47.815,3207.8699,4273.5044
23:05:47.913,3207.8699,4275.941
23:05:47.925,3207.8699,4275.941
23:05:47.933,3207.8699,4279.6006
23:05:47.956,3207.8699,4279.6006
23:05:47.964,3207.8699,4279.6006
23:05:47.972,3207.8699,4279.6006
23:05:47.975,3207.8699,4279.6006
23:05:48.005,3207.8699,4279.6006
23:05:48.072,3207.8699,4279.6006
23:05:48.075,3207.8699,4279.6006
23:05:48.196,3207.8699,4282.044
23:05:48.203,3207.8699,4282.044
23:05:48.236,3207.8699,4277.16
23:05:48.242,3207.8699,4277.16
23:05:48.251,3207.8699,4274.722
23:05:48.253,3207.8699,4274.722
23:05:48.592,3207.8699,4279.6006
23:05:48.606,3207.8699,4279.6006
23:05:48.608,3207.8699,4274.722
23:05:48.629,3207.8699,4274.722
23:05:48.635,3207.8699,4272.287
23:05:48.659,3207.8699,4272.287
23:05:48.671,3207.8699,4272.287
23:05:48.674,3207.8699,4271.0703
23:05:48.676,3207.8699,4271.0703
23:05:48.688,3207.8699,4271.0703
23:05:48.695,3207.8699,4271.0703
23:05:48.702,3207.8699,4271.0703
23:05:48.728,3207.8699,4269.8545
23:05:48.730,3207.8699,4269.8545
23:05:48.735,3207.8699,4269.8545
23:05:48.747,3207.8699,4269.8545
23:05:48.765,3207.8699,4269.8545
23:05:49.151,0,4269.8545
23:05:49.164,0,4271.0703
23:05:49.225,0,4261.364
23:05:49.237,0,4260.1533
23:05:49.238,0,4260.1533
23:05:49.746,0,4260.1533
23:05:49.747,0,4260.1533
23:05:49.751,0,4260.1533
23:05:49.963,0,4255.319
23:05:49.965,0,4255.319
23:05:49.969,0,4254.1123
23:05:49.976,0,4254.1123
23:05:50.132,0,4254.1123
23:05:50.138,0,4251.7007
23:05:50.145,0,4251.7007
23:05:51.044,0,4251.7007
23:05:51.060,0,4251.7007
23:05:51.063,0,3642.5447
23:05:51.086,0,3642.5447
23:05:51.091,0,3642.5447
23:05:51.092,0,0
23:05:51.098,0,0
23:05:51.101,0,0
23:05:51.104,0,0
23:05:51.107,0,0
23:05:51.115,0,0
23:05:51.119,0,0
23:05:51.133,0,0
23:05:51.140,0,0
23:05:51.162,0,0
23:05:51.178,0,0
23:05:52.840,0,0
23:05:52.865,0,0
23:05:52.891,0,0
23:05:52.900,0,0
23:05:52.914,0,0
23:05:52.917,0,0
23:05:52.927,0,0
23:05:52.935,0,0
23:05:52.947,0,0
23:05:52.952,0,0
23:05:52.958,0,0
23:05:52.969,0,0
23:05:52.976,0,0
23:05:52.979,0,0
23:05:53.010,0,0
23:05:53.015,0,0
23:05:53.110,0,0
23:05:53.126,0,0
23:05:53.144,0,0
23:05:53.185,0,0
23:05:53.187,0,0
23:05:53.194,0,0
23:05:53.213,0,0
23:05:53.216,0,0
23:05:53.223,0,0
23:05:53.226,0,0
23:05:53.277,0,0
23:05:53.285,0,0
23:05:53.685,0,0
23:05:53.689,0,0
23:05:53.706,0,0
23:05:53.713,0,0
23:05:53.730,0,0
23:05:53.731,0,0
23:05:53.745,0,0
23:05:53.773,0,0
23:05:53.788,0,0
23:05:53.895,0,0
23:05:54.325,0,0
23:05:54.581,0,0
23:05:54.590,0,0
23:05:54.605,0,0
23:05:54.621,0,0
23:05:54.664,0,0
23:05:54.695,0,0
23:05:54.706,0,0
23:05:54.770,0,0
23:05:54.775,0,0
23:05:55.092,0,0
23:05:55.094,0,0
23:05:55.141,0,0
23:05:55.146,0,0
23:05:55.278,0,0
23:05:55.286,0,0
23:05:55.292,0,0
23:05:55.295,0,0
23:05:55.368,0,0
23:05:55.375,0,0
23:05:55.387,0,0
23:05:55.390,0,0
23:05:55.399,0,0
23:05:55.415,0,0
23:05:55.417,0,0
23:05:55.425,0,0
23:05:55.458,0,0
23:05:55.462,0,0
23:05:55.732,0,0

