timestamp,Y [°],Acce Y[°],Gyro Y[°]
00:53:18.714,0.010989532,0.5494771,0
00:53:18.729,0.023500599,0.5499895,0.0017664062
00:53:18.746,0.03239567,0.54721075,1.55E-04
00:53:18.761,0.041391507,0.54721075,-0.0011719336
00:53:18.771,0.048330117,0.27492192,0.0011423632
00:53:18.787,0.056160875,0.27492192,0.0045086136
00:53:18.801,0.074339904,0.8207849,0.0074540824
00:53:18.815,0.09215535,0.8207849,0.010399551
00:53:18.831,0.10722924,0.824459,0.010836113
00:53:18.845,0.121894695,0.824459,0.0111635355
00:53:18.859,0.1363738,0.824459,0.011600098
00:53:18.873,0.14575037,0.54461515,0.012836582
00:53:18.887,0.15485285,0.54461515,0.013984746
00:53:18.901,0.168463,0.816643,0.0143667385
00:53:18.914,0.18180095,0.816643,0.014748731
00:53:18.932,0.19497909,0.816643,0.015239864
00:53:18.942,0.20393176,0.5498312,0.01713338
00:53:18.956,0.2137363,0.5498312,0.020078849
00:53:18.971,0.22917618,0.8207849,0.0234451
00:53:18.986,0.24410109,0.8207849,0.026600959
00:53:18.998,0.2566702,0.8249526,0.027572483
00:53:19.012,0.26933417,0.8249526,0.028897287
00:53:19.028,0.28828058,1.0995612,0.031286974
00:53:19.040,0.30626258,1.0995612,0.03307924
00:53:19.054,0.3115083,0.5498312,0.03346123
00:53:19.069,0.31667584,0.5498312,0.03387051
00:53:19.082,0.32252026,0.5526374,0.035018675
00:53:19.097,0.32842088,0.5526374,0.03634348
00:53:19.111,0.33406085,0.5498312,0.037579965
00:53:19.132,0.34019387,0.5498312,0.03943469
00:53:19.147,0.34568492,0.5498312,0.040759496
00:53:19.157,0.34946674,0.5496604,0.040455747
00:53:19.168,0.3570022,0.54704237,0.044112816
00:53:19.183,0.366016,0.54704237,0.049432192
00:53:19.225,0.37840143,0.55230355,0.0582686
00:53:19.241,0.386086,0.5498312,0.06261141
00:53:19.259,0.39549938,0.8326894,0.06310254
00:53:19.270,0.40453732,0.8326894,0.06340268
00:53:19.286,0.4134213,0.82868314,0.06381196
00:53:19.317,0.42258218,0.82868314,0.064685084
00:53:19.335,0.42766833,0.5524768,0.06722413
00:53:19.342,0.43133545,0.5524768,0.06841897
00:53:19.362,0.43421,0.5496604,0.06893739
00:53:19.370,0.43675965,0.5496604,0.069182955
00:53:19.387,0.44708636,0.82868314,0.071722
00:53:19.398,0.45632833,0.82868314,0.07336491
00:53:19.431,0.4684592,0.82868314,0.07814429
00:53:19.471,0.47673324,0.82868314,0.079235695
00:53:19.489,0.48533738,0.8247152,0.08091378
00:53:19.497,0.48684114,0.5498312,0.08113206
00:53:19.515,0.48858225,0.5498312,0.0816232
00:53:19.528,0.48844695,0.5421956,0.08039099
00:53:19.546,0.48784992,0.5421956,0.07868486
00:53:19.556,0.4905532,0.5498312,0.08017842
00:53:19.573,0.49422702,0.5498312,0.08271746
00:53:19.586,0.49637774,0.5498312,0.08377731
00:53:19.619,0.50038964,0.5498312,0.0867802
00:53:19.631,0.5009781,0.5496604,0.0863752
00:53:19.644,0.50152177,0.5496604,0.08593645
00:53:19.658,0.50286233,0.5498312,0.08631844
00:53:19.671,0.50412256,0.5498312,0.086645864
00:53:19.686,0.5119986,0.82868314,0.088058986
00:53:19.700,0.51954406,0.82868314,0.08929547
00:53:19.715,0.52093923,0.27749258,0.095658906
00:53:19.727,0.521861,0.27749258,0.10156781
00:53:19.748,0.52428746,0.55230355,0.10342254
00:53:19.758,0.5257133,0.55230355,0.104305744
00:53:19.771,0.5236949,0.55230355,0.10170348
00:53:19.785,0.5210793,0.55230355,0.098450646
00:53:19.800,0.51924723,0.2748365,0.1016065
00:53:19.813,0.5170394,0.2748365,0.10434158
00:53:19.827,0.52607435,0.824459,0.10728705
00:53:19.841,0.5349286,0.824459,0.11023252
00:53:19.856,0.54299927,0.82868314,0.11247285
00:53:19.872,0.55105484,0.82868314,0.11486253
00:53:19.885,0.55539984,0.82868314,0.113630325
00:53:19.900,0.5594722,0.82868314,0.112208545
00:53:19.914,0.5604912,0.5498312,0.11344503
00:53:19.928,0.5614898,0.5498312,0.11468151
00:53:19.943,0.56350166,0.55230355,0.11692184
00:53:19.956,0.5651805,0.55230355,0.11886346
00:53:19.970,0.57318383,0.821019,0.12180893
00:53:19.985,0.5812333,0.821019,0.12496479
00:53:20.006,0.5849383,0.5499895,0.129383
00:53:20.012,0.58547646,0.5499895,0.13064533
00:53:20.027,0.5796386,0.2735274,0.13105461
00:53:20.041,0.573864,0.2735274,0.13140932
00:53:20.057,0.5707874,0.5498312,0.12876037
00:53:20.074,0.5677723,0.5498312,0.12611142
00:53:20.090,0.569752,0.5496604,0.1285011
00:53:20.097,0.57037467,0.5496604,0.1295466
00:53:20.112,0.56663495,0.27361163,0.13178693
00:53:20.125,0.5626773,0.27361163,0.13372855
00:53:20.139,0.5619574,0.5498312,0.13325605
00:53:20.154,0.5612188,0.5498312,0.1327498
00:53:20.167,0.5605611,0.5498312,0.13231105
00:53:20.181,0.55988353,0.5498312,0.13183855
00:53:20.196,0.5628247,0.55230355,0.1349944
00:53:20.209,0.5652947,0.55230355,0.13772948
00:53:20.224,0.5772715,1.0992197,0.13905428
00:53:20.239,0.5890088,1.0992197,0.14037909
00:53:20.253,0.59116125,0.55230355,0.14332455
00:53:20.269,0.59347683,0.55230355,0.14648041
00:53:20.281,0.59845394,0.8249526,0.14683512
00:53:20.295,0.60335827,0.8249526,0.14721711
00:53:20.310,0.61275196,0.82868314,0.15220402
00:53:20.324,0.6213062,0.82868314,0.15652601
00:53:20.338,0.63001513,0.82868314,0.16118047
00:53:20.352,0.6232882,0.27361163,0.16158974
00:53:20.366,0.6302827,0.82868314,0.16453521
00:53:20.382,0.63754964,0.82868314,0.16790146
00:53:20.396,0.6368741,0.5475105,0.16904962
00:53:20.410,0.63638514,0.5475105,0.17037442
00:53:20.424,0.6303957,0.27632514,0.1716109
00:53:20.438,0.6245261,0.27632514,0.17284739
00:53:20.452,0.63690656,1.0992197,0.17579286
00:53:20.466,0.6490394,1.0992197,0.17873833
00:53:20.481,0.6510418,0.5496604,0.18280971
00:53:20.496,0.65300417,0.5496604,0.1868811
00:53:20.509,0.6505108,0.5498312,0.18644235
00:53:20.523,0.6480342,0.5498312,0.18596984
00:53:20.537,0.64811933,0.5498312,0.18806082
00:53:20.551,0.6482028,0.5498312,0.1901518
00:53:20.566,0.64573926,0.5498312,0.18964554
00:53:20.581,0.64332503,0.5498312,0.18913929
00:53:20.595,0.6397341,0.2775805,0.19293925
00:53:20.609,0.636215,0.2775805,0.19673921
00:53:20.624,0.6449516,0.82868314,0.20172612
00:53:20.637,0.6528618,0.82868314,0.20604812
00:53:20.652,0.65415585,0.824459,0.20386663
00:53:20.667,0.65527135,0.824459,0.20152932
00:53:20.680,0.65506536,0.5498312,0.20347095
00:53:20.694,0.65500987,0.5498312,0.20556192
00:53:20.709,0.65880984,0.8249526,0.2059712
00:53:20.721,0.6624803,0.8249526,0.2063259
00:53:20.737,0.6635228,0.5496604,0.20969215
00:53:20.751,0.6641321,0.5496604,0.21263762
00:53:20.768,0.6632838,0.5524768,0.21405074
00:53:20.784,0.66253906,0.5524768,0.21555218
00:53:20.798,0.65680796,0.2735274,0.21764316
00:53:20.811,0.65089875,0.2735274,0.21943542
00:53:20.825,0.6437519,0.2748365,0.21981741
00:53:20.839,0.6367748,0.2748365,0.22022669
00:53:20.853,0.638392,0.81689197,0.21820103
00:53:20.867,0.63967144,0.81689197,0.21586372
00:53:20.880,0.6444139,0.82053244,0.21701188
00:53:20.895,0.6492346,0.82053244,0.21833669
00:53:20.910,0.64214945,0.27492192,0.21874596
00:53:20.925,0.635206,0.27492192,0.21915524
00:53:20.939,0.6283994,0.27615818,0.21953723
00:53:20.953,0.6217289,0.27615818,0.21991922
00:53:20.967,0.62616295,0.8247152,0.22030121
00:53:20.981,0.63050836,0.8247152,0.2206832
00:53:20.995,0.6317814,0.5498312,0.22362867
00:53:21.009,0.633029,0.5498312,0.22657414
00:53:21.023,0.63419586,0.54704237,0.2295196
00:53:21.037,0.6353394,0.54704237,0.23246507
00:53:21.052,0.6332156,0.55230355,0.23199257
00:53:21.066,0.63113433,0.55230355,0.23152007
00:53:21.080,0.62906164,0.55230355,0.23101382
00:53:21.094,0.63677806,0.82868314,0.23481378
00:53:21.108,0.64959055,1.1045045,0.23834231
00:53:21.122,0.6624128,1.1045045,0.24214227
00:53:21.135,0.6630972,0.55230355,0.24508774
00:53:21.150,0.6639741,0.55230355,0.2482436
00:53:21.164,0.6599153,0.2748365,0.25204358
00:53:21.178,0.65593773,0.2748365,0.25584355
00:53:21.193,0.6560077,0.5496604,0.25808388
00:53:21.207,0.6559299,0.5496604,0.26017487
00:53:21.221,0.65497047,0.5473668,0.26141137
00:53:21.236,0.65411675,0.5473668,0.26273617
00:53:21.251,0.6598036,0.82868314,0.2649765
00:53:21.265,0.6652304,0.82868314,0.2670675
00:53:21.279,0.66282296,0.27492192,0.27257645
00:53:21.293,0.6604637,0.27492192,0.2780854
00:53:21.307,0.66276,0.54721075,0.28273988
00:53:21.321,0.6650104,0.54721075,0.28739434
00:53:21.335,0.6735981,0.824459,0.2929033
00:53:21.349,0.6820141,0.824459,0.29841226
00:53:21.363,0.6917127,0.8132631,0.3056302
00:53:21.377,0.7012173,0.8132631,0.31284815
00:53:21.391,0.7064124,0.816643,0.31579363
00:53:21.405,0.71150357,0.816643,0.31873912
00:53:21.419,0.7038803,0.26975444,0.3199756
00:53:21.434,0.6964095,0.26975444,0.3212121
00:53:21.448,0.6957151,0.26614198,0.32928455
00:53:21.462,0.69559973,0.26614198,0.33793357
00:53:21.476,0.6992115,1.3253589,0.3287668
00:53:21.490,0.7013689,1.3253589,0.31818974
00:53:21.504,0.70306414,1.0605028,0.3125903
00:53:21.518,0.70472544,1.0605028,0.30699086
00:53:21.532,0.6989531,0.8160905,0.29882795
00:53:21.547,0.69272476,0.8160905,0.29008195
00:53:21.561,0.6767566,0.54552156,0.27679208
00:53:21.576,0.6601775,0.54552156,0.26255292
00:53:21.590,0.64267844,0.2689449,0.25268102
00:53:21.605,0.6248383,0.2689449,0.24210396
00:53:21.618,0.6182609,0.82289857,0.23135027
00:53:21.632,0.6110044,0.82289857,0.21976937
00:53:21.646,0.59048355,0.27803442,0.205625
00:53:21.660,0.5703731,0.27803442,0.19148062
00:53:21.675,0.58574045,2.1155543,0.17562726
00:53:21.689,0.59969074,2.1155543,0.15864152
00:53:21.704,0.59761715,0.81225455,0.15218757
00:53:21.719,0.59468144,0.81225455,0.14481163
00:53:21.731,0.5773665,0,0.13927968
00:53:21.746,0.5590425,0,0.13236474
00:53:21.763,0.5792662,0.83570534,0.14735495
00:53:21.775,0.5939005,0.83570534,0.1570545
00:53:21.793,0.61515534,0.83570534,0.17380826
00:53:21.808,0.6325285,0.83570534,0.18703492
00:53:21.821,0.6707235,1.6306747,0.20563914
00:53:21.836,0.6803646,0.8186968,0.2124571
00:53:21.852,0.6902583,0.8186968,0.2197296
00:53:21.866,0.6824511,0.28118053,0.2201116
00:53:21.882,0.6748535,0.28118053,0.22054815
00:53:21.894,0.61813533,-1.6746598,0.21062167
00:53:21.908,0.5609302,-1.6746598,0.19904077
00:53:21.924,0.54049814,-0.8396144,0.20677426
00:53:21.941,0.5219905,-0.8396144,0.21605445
00:53:21.951,0.5563071,2.4338036,0.21205485
00:53:21.965,0.5883695,2.4338036,0.2064554
00:53:21.981,0.59150773,0.53248507,0.2107982
00:53:21.994,0.5937852,0.53248507,0.21432674
00:53:22.008,0.5927166,0.5216329,0.21470873
00:53:22.022,0.59166926,0.5216329,0.21509072
00:53:22.038,0.57728666,0.2562328,0.20726025
00:53:22.050,0.5642149,0.2562328,0.20047385
00:53:22.064,0.55458385,0.25968087,0.19686127
00:53:22.080,0.5440561,0.25968087,0.19213712
00:53:22.092,0.53084326,0.26214525,0.1844079
00:53:22.107,0.5166322,0.26214525,0.17539048
00:53:22.121,0.50657266,0.26276478,0.1703066
00:53:22.136,0.49671432,0.26276478,0.1652227
00:53:22.150,0.4856981,0.26214525,0.15876876
00:53:22.165,0.4744504,0.26214525,0.15185381
00:53:22.181,0.47165847,0.26560953,0.15326694
00:53:22.193,0.4684896,0.26560953,0.15423846
00:53:22.208,0.45434135,0.26605302,0.14393283
00:53:22.222,0.44173852,0.26605302,0.13491541
00:53:22.237,0.44044992,0.53669673,0.13166258
00:53:22.252,0.43918708,0.53669673,0.12840974
00:53:22.265,0.44076008,0.53933555,0.127971
00:53:22.279,0.44226855,0.53933555,0.1274985
00:53:22.300,0.4384162,0.8210564,0.115837164
00:53:22.307,0.44149774,0.8210564,0.11117263
00:53:22.321,0.43182516,-0.270201,0.11582708
00:53:22.335,0.42234603,-0.270201,0.120481536
00:53:22.349,0.447823,1.5937371,0.12257251
00:53:22.363,0.47279042,1.5937371,0.12466349
00:53:22.377,0.46119678,0,0.122482
00:53:22.391,0.449835,0,0.12030052
00:53:22.405,0.43818793,0.26746392,0.112137586
00:53:22.420,0.4262024,0.26746392,0.10339159
00:53:22.434,0.42649448,0.26790798,0.10692012
00:53:22.447,0.42704675,0.26790798,0.11072008
00:53:22.462,0.4277153,0.5254964,0.10939309
00:53:22.477,0.42827758,0.5254964,0.10797131
00:53:22.499,0.42445424,0,0.1128103
00:53:22.504,0.4169961,0,0.113862254
00:53:22.518,0.40149394,0,0.106553815
00:53:22.534,0.3852786,0,0.09820131
00:53:22.547,0.379889,0.25393498,0.09538219
00:53:22.562,0.37418216,0.25393498,0.09212936
00:53:22.576,0.3732443,0.7691421,0.083111934
00:53:22.591,0.37169394,0.7691421,0.07345041
00:53:22.604,0.3689943,0.2582105,0.07301166
00:53:22.618,0.36631557,0.2582105,0.07253916
00:53:22.632,0.36702105,0.25726134,0.075484626
00:53:22.646,0.36771244,0.25726134,0.078430094
00:53:22.660,0.36579537,0.25314063,0.078812085
00:53:22.674,0.36391667,0.25314063,0.07919408
00:53:22.688,0.36126322,0.2543951,0.078721575
00:53:22.702,0.35866284,0.2543951,0.078249075
00:53:22.716,0.35697916,0.2557601,0.078631066
00:53:22.730,0.35532916,0.2557601,0.07901306
00:53:22.744,0.35972053,0.5143101,0.08024954
00:53:22.759,0.36411062,0.5143101,0.08157434
00:53:22.773,0.36033452,0.50784004,0.07478794
00:53:22.786,0.35612234,0.50784004,0.0674795
00:53:22.801,0.3543194,-0.24755013,0.077959575
00:53:22.815,0.3511831,-0.24755013,0.08704231
00:53:22.829,0.39989638,3.2602663,0.077380784
00:53:22.843,0.44826669,3.2602663,0.06836336
00:53:22.857,0.3996052,-1.7523075,0.0636184
00:53:22.872,0.3515848,-1.7523075,0.058534514
00:53:22.887,0.35108793,0.7552952,0.04978852
00:53:22.902,0.350601,0.7552952,0.04104252
00:53:22.916,0.33386788,0.24889183,0.026043653
00:53:22.930,0.31746945,0.24889183,0.011044785
00:53:22.945,0.29585165,0.24832316,-0.009603066
00:53:22.958,0.27736416,0.24832316,-0.027497873
00:53:22.972,0.25460577,0,-0.045060217
00:53:22.987,0.2310732,0,-0.06387702
00:53:23.000,0.2240079,0.24922125,-0.07145688
00:53:23.014,0.2165125,0.24922125,-0.07961981
00:53:23.028,0.2100444,0,-0.081801295
00:53:23.042,0.20370565,0,-0.08398278
00:53:23.056,0.19899528,0.24255963,-0.089582235
00:53:23.070,0.1943791,0.24255963,-0.09518169
00:53:23.087,0.18077764,0,-0.10509382
00:53:23.099,0.17087664,0,-0.11150755
00:53:23.113,0.16874942,0.4930703,-0.12025355
00:53:23.127,0.16780756,0.4930703,-0.12783341
00:53:23.141,0.164325,0.24279036,-0.1329173
00:53:23.155,0.16124424,0.24279036,-0.13766226
00:53:23.169,0.1533693,0,-0.14240722
00:53:23.183,0.14565185,0,-0.14715219
00:53:23.197,0.14866649,0.487017,-0.15104266
00:53:23.212,0.1513485,0.487017,-0.15521102
00:53:23.227,0.1363385,-0.48462442,-0.15754832
00:53:23.241,0.12178141,-0.48462442,-0.15972981
00:53:23.255,0.11953237,0.24183257,-0.16447477
00:53:23.269,0.11732831,0.24183257,-0.16921973
00:53:23.283,0.112843886,0,-0.17140122
00:53:23.297,0.10844915,0,-0.1735827
00:53:23.311,0.098853044,0.23797822,-0.1860181
00:53:23.325,0.08944886,0.23797822,-0.19845349
00:53:23.339,0.08439125,0.23655216,-0.20661642
00:53:23.353,0.07943479,0.23655216,-0.21477935
00:53:23.367,0.07570824,0,-0.21696083
00:53:23.381,0.07205622,0,-0.21914232
00:53:23.396,0.06943438,0.23493586,-0.22514173
00:53:23.410,0.06764891,0.23493586,-0.23034123
00:53:23.423,0.062164303,0.23527235,-0.23935865
00:53:23.438,0.05615817,0.23527235,-0.24902017
00:53:23.452,0.05088684,0.23444563,-0.2580376
00:53:23.466,0.046352156,0.23444563,-0.26641092
00:53:23.480,0.04961386,0.23424374,-0.26691717
00:53:23.494,0.052843403,0.23424374,-0.26738966
00:53:23.508,0.049270887,0.23233134,-0.27469808
00:53:23.522,0.04576982,0.23233134,-0.2820065
00:53:23.536,0.036406256,-0.23177558,-0.28589696
00:53:23.551,0.026957633,-0.23177558,-0.29006532
00:53:23.566,0.03232422,0.23037182,-0.28874052
00:53:23.580,0.037496924,0.23037182,-0.28750402
00:53:23.594,0.04508435,0.69124216,-0.29310346
00:53:23.608,0.05252003,0.69124216,-0.2987029
00:53:23.623,0.04171687,-0.46283224,-0.29920915
00:53:23.636,0.031195924,-0.46283224,-0.2996479
00:53:23.651,0.029949829,-0.23060684,-0.2955765
00:53:23.665,0.02846266,-0.23060684,-0.29177654
00:53:23.680,0.038441714,0.46250033,-0.29045174
00:53:23.694,0.048134632,0.46250033,-0.28921524
00:53:23.707,0.049801916,0.23075639,-0.2912409
00:53:23.721,0.051283147,0.23075639,-0.29342237
00:53:23.736,0.04895703,0,-0.29474935
00:53:23.750,0.04658455,0,-2.96E-01
00:53:23.764,0.046027213,0,-0.29578912
00:53:23.780,0.045534503,0,-0.29535255
00:53:23.793,0.04954986,0.228922,-0.29499784
00:53:23.808,0.05353839,0.228922,-2.95E-01
00:53:23.822,0.059106104,0.2294666,-0.29249758
00:53:23.837,0.06470884,0.2294666,-0.29025725
00:53:23.851,0.06462642,0,-0.28902075
00:53:23.865,0.06454565,0,-0.28778425
00:53:23.882,0.06472615,0,-2.86E-01
00:53:23.894,0.065905824,0,-0.28375813
00:53:23.909,0.06768045,0,-2.81E-01
00:53:23.922,0.07133998,0,-0.27548683
00:53:23.936,0.08491977,0.22917089,-0.2648509
00:53:23.950,0.09822797,0.22917089,-0.254215
00:53:23.964,0.10460343,0.23080319,-0.25041503
00:53:23.979,0.111117385,0.23080319,-0.24634364
00:53:23.992,0.112353005,0,-0.2428151
00:53:24.006,0.11382991,0,-0.23901515
00:53:24.021,0.12108971,0.2324613,-0.23402824
00:53:24.034,0.12755269,0.2324613,-0.22970624
00:53:24.048,0.13793702,0,-0.21650687
00:53:24.063,0.14903763,0,-0.20236468
00:53:24.077,0.1526252,0,-0.19566232
00:53:24.091,0.15715152,0,-0.18792883
00:53:24.105,0.14885359,-0.23459296,-0.18840133
00:53:24.119,0.1407216,-0.23459296,-0.18887383
00:53:24.133,0.15502958,0,-1.71E-01
00:53:24.147,0.16782837,0,-0.15517814
00:53:24.162,0.16593638,-0.23527235,-0.14888221
00:53:24.181,0.16523911,-0.23527235,-0.14140579
00:53:24.195,0.1675988,-0.23958942,-0.13073614
00:53:24.210,0.17232428,-0.23958942,-0.11760427
00:53:24.223,0.1882209,0.483222,-0.10772808
00:53:24.248,0.21273375,0.483222,-0.0887354
00:53:24.267,0.21694244,0,-0.08009931
00:53:24.280,0.21839432,0,-0.0741904
00:53:24.300,0.23017098,0.2421585,-6.27E-02
00:53:24.309,0.23684107,0.24194466,-5.61E-02
00:53:24.325,0.25061673,0.24194466,-4.21E-02
00:53:24.336,0.2542082,-0.24247707,-2.84E-02
00:53:24.353,0.265066,-0.24247707,-7.20E-03
00:53:24.364,0.26822835,0.24398714,-0.0035390768
00:53:24.380,0.27263072,0.24398714,0.0014478371
00:53:24.393,0.2776013,0,0.012083735
00:53:24.408,0.28321698,0,0.02347934
00:53:24.422,0.29216617,0.2467431,0.033355534
00:53:24.436,0.3016809,0.2467431,0.04399143
00:53:24.450,0.3077122,0,0.056302562
00:53:24.464,0.31281856,0,0.06779295
00:53:24.478,0.32364652,0.2493156,8.01E-02
00:53:24.492,0.3342579,0.2493156,9.25E-02
00:53:24.507,0.34598768,0.4969451,1.01E-01
00:53:24.522,0.35748288,0.4969451,0.10978076
00:53:24.537,0.3637903,0.24905168,0.11842978
00:53:24.551,0.36940652,0.24905168,0.1265022
00:53:24.565,0.36911187,-0.25022694,1.39E-01
00:53:24.579,0.3688231,-0.25022694,0.15119196
00:53:24.593,0.38609767,0.75326174,0.16097337
00:53:24.607,0.40302673,0.75326174,0.17075478
00:53:24.621,0.4154542,0.50324035,0.18139067
00:53:24.635,0.42763314,0.50324035,0.19202657
00:53:24.651,0.42845374,0,0.20159112
00:53:24.663,0.42800817,0,0.2098804
00:53:24.677,0.4298712,0,0.2205163
00:53:24.692,0.43169698,0,0.23115219
00:53:24.706,0.43936443,0.25668496,0.2425478
00:53:24.719,0.4453895,0.25668496,0.252424
00:53:24.734,0.44647902,0.25550565,0.2574109
00:53:24.748,0.44689512,0.25550565,0.2617329
00:53:24.762,0.4450308,0,0.26895085
00:53:24.776,0.44370902,0,0.27668434
00:53:24.790,0.46236503,0.77161026,2.89E-01
00:53:24.804,0.47978377,0.77161026,0.30049235
00:53:24.818,0.4970673,0.5164105,0.3173811
00:53:24.832,0.5129017,0.5164105,0.33314395
00:53:24.847,0.5364904,0.7750619,0.35186377
00:53:24.862,0.55960727,0.7750619,0.3705836
00:53:24.877,0.56652486,0.2573781,0.38381025
00:53:24.891,0.57243997,0.2573781,0.39615515
00:53:24.905,0.5737794,-0.258581,0.41448146
00:53:24.919,0.575092,-0.258581,0.4328078
00:53:24.933,0.5758378,0.25870225,0.44002575
00:53:24.947,0.57656866,0.25870225,0.4472437
00:53:24.961,0.5635443,-0.2608516,0.45104367
00:53:24.975,0.55078036,-0.2608516,4.55E-01
00:53:24.989,0.54962015,0.26470095,0.4594981
00:53:25.003,0.54848313,0.26470095,0.46415257
00:53:25.017,0.5564585,0.25860998,0.47820646
00:53:25.032,0.5642743,0.25860998,0.49226034
00:53:25.045,0.5801051,1.2952286,0.49349684
00:53:25.060,0.5957059,1.2952286,0.49482164
00:53:25.085,0.6118602,1.2952286,4.97E-01
00:53:25.133,0.6444643,-0.26254123,0.548144
00:53:25.142,0.65124786,0.7815403,0.5522685
00:53:25.154,0.6529239,0.52327275,5.57E-01
00:53:25.168,0.6545664,0.52327275,0.5609125
00:53:25.179,0.6542149,0.26206023,0.5685641
00:53:25.193,0.65512025,0.26206023,0.57749104
00:53:25.207,0.6552555,0.26633167,0.5855635
00:53:25.223,0.6559531,0.26633167,0.59421253
00:53:25.235,0.65467453,0.26360887,0.6009149
00:53:25.250,0.65443206,0.26360887,0.6086484
00:53:25.266,0.6399501,0,0.60722667
00:53:25.279,0.6258507,0,0.6058997
00:53:25.294,0.61789507,0,0.61055416
00:53:25.308,0.6104244,0,0.6155411
00:53:25.322,0.62295216,1.0639138,0.61906964
00:53:25.336,0.6357614,1.0639138,0.62314105
00:53:25.350,0.6389099,0.27202812,0.63377696
00:53:25.367,0.64422894,0.27202812,0.646692
00:53:25.381,0.64680344,0.54488593,0.65134645
00:53:25.393,0.6486748,0.54488593,0.65533596
00:53:25.410,0.6442906,0,0.6641006
00:53:25.422,0.63746786,0,0.6702874
00:53:25.437,0.627877,0.27244914,0.6679501
00:53:25.466,0.6164928,0.27244914,0.66358715
00:53:25.469,0.60900116,0.27244914,0.66296387
00:53:25.496,0.6271276,0.2679812,0.6884198
00:53:25.508,0.6466395,1.6225718,0.6880148
00:53:25.522,0.66569513,1.6225718,0.6875423
00:53:25.537,0.6628044,0,0.69817823
00:53:25.550,0.65997154,0,0.70881414
00:53:25.564,0.65980476,0.54917413,0.71090513
00:53:25.579,0.6597877,0.54917413,0.7131455
00:53:25.593,0.65494686,0.27341527,0.716091
00:53:25.607,0.6502028,0.27341527,0.71903646
00:53:25.624,0.6532462,0.27122232,0.7298763
00:53:25.636,0.65310436,0.27122232,0.7375279
00:53:25.650,0.6746254,1.3618608,0.7450237
00:53:25.664,0.6968461,1.3618608,0.7536728
00:53:25.678,0.7019645,0.8084364,0.75661826
00:53:25.693,0.7071867,0.8084364,0.75977415
00:53:25.707,0.696767,0,0.7635741
00:53:25.722,0.68682164,0,0.76764554
00:53:25.736,0.682337,0.27638942,0.7714455
00:53:25.752,0.678474,0.27638942,0.7757883
00:53:25.764,0.7174199,1.8919542,0.79076415
00:53:25.778,0.758033,1.8919542,0.808236
00:53:25.795,0.80519646,2.4325306,0.8221886
00:53:25.808,0.847395,2.4325306,0.8320375
00:53:25.821,0.84198946,0.26531038,0.83840096
00:53:25.837,0.8371375,0.26531038,0.84521896
00:53:25.850,0.8112338,-0.2674173,0.8413285
00:53:25.865,0.78557587,-0.2674173,0.83716017
00:53:25.890,0.7577077,-0.2674173,0.8302129
00:53:25.893,0.7498881,0.27299598,0.8321258
00:53:25.907,0.79257715,2.4469209,0.8410527
00:53:25.932,0.8406612,2.4469209,0.85635597
00:53:25.935,0.83222765,0.27007788,0.8593948
00:53:25.949,0.83140785,0.27007788,0.8700307
00:53:25.963,0.83595,0.5373572,0.8806666
00:53:25.977,0.83965683,0.5373572,0.8905428
00:53:25.991,0.8559203,1.0944465,0.90193844
00:53:26.008,0.872603,1.0944465,0.91409373
00:53:26.021,0.87509733,0.5598988,0.92302066
00:53:26.035,0.8775418,0.5598988,0.9319476
00:53:26.049,0.9073491,1.6792688,0.94600147
00:53:26.063,0.93656033,1.6792688,0.96005535
00:53:26.077,0.96206987,1.7327477,0.9698368
00:53:26.092,0.9877539,1.7327477,0.9803169
00:53:26.108,0.9856533,0,0.99833155
00:53:26.126,0.984698,0,1.0174721
00:53:26.140,0.9716519,0.4917791,1.0142193
00:53:26.154,0.95907927,0.4917791,1.0111833
00:53:26.169,0.97165537,1.343526,1.0161701
00:53:26.184,0.98365414,1.343526,1.0208246
00:53:26.198,0.9725725,0.5783348,1.0177885
00:53:26.211,0.96171254,0.5783348,1.0147525
00:53:26.225,0.9558305,1.109463,1.005735
00:53:26.240,0.95006615,1.109463,0.99671763
00:53:26.253,0.94499946,1.9759884,0.9706104
00:53:26.267,0.9400341,1.9759884,0.9445031
00:53:26.283,0.9390698,1.3010929,0.9361506
00:53:26.296,0.9396596,1.3010929,0.9293642
00:53:26.311,0.93629104,0.5717323,0.9334356
00:53:26.326,0.93298984,0.5717323,0.93750703
00:53:26.340,0.9224641,0.27268353,0.9402421
00:53:26.354,0.91256124,0.27268353,0.943398
00:53:26.369,0.9398796,2.2135637,0.94472283
00:53:26.382,0.96647847,2.2135637,0.945871
00:53:26.399,0.9690302,0.8171227,0.9515228
00:53:26.412,0.9699018,0.8171227,0.95551234
00:53:26.424,0.9579066,0.27500108,0.95745397
00:53:26.439,0.94644403,0.27500108,0.9596943
00:53:26.455,0.9482101,1.1090602,0.95817775
00:53:26.468,0.9502195,1.1090602,0.95694554
00:53:26.486,0.95181715,1.1090602,0.9553342
00:53:26.501,0.9496978,0.824459,0.95577073
00:53:26.512,0.9474604,0.824459,0.9560436
00:53:26.526,0.94369996,0.824459,0.9547166
00:53:26.541,0.9398289,0.824459,0.95320004
00:53:26.553,0.9309143,0.5498312,0.9520626
00:53:26.567,0.92199224,0.5498312,0.9507356
00:53:26.583,0.9150797,0.5549722,0.9511722
00:53:26.596,0.9082252,0.5549722,0.9515269
00:53:26.610,0.9038881,0.54704237,0.95447236
00:53:26.624,0.8994316,0.54704237,0.95720744
00:53:26.638,0.89532274,0.5496604,0.9601529
00:53:26.652,0.89150226,0.5496604,0.9633088
00:53:26.666,0.8858772,0.5496604,0.9645453
00:53:26.681,0.8804512,0.5496604,0.96587014
00:53:26.696,0.8751337,0.5496604,0.967195
00:53:26.710,0.87206686,0.82868314,0.9650135
00:53:26.731,0.87000144,0.55230355,0.9694317
00:53:26.739,0.8652969,0.55230355,0.9711148
00:53:26.754,0.8602825,0.5496604,0.97243965
00:53:26.769,0.8552818,0.5496604,0.97367615
00:53:26.783,0.8641573,1.0995612,0.97774756
00:53:26.798,0.87285537,1.0995612,0.981819
00:53:26.812,0.8683883,0.54704237,0.98390996
00:53:26.827,0.86415696,0.54704237,0.9861503
00:53:26.841,0.8629051,0.8247152,0.98567784
00:53:26.855,0.86167824,0.8247152,0.98520535
00:53:26.868,0.86128145,0.824459,0.98556006
00:53:26.883,0.8609461,0.824459,0.98596936
00:53:26.897,0.8599457,0.8324257,0.9855306
00:53:26.910,0.85893226,0.8324257,0.9850581
00:53:26.930,0.88137186,1.6713909,0.9913749
00:53:26.938,0.9001045,1.6713909,0.99436706
00:53:26.953,0.8872168,0.28052258,0.99386084
00:53:26.967,0.874653,0.28052258,0.9934221
00:53:26.982,0.87945247,1.093238,0.99385864
00:53:27.059,0.88578707,1.093238,0.9959596
00:53:27.067,0.8950628,1.3867313,0.9952013
00:53:27.081,0.9035957,1.3867313,0.9938743
00:53:27.095,0.8884104,0,0.9968198
00:53:27.110,0.87373495,0,0.9999757
00:53:27.124,0.86380947,0.27500108,1.0020666
00:53:27.140,0.85422885,0.27500108,1.0043069
00:53:27.153,0.8563526,0.8160905,1.0072523
00:53:27.168,0.85864013,0.8160905,1.0104082
00:53:27.183,0.8626763,0.8160905,1.015395
00:53:27.195,0.8656543,0.8160905,1.0193846
00:53:27.211,0.86533755,0.5413177,1.0256805
00:53:27.225,0.86425596,0.5413177,1.0311894
00:53:27.238,0.8652321,0.27361163,1.0442394
00:53:27.252,8.67E-01,0.27361163,1.0582932
00:53:27.267,8.94E-01,1.9043044,1.0641956
00:53:27.280,0.9189248,1.9043044,1.0693111
00:53:27.294,0.91709167,0.2642361,1.0808015
00:53:27.309,0.9160995,0.2642361,1.0931126
00:53:27.322,0.9214962,0.5076058,1.106956
00:53:27.336,0.9278286,0.5076058,1.1218643
00:53:27.351,0.93143225,1.267399,1.1186115
00:53:27.364,0.9353888,1.267399,1.1157923
00:53:27.380,0.92951894,-0.2560971,1.1341186
00:53:27.394,0.92504925,-0.2560971,1.1537539
00:53:27.408,0.9547426,2.0756354,1.1605718
00:53:27.428,0.98606926,2.0756354,1.1696625
00:53:27.438,1.012315,2.0756354,1.1742078
00:53:27.451,1.0186329,1.5829886,1.1690083
00:53:27.467,1.0257676,0.5405042,1.1860464
00:53:27.480,1.0296288,0.5405042,1.1998898
00:53:27.494,1.0396085,1.0912039,1.2088166
00:53:27.510,1.0506384,1.0912039,1.2190188
00:53:27.523,1.0652478,1.908612,1.2164166
00:53:27.536,1.0791398,1.908612,1.2133806
00:53:27.552,1.0661554,0.26497254,1.2167468
00:53:27.565,1.0528121,0.26497254,1.2194818
00:53:27.579,1.0474144,0.5322725,1.2245972
00:53:27.595,1.0436672,0.5322725,1.2312866
00:53:27.607,1.0423791,0.8196643,1.2345438
00:53:27.622,1.0416487,0.8196643,1.2383437
00:53:27.635,1.0403235,0.83106244,1.2412891
00:53:27.649,1.0390248,0.83106244,1.2442346
00:53:27.663,1.0317266,0.27856624,1.2523069
00:53:27.677,1.0245744,0.27856624,1.2603793
00:53:27.698,1.0408356,1.9903406,1.257263
00:53:27.707,1.0582986,1.9903406,1.2557048
00:53:27.721,1.0616577,0.83070326,1.2637771
00:53:27.735,1.0649495,0.83070326,1.2718495
00:53:27.749,1.0744795,1.1040301,1.2807764
00:53:27.765,1.0850686,1.1040301,1.2909786
00:53:27.780,1.0858111,0.55917174,1.3024689
00:53:27.794,1.0865389,0.55917174,1.3139592
00:53:27.810,1.089665,0.55917174,1.3279119
00:53:27.823,1.1287341,2.524633,1.3384932
00:53:27.836,1.16875,2.524633,1.3508381
00:53:27.853,1.182724,1.1329237,1.3658283
00:53:27.864,1.1853945,0.8409699,1.3755279
00:53:27.877,1.18974,0.8409699,1.386991
00:53:27.892,1.198231,1.3862278,1.3916454
00:53:27.905,1.2065523,1.3862278,1.3962998
00:53:27.919,1.2137301,0.8349359,1.4112082
00:53:27.934,1.2207644,0.8349359,1.4261165
00:53:27.948,1.2407383,1.7059361,1.4365965
00:53:27.962,1.2596279,1.7059361,1.4463779
00:53:27.976,1.2608685,1.1354654,1.4501778
00:53:27.990,1.2620844,1.1354654,1.4539777
00:53:28.004,1.2550465,0.8496063,1.4552141
00:53:28.018,1.2481494,0.8496063,1.4564506
00:53:28.032,1.2557061,1.3979127,1.461105
00:53:28.046,1.2631116,1.3979127,1.4657594
00:53:28.060,1.296201,2.7313867,1.4695593
00:53:28.074,1.3286285,2.7313867,1.4733592
00:53:28.090,1.3507504,1.9348161,1.4835614
00:53:28.104,1.37118,1.9348161,1.4924883
00:53:28.119,1.4029734,2.716488,1.4974751
00:53:28.134,1.4341309,2.716488,1.502462
00:53:28.148,1.440728,1.3684326,1.5105344
00:53:28.162,1.447193,1.3684326,1.5186068
00:53:28.176,1.453116,1.3478014,1.5266792
00:53:28.189,1.4583555,1.3478014,1.5341749
00:53:28.203,1.4792342,1.8973875,1.5465198
00:53:28.217,1.4996953,1.8973875,1.5588646
00:53:28.233,1.5220551,2.1490273,1.5684291
00:53:28.246,1.5427182,2.1490273,1.5767183
00:53:28.260,1.5635927,2.1490273,1.5856452
00:53:28.274,1.57103,1.6013789,1.5924631
00:53:28.294,1.5805459,1.6013789,1.6015538
00:53:28.306,1.5858625,1.6013789,1.6065537
00:53:28.318,1.6050135,2.3705156,1.6100821
00:53:28.334,1.6243135,2.3705156,1.6141535
00:53:28.347,1.620781,1.313672,1.6168885
00:53:28.361,1.6177315,1.313672,1.6200444
00:53:28.373,1.627076,1.8535793,1.6247663
00:53:28.389,1.6373905,1.8535793,1.6306688
00:53:28.403,1.6526899,2.1131473,1.6365712
00:53:28.418,1.6676835,2.1131473,1.6424736
00:53:28.431,1.671773,1.8159019,1.6436217
00:53:28.446,1.6759539,1.8159019,1.6449465
00:53:28.461,1.6772678,1.811322,1.6435246
00:53:28.474,1.6787412,1.811322,1.6422924
00:53:28.488,1.6835868,2.0697868,1.6392564
00:53:28.502,1.6883355,2.0697868,1.6362203
00:53:28.516,1.6929892,2.0697868,1.6331843
00:53:28.530,1.6932524,1.5618218,1.6361297
00:53:28.545,1.7056534,2.0852358,1.6407841
00:53:28.558,1.7178063,2.0852358,1.6454386
00:53:28.572,1.7313437,2.0828662,1.651802
00:53:28.587,1.7450558,2.0828662,1.6586199
00:53:28.601,1.7458323,1.5558124,1.6632743
00:53:28.614,1.7462674,1.5558124,1.6675963
00:53:28.629,1.7639896,2.3205664,1.6739597
00:53:28.642,1.7813572,2.3205664,1.6803231
00:53:28.656,1.800122,2.324052,1.6883955
00:53:28.671,1.8190767,2.324052,1.6970445
00:53:28.684,1.8191468,1.5330441,1.7029533
00:53:28.699,1.8201063,1.5330441,1.7097713
00:53:28.713,1.8356061,2.3251622,1.7152802
00:53:28.727,1.8504103,2.3251622,1.7203956
00:53:28.741,1.8577908,2.0648036,1.7235514
00:53:28.755,1.8648176,2.0648036,1.7264968
00:53:28.770,1.8521347,1.3003422,1.725075
00:53:28.785,1.8397055,1.3003422,1.7236532
00:53:28.799,1.8568265,2.5514317,1.7265986
00:53:28.813,1.8736051,2.5514317,1.729544
00:53:28.827,1.8743086,1.8063184,1.731635
00:53:28.841,1.874998,1.8063184,1.7337259
00:53:28.855,1.8851563,2.322331,1.7349623
00:53:28.870,1.895198,2.322331,1.7362871
00:53:28.883,1.8995764,2.0578625,1.7374352
00:53:28.897,1.9039539,2.0578625,1.7386717
00:53:28.911,1.9287107,2.8299892,1.745035
00:53:28.925,1.9529724,2.8299892,1.7513984
00:53:28.939,1.9523643,1.7782435,1.7543439
00:53:28.954,1.9519745,1.7782435,1.7574997
00:53:28.967,1.9612545,2.2819586,1.7602347
00:53:28.981,1.9705551,2.2819586,1.7631801
00:53:28.996,1.9722476,2.0364661,1.7635621
00:53:29.010,1.9739063,2.0364661,1.763944
00:53:29.023,1.977044,2.0283349,1.766035
00:53:29.038,1.9802654,2.0283349,1.7682753
00:53:29.052,1.9799793,1.793056,1.7718039
00:53:29.066,1.9802308,1.793056,1.7758752
00:53:29.080,1.9837108,2.0517716,1.7779661
00:53:29.094,1.9871211,2.0517716,1.7800571
00:53:29.109,1.9872452,1.793827,1.7841284
00:53:29.123,1.9871007,1.793827,1.7879283
00:53:29.138,1.9895148,2.3120606,1.78376
00:53:29.152,1.992153,2.3120606,1.7798694
00:53:29.166,1.9888015,2.057075,1.7751244
00:53:29.180,1.9855169,2.057075,1.7703794
00:53:29.194,1.9770159,1.7929665,1.7656344
00:53:29.208,1.9686848,1.7929665,1.7608894
00:53:29.222,1.9731778,2.3002298,1.7587079
00:53:29.236,1.9775809,2.3002298,1.7565264
00:53:29.250,1.973723,1.8078408,1.7560538
00:53:29.265,1.9699092,1.8078408,1.7555475
00:53:29.279,1.9662048,1.8078408,1.755075
00:53:29.293,1.9609582,2.0752952,1.747495
00:53:29.308,1.9541024,2.0752952,1.738166
00:53:29.321,1.9480542,1.8287113,1.7345533
00:53:29.336,1.933601,1.564229,1.7276384
00:53:29.351,1.9194369,1.564229,1.7207234
00:53:29.362,1.9073633,1.564229,1.7156525
00:53:29.377,1.9068357,2.0852358,1.7114841
00:53:29.392,1.8927282,1.585158,1.7036536
00:53:29.407,1.8789029,1.585158,1.6958231
00:53:29.422,1.8724653,1.8509916,1.6898236
00:53:29.437,1.8661563,1.8509916,1.6838242
00:53:29.451,1.8620644,1.8521953,1.6799337
00:53:29.466,1.8577819,1.8521953,1.6757653
00:53:29.480,1.8546685,2.1439672,1.6667478
00:53:29.494,1.8516173,2.1439672,1.6577303
00:53:29.508,1.8397387,1.6158009,1.6504219
00:53:29.522,1.8280977,1.6158009,1.6431134
00:53:29.536,1.8362722,2.4274583,1.6392229
00:53:29.551,1.8442833,2.4274583,1.6353323
00:53:29.564,1.8393373,1.6201373,1.6348598
00:53:29.578,1.8344903,1.6201373,1.6343873
00:53:29.592,1.8328705,1.9022684,1.6313512
00:53:29.610,1.8304331,1.9022684,1.6274478
00:53:29.622,1.8272536,1.9066268,1.6226484
00:53:29.636,1.8237455,1.9066268,1.6174488
00:53:29.650,1.8224589,1.9188071,1.614196
00:53:29.663,1.821623,1.9188071,1.6113768
00:53:29.678,1.8069284,1.380871,1.6053773
00:53:29.692,1.7933116,1.380871,1.6001778
00:53:29.706,1.7644559,0.8239473,1.5905162
00:53:29.720,1.7368087,0.8239473,1.5814987
00:53:29.735,1.7336162,1.9160244,1.5745838
00:53:29.750,1.7304877,1.9160244,1.5676688
00:53:29.764,1.7339734,2.1791499,1.5620693
00:53:29.779,1.7369974,2.1791499,1.5560699
00:53:29.793,1.7379744,1.9346136,1.5530338
00:53:29.807,1.7389319,1.9346136,1.5499978
00:53:29.821,1.7297292,1.3856926,1.5478163
00:53:29.835,1.7207105,1.3856926,1.5456347
00:53:29.849,1.6977788,0.5554087,1.5460167
00:53:29.863,1.6753057,0.5554087,1.5463986
00:53:29.877,1.668877,1.3770213,1.5459261
00:53:29.891,1.6625768,1.3770213,1.5454535
00:53:29.905,1.6854796,2.7471333,1.54669
00:53:29.920,1.7079244,2.7471333,1.5479264
00:53:29.934,1.701021,1.3875605,1.5474201
00:53:29.948,1.6942887,1.3875605,1.5469476
00:53:29.962,1.6898824,1.6509894,1.543335
00:53:29.977,1.6850195,1.6509894,1.5391666
00:53:29.990,1.671376,1.1097361,1.536985
00:53:30.005,1.6578526,1.1097361,1.5346477
00:53:30.019,1.6447058,1.1074017,1.5324662
00:53:30.033,1.6318218,1.1074017,1.5302846
00:53:30.047,1.6315749,1.6845022,1.5289576
00:53:30.061,1.6313329,1.6845022,1.5276306
00:53:30.075,1.6260679,1.3912371,1.527158
00:53:30.090,1.6208751,1.3912371,1.5266517
00:53:30.105,1.6148667,1.3901229,1.5252299
00:53:30.121,1.6088856,1.3901229,1.5237134
00:53:30.135,1.6133717,1.9400833,1.5215318
00:53:30.149,1.617768,1.9400833,1.5193503
00:53:30.163,1.5949442,0.8346898,1.5120418
00:53:30.177,1.5725769,0.8346898,1.5047333
00:53:30.194,1.5421267,0.28154692,1.5000092
00:53:30.206,1.5136472,0.28154692,1.4966745
00:53:30.219,1.5165114,1.9505172,1.4906815
00:53:30.235,1.5184149,1.9505172,1.4837666
00:53:30.247,1.5023097,1.0845734,1.4761866
00:53:30.261,1.4859552,1.0845734,1.4680237
00:53:30.275,1.4770776,1.35832,1.4615697
00:53:30.290,1.4683776,1.35832,1.4551157
00:53:30.303,1.462687,1.3744831,1.4512252
00:53:30.318,1.4568379,1.3744831,1.4470568
00:53:30.332,1.4408246,0.80493623,1.4440207
00:53:30.346,1.4253441,0.80493623,1.4412016
00:53:30.361,1.4160173,1.0735348,1.4388642
00:53:30.375,1.406877,1.0735348,1.4365269
00:53:30.389,1.418463,2.176814,1.4326364
00:53:30.403,1.4298172,2.176814,1.4287459
00:53:30.416,1.4223945,1.3912207,1.4219594
00:53:30.431,1.4140972,1.3912207,1.4141289
00:53:30.446,1.3837414,0.27999955,1.4062984
00:53:30.460,1.3545042,0.27999955,1.3989899
00:53:30.474,1.3640126,1.6437265,1.4027898
00:53:30.488,1.3733307,1.6437265,1.4065897
00:53:30.502,1.3635849,1.6209837,1.3915908
00:53:30.516,1.354034,1.6209837,1.3765919
00:53:30.530,1.3243842,0.27152976,1.368429
00:53:30.544,1.2953274,0.27152976,1.360266
00:53:30.558,1.2788799,0.53797275,1.3589389
00:53:30.573,1.2626684,0.53797275,1.3575171
00:53:30.587,1.2675403,1.6444033,1.354698
00:53:30.601,1.2718898,1.6444033,1.3514451
00:53:30.615,1.2692107,1.3704354,1.3467001
00:53:30.631,1.266253,1.3704354,1.3416162
00:53:30.644,1.2436733,0.27540743,1.338797
00:53:30.658,1.2211202,0.27540743,1.3355441
00:53:30.673,1.2141792,1.1231813,1.3304602
00:53:30.686,1.2083734,1.1231813,1.3263931
00:53:30.702,1.2044531,1.3963674,1.3185562
00:53:30.716,1.2019664,1.3963674,1.3121022
00:53:30.732,1.164917,0.52439475,1.2881247
00:53:30.746,1.1330144,0.52439475,1.2686429
00:53:30.760,1.1096001,-0.23719996,1.2727143
00:53:30.774,1.086388,-0.23719996,1.2765142
00:53:30.788,1.0818198,0.83926404,1.2768961
00:53:30.803,1.0773697,0.83926404,1.2773054
00:53:30.816,1.0651215,0.5642258,1.2752796
00:53:30.831,1.0529656,0.5642258,1.2730981
00:53:30.845,1.0487001,1.0888,1.2680142
00:53:30.858,1.0451841,1.0888,1.2636081
00:53:30.872,1.0301294,0.5668221,1.2580086
00:53:30.887,1.0149839,0.5668221,1.2520092
00:53:30.901,0.98886836,-0.2692922,1.2515703
00:53:30.915,0.9632091,-0.2692922,1.2510641
00:53:30.929,0.9852606,2.0889354,1.2505915
00:53:30.943,1.006871,2.0889354,1.250119
00:53:30.957,0.99319273,0.55546093,1.245374
00:53:30.972,0.97945595,0.55546093,1.24029
00:53:30.987,0.9659939,0.55546093,1.2352061
00:53:31.000,0.96201706,0.8275299,1.2339739
00:53:31.015,0.957934,0.8275299,1.232552
00:53:31.031,0.9475465,0.27361163,1.2359183
00:53:31.043,0.93920135,0.55013525,1.2355133
00:53:31.058,0.93092394,0.55013525,1.235007
00:53:31.070,0.92510796,0.55230355,1.2367994
00:53:31.085,0.9198474,0.55230355,1.2390397
00:53:31.101,0.92116976,0.821019,1.2424059
00:53:31.115,0.92205334,0.821019,1.2453513
00:53:31.128,0.91500944,0.5524768,1.245706
00:53:31.142,0.90813315,0.5524768,1.2460879
00:53:31.157,0.9004742,0.5499895,1.2455816
00:53:31.170,0.8930346,0.5499895,1.2451428
00:53:31.184,0.89092374,1.1037357,1.2386888
00:53:31.199,0.88840336,1.1037357,1.2317739
00:53:31.212,0.92139405,2.2095222,1.2384763
00:53:31.226,0.9542302,2.2095222,1.2456942
00:53:31.241,0.9438265,0.2794063,1.24885
00:53:31.254,0.9332185,0.2794063,1.251585
00:53:31.269,0.90905756,-0.544769,1.2570939
00:53:31.283,0.8857655,-0.544769,1.2629963
00:53:31.297,0.8820591,0.56642723,1.2657313
00:53:31.311,0.878633,0.56642723,1.2686768
00:53:31.324,0.8889298,1.374752,1.2690587
00:53:31.339,0.8990206,1.374752,1.2694407
00:53:31.353,0.8905911,0.54721075,1.2680188
00:53:31.367,0.88242304,0.54721075,1.2666918
00:53:31.381,0.8762484,0.5549722,1.2670738
00:53:31.396,0.87022406,0.5549722,1.267483
00:53:31.411,0.8715888,0.82868314,1.2697233
00:53:31.426,0.8729263,0.82868314,1.2719636
00:53:31.440,0.8748577,0.82517123,1.274909
00:53:31.454,0.8767505,0.82517123,1.2778544
00:53:31.469,0.87601024,0.821019,1.2782364
00:53:31.482,0.8752848,0.821019,1.2786183
00:53:31.496,0.8734435,0.55514795,1.2832727
00:53:31.510,0.871639,0.55514795,1.2879272
00:53:31.524,0.86646754,0.5524768,1.2891636
00:53:31.539,0.8613995,0.5524768,1.2904
00:53:31.552,0.85889214,0.5498312,1.2942
00:53:31.566,0.85643494,0.5498312,1.2979999
00:53:31.580,0.85624903,0.82842326,1.2983818
00:53:31.594,0.8560669,0.82842326,1.2987638
00:53:31.608,0.8528849,0.5526374,1.3017092
00:53:31.623,0.8497665,0.5526374,1.3046546
00:53:31.637,0.8558756,1.0946337,1.305891
00:53:31.653,0.86203563,1.0946337,1.3073041
00:53:31.665,0.86791766,1.0998777,1.3084522
00:53:31.679,0.8737686,1.0998777,1.3096887
00:53:31.693,0.87101704,0.5499895,1.3134886
00:53:31.707,0.86832047,0.5499895,1.3172885
00:53:31.721,0.8939823,2.2164345,1.3159615
00:53:31.736,0.919038,2.2164345,1.3145397
00:53:31.751,0.91845465,0.8249526,1.3158644
00:53:31.766,0.917883,0.8249526,1.3171892
00:53:31.786,0.9112203,0.55801034,1.317735
00:53:31.795,0.9043968,0.55801034,1.3179805
00:53:31.808,0.8921565,0.27500108,1.3183352
00:53:31.822,0.88018775,0.27500108,1.3187171
00:53:31.836,0.88589275,1.1048509,1.3199536
00:53:31.850,0.89148366,1.1048509,1.32119
00:53:31.864,0.88634473,0.82517123,1.3172995
00:53:31.878,0.8813086,0.82517123,1.313409
00:53:31.892,0.8640568,0,1.3137909
00:53:31.906,0.8471501,0,1.3141729
00:53:31.920,0.83827794,0.55230355,1.3111368
00:53:31.935,0.8295832,0.55230355,1.3081008
00:53:31.949,0.82269096,0.5499895,1.3067738
00:53:31.963,0.8159365,0.5499895,1.3054467
00:53:31.977,0.81640494,0.55013525,1.3113492
00:53:31.991,0.8164784,0.55013525,1.316858
00:53:32.005,0.81900716,0.5473668,1.3249304
00:53:32.019,0.82148534,0.5473668,1.3330028
00:53:32.033,0.8358381,1.3947943,1.3359482
00:53:32.047,0.84990376,1.3947943,1.3388937
00:53:32.061,0.83113295,-0.2748365,1.3426936
00:53:32.076,0.81300354,-0.2748365,1.3467649
00:53:32.091,0.8310783,1.6966859,1.3471742
00:53:32.105,0.8487648,1.6966859,1.3475561
00:53:32.119,0.83343834,-0.27123752,1.354774
00:53:32.133,0.81841844,-0.27123752,1.3619919
00:53:32.147,0.8204027,0.2708584,1.3751912
00:53:32.161,0.8223472,0.2708584,1.3883905
00:53:32.175,0.85347104,1.6480272,1.4032989
00:53:32.189,0.88397235,1.6480272,1.4182072
00:53:32.203,0.895139,0,1.4476418
00:53:32.220,0.9122635,0,1.483384
00:53:32.232,0.939193,1.3813686,1.5012896
00:53:32.246,0.96704626,1.3813686,1.5206873
00:53:32.260,0.9824868,0.5526374,1.5449003
00:53:32.274,0.99603665,0.5526374,1.567499
00:53:32.287,1.0110589,0.8355473,1.5861032
00:53:32.302,1.0285857,0.8355473,1.6075696
00:53:32.316,1.0525707,0.5343169,1.6421312
00:53:32.330,1.0736567,0.5343169,1.6742241
00:53:32.344,1.1144758,0.26832777,1.7323116
00:53:32.358,1.1506835,0.26832777,1.7865266
00:53:32.373,1.2059226,0,1.8663763
00:53:32.388,1.271236,0,1.9576331
00:53:32.402,1.5583422,15.021669,1.969978
00:53:32.416,1.8397064,15.021669,1.9823228
00:53:32.431,2.127894,5.2829776,2.2061207
00:53:32.445,2.3956962,5.2829776,2.4149988
00:53:32.459,2.594428,3.3115027,2.5990965
00:53:32.474,2.7891855,3.3115027,2.7831943
00:53:32.487,2.982191,3.9629822,2.9561837
00:53:32.501,3.1713367,3.9629822,3.129173
00:53:32.515,3.357606,3.5058768,3.3124163
00:53:32.529,3.5401497,3.5058768,3.4956596
00:53:32.544,3.730618,2.8704093,3.7036831
00:53:32.557,3.9172769,2.8704093,3.9117067
00:53:32.571,4.1330504,2.6705108,4.157328
00:53:32.586,4.344508,2.6705108,4.4029493
00:53:32.600,4.643294,5.1774235,4.690834
00:53:32.614,4.9172955,5.1774235,4.9595265
00:53:32.628,5.241493,7.416959,5.2393274
00:53:32.642,5.559207,7.416959,5.5191283
00:53:32.656,5.8518333,7.070794,5.786878
00:53:32.672,6.19916,7.070794,6.1164165
00:53:32.685,6.472332,6.4658813,6.3897204
00:53:32.698,6.7606435,6.4658813,6.6840477
00:53:32.713,7.0936317,7.2401223,7.0140467
00:53:32.727,7.3984003,7.2401223,7.322046
00:53:32.742,7.7543793,8.489069,7.663031
00:53:32.757,8.103239,8.489069,8.004017
00:53:32.771,8.465772,10.216775,8.330815
00:53:32.786,8.843929,10.216775,8.680956
00:53:32.800,9.1992445,11.58486,8.987585
00:53:32.813,9.570569,11.58486,9.317801
00:53:32.829,9.979504,12.456684,9.676182
00:53:32.841,10.333431,12.456684,9.986778
00:53:32.855,10.72273,13.450272,10.320413
00:53:32.869,11.104241,13.450272,10.654047
00:53:32.883,11.503457,14.633212,10.98939
00:53:32.897,11.894689,14.633212,11.324734
00:53:32.912,12.322558,15.772427,11.682199
00:53:32.927,12.718517,15.772427,12.015833
00:53:32.940,13.142541,17.529757,12.350322
00:53:32.955,13.558084,17.529757,12.684811
00:53:32.969,13.96726,17.752577,13.016736
00:53:32.983,14.368254,17.752577,13.348661
00:53:32.997,14.794323,18.87371,13.691478
00:53:33.011,15.189474,18.87371,1.40E+01
00:53:33.025,15.560929,18.544622,1.43E+01
00:53:33.039,15.924955,18.544622,1.46E+01
00:53:33.054,16.334404,20.227367,14.962565
00:53:33.069,16.735662,20.227367,15.292564
00:53:33.084,17.146235,21.094221,15.622563
00:53:33.098,17.527033,21.094221,15.930563
00:53:33.112,17.933167,22.90928,16.235144
00:53:33.126,18.331179,22.90928,1.65E+01
00:53:33.140,18.720955,22.937395,16.84345
00:53:33.155,19.124197,22.937395,17.168873
00:53:33.168,19.506105,24.672222,17.44535
00:53:33.182,19.901218,24.672222,17.743095
00:53:33.196,20.306496,25.78492,18.036568
00:53:33.210,20.703667,25.78492,18.33004
00:53:33.224,21.084969,25.89108,18.613258
00:53:33.239,21.458645,25.89108,18.896477
00:53:33.253,21.823883,26.010313,19.176277
00:53:33.266,22.181816,26.010313,19.456078
00:53:33.281,22.578325,27.138235,19.759527
00:53:33.295,22.947079,27.138235,20.042746
00:53:33.309,23.302383,27.786995,20.306528
00:53:33.324,23.710238,27.786995,20.631184
00:53:33.337,24.074791,28.818192,20.898933
00:53:33.352,24.472422,28.818192,21.207876
00:53:33.367,24.863857,29.53407,21.504002
00:53:33.382,25.247465,29.53407,2.18E+01
00:53:33.395,25.609375,30.923012,22.053595
00:53:33.410,26.002262,30.923012,22.346058
00:53:33.425,26.379766,30.905642,22.631197
00:53:33.438,26.712461,30.905642,22.878317
00:53:33.452,27.082708,32.519512,23.13761
00:53:33.467,27.463701,32.519512,23.415424
00:53:33.480,27.80313,32.753925,23.653816
00:53:33.494,28.153738,32.753925,23.910545
00:53:33.508,28.512547,34.268143,24.151894
00:53:33.522,28.86418,34.268143,24.393242
00:53:33.536,29.223846,35.733246,24.620064
00:53:33.550,29.57632,35.733246,24.846886
00:53:33.565,29.905203,35.323475,25.065191
00:53:33.578,30.198982,35.323475,25.254389
00:53:33.593,30.496164,35.493046,25.449594
00:53:33.607,30.787403,35.493046,25.6448
00:53:33.621,31.076822,35.234287,25.849373
00:53:33.635,31.333721,35.234287,26.026669
00:53:33.649,31.634544,36.081593,26.236734
00:53:33.663,31.915625,36.081593,26.432795
00:53:33.679,32.222626,36.621178,26.650028
00:53:33.693,32.496872,36.621178,26.840107
00:53:33.708,32.778923,36.934395,27.037355
00:53:33.723,33.055332,36.934395,27.234604
00:53:33.737,33.311115,36.02819,27.434937
00:53:33.751,33.561783,36.02819,27.63527
00:53:33.765,33.82525,38.59354,27.801422
00:53:33.779,34.083443,38.59354,27.967575
00:53:33.793,34.317474,38.271587,28.12091
00:53:33.807,34.546825,38.271587,28.274246
00:53:33.821,34.806713,40.530296,28.417328
00:53:33.835,35.061405,40.530296,28.56041
00:53:33.849,35.27825,39.102055,28.699219
00:53:33.863,35.49076,39.102055,28.838028
00:53:33.878,35.727192,40.971165,28.967438
00:53:33.891,35.958893,40.971165,29.096848
00:53:33.905,36.177544,41.722736,29.202332
00:53:33.920,36.391823,41.722736,29.307816
00:53:33.934,36.574585,41.575516,29.38852
00:53:33.948,36.759342,41.575516,29.474989
00:53:33.962,36.916183,41.316753,29.54202
00:53:33.976,37.06989,41.316753,29.609053
00:53:33.990,37.20112,40.73673,29.668123
00:53:34.004,37.338627,40.73673,29.736282
00:53:34.018,37.4672,40.692207,29.799042
00:53:34.033,37.5976,40.692207,29.866285
00:53:34.047,37.72085,40.14074,29.940153
00:53:34.062,37.84681,40.14074,30.019299
00:53:34.076,37.982883,40.48672,30.104275
00:53:34.091,38.116238,40.48672,30.18925
00:53:34.104,38.255386,40.616776,30.280209
00:53:34.119,38.391754,40.616776,30.371166
00:53:34.132,38.520527,39.03354,30.489468
00:53:34.146,38.64672,39.03354,30.607769
00:53:34.160,38.817997,40.074055,30.753414
00:53:34.174,38.985847,40.074055,30.89906
00:53:34.189,39.188854,41.16216,31.061794
00:53:34.202,39.387802,41.16216,31.22453
00:53:34.216,39.62824,42.765717,31.400936
00:53:34.230,39.863865,42.765717,31.577343
00:53:34.244,40.152565,43.1427,31.80502
00:53:34.259,40.43549,43.1427,32.032696
00:53:34.273,40.723648,43.268642,32.268917
00:53:34.287,41.02258,43.268642,32.52201
00:53:34.301,41.330112,45.954945,32.73516
00:53:34.317,41.661335,45.954945,32.97876
00:53:34.330,41.929096,44.72888,33.18938
00:53:34.344,42.20738,44.72888,33.416203
00:53:34.359,42.50675,45.133244,33.661972
00:53:34.374,42.800133,45.133244,33.90774
00:53:34.390,43.09046,46.720173,34.123997
00:53:34.403,43.33525,46.720173,34.299706
00:53:34.417,43.59834,47.55282,34.482094
00:53:34.431,43.856167,47.55282,34.664482
00:53:34.445,44.102295,48.18855,34.827217
00:53:34.459,44.343502,48.18855,34.989952
00:53:34.473,44.59299,49.22066,35.144997
00:53:34.487,44.83749,49.22066,35.30004
00:53:34.501,45.05901,49.405,35.43287
00:53:34.515,45.2761,49.405,35.565697
00:53:34.529,45.479713,49.283062,35.69169
00:53:34.543,45.679253,49.283062,35.81768
00:53:34.557,45.87879,49.56624,35.941963
00:53:34.572,46.07434,49.56624,36.066246
00:53:34.585,46.252922,48.704266,36.1948
00:53:34.600,46.43693,48.704266,36.33254
00:53:34.614,46.61276,48.91253,36.461433
00:53:34.628,46.794785,48.91253,36.600243
00:53:34.642,47.00058,49.21377,36.760868
00:53:34.656,47.191765,49.21377,36.910786
00:53:34.670,47.420887,50.841362,37.070103
00:53:34.684,47.645428,50.841362,37.22942
00:53:34.698,47.86539,51.171833,37.3819
00:53:34.713,48.091625,51.171833,37.545273
00:53:34.732,48.354145,51.816254,37.737137
00:53:34.744,48.54214,51.816254,37.858315
00:53:34.757,48.728615,51.822144,37.981655
00:53:34.771,48.92066,51.822144,38.114483
00:53:34.785,49.11481,52.036026,38.24902
00:53:34.803,49.34275,52.036026,38.421997
00:53:34.815,49.50834,52.509865,38.52633
00:53:34.827,49.670616,52.509865,38.63066
00:53:34.841,49.855698,53.46277,38.742126
00:53:34.856,50.04488,53.46277,38.861553
00:53:34.869,50.20671,53.220272,38.961884
00:53:34.883,50.372868,53.220272,39.06993
00:53:34.898,50.535774,53.26582,39.177124
00:53:34.912,50.695423,53.26582,39.284317
00:53:34.925,50.854317,53.220272,39.394928
00:53:34.940,51.017776,53.220272,39.51344
00:53:34.954,51.18802,53.900486,39.628323
00:53:34.969,51.362892,53.900486,39.75141
00:53:34.983,51.517567,53.341763,39.86886
00:53:34.998,51.67737,53.341763,39.994694
00:53:35.011,51.838814,53.900486,40.114067
00:53:35.025,52.006035,53.900486,40.242622
00:53:35.040,52.195175,54.534374,40.38402
00:53:35.054,52.371292,54.534374,40.515995
00:53:35.069,52.57244,55.410378,40.659225
00:53:35.082,52.75085,55.410378,40.78336
00:53:35.096,52.931118,55.548634,40.910206
00:53:35.110,53.10778,55.548634,41.037052
00:53:35.125,53.289364,56.11086,41.161057
00:53:35.138,53.451115,56.11086,41.268528
00:53:35.152,53.611362,56.336555,41.373158
00:53:35.166,53.768406,56.336555,41.477787
00:53:35.180,53.923286,56.17619,41.58669
00:53:35.194,54.07507,56.17619,41.69559
00:53:35.208,54.227695,56.286476,41.806202
00:53:35.222,54.37727,56.286476,41.916813
00:53:35.237,54.521378,56.246384,42.025715
00:53:35.251,54.6626,56.246384,42.134617
00:53:35.265,54.800896,56.157303,42.245228
00:53:35.279,54.944164,56.157303,42.36374
00:53:35.295,55.105736,56.11086,42.5048
00:53:35.308,55.23816,56.11086,42.61941
00:53:35.323,55.40983,57.162243,42.755318
00:53:35.338,55.578064,57.162243,4.29E+01
00:53:35.352,55.74179,57.758175,4.30E+01
00:53:35.367,55.91082,57.758175,4.31E+01
00:53:35.381,56.063465,57.913754,4.33E+01
00:53:35.396,56.21306,57.913754,43.374893
00:53:35.409,56.365437,58.244545,43.488922
00:53:35.423,56.514767,58.244545,43.60295
00:53:35.437,56.662964,58.672264,43.710144
00:53:35.451,56.808197,58.672264,43.817337
00:53:35.465,56.9387,58.62534,43.91342
00:53:35.479,57.066597,58.62534,44.009506
00:53:35.493,57.198097,59.519684,44.093628
00:53:35.507,57.326965,59.519684,44.17775
00:53:35.521,57.451324,60.176624,44.24649
00:53:35.536,57.57801,60.176624,44.32014
00:53:35.550,57.682873,60.354206,44.370483
00:53:35.563,57.789433,60.354206,44.424698
00:53:35.578,57.886852,60.621693,44.466305
00:53:35.592,57.976887,60.621693,44.502365
00:53:35.606,58.043674,60.208904,44.524963
00:53:35.620,58.110706,60.208904,44.549175
00:53:35.634,58.1686,60.442257,44.560665
00:53:35.650,58.226936,60.442257,44.573795
00:53:35.664,58.2703,60.208904,44.577595
00:53:35.679,58.313065,60.208904,44.581665
00:53:35.693,58.34322,59.969627,44.57863
00:53:35.708,58.37256,59.969627,44.575375
00:53:35.722,58.40303,60.296192,44.56721
00:53:35.736,58.43289,60.296192,44.559048
00:53:35.750,58.44696,59.996784,44.541485
00:53:35.764,58.460747,59.996784,44.523922
00:53:35.778,58.458855,59.436188,4.45E+01
00:53:35.792,58.457,59.436188,4.45E+01
00:53:35.806,58.448196,59.37978,4.45E+01
00:53:35.820,58.439568,59.37978,44.424618
00:53:35.835,58.434948,59.6689,44.394814
00:53:35.848,58.434315,59.6689,44.368984
00:53:35.863,58.421364,59.107903,44.342022
00:53:35.877,58.40867,59.107903,44.31506
00:53:35.892,58.39452,59.027054,44.288002
00:53:35.905,58.38242,59.027054,44.26275
00:53:35.919,58.375183,59.05296,44.24168
00:53:35.934,58.363323,59.05296,44.215748
00:53:35.947,58.353035,59.2312,44.18754
00:53:35.962,58.3387,59.2312,44.154987
00:53:35.977,58.309147,58.545666,44.120605
00:53:35.990,58.28468,58.545666,44.09081
00:53:36.006,58.262157,58.95571,44.054134
00:53:36.019,58.246826,58.95571,44.024338
00:53:36.033,58.222404,58.84934,43.98712
00:53:36.047,58.19847,58.84934,43.949905
00:53:36.062,58.17274,58.95571,43.9082
00:53:36.075,58.152977,58.95571,43.872055
00:53:36.089,58.123734,58.84934,43.828003
00:53:36.103,58.095074,58.84934,43.78395
00:53:36.117,58.062344,59.20333,43.727936
00:53:36.131,58.03027,59.20333,43.67192
00:53:36.145,57.994293,59.85559,43.59796
00:53:36.159,57.959038,59.85559,43.524002
00:53:36.174,57.895035,59.76346,43.42187
00:53:36.187,57.84566,59.76346,43.33336
00:53:36.201,57.766685,60.11679,43.20642
00:53:36.216,57.68929,60.11679,43.079483
00:53:36.230,57.578915,60.442257,42.910675
00:53:36.244,57.47075,60.442257,42.741867
00:53:36.258,57.3075,60.503506,42.513393
00:53:36.272,57.16244,60.503506,42.30015
00:53:36.285,57.035213,60.503506,42.102142
00:53:36.305,56.731873,59.969627,41.732727
00:53:36.313,56.588913,59.93485,41.521484
00:53:36.328,56.310802,59.93485,41.169415
00:53:36.343,55.968987,58.98371,40.766075
00:53:36.358,55.634007,58.98371,40.362736
00:53:36.372,55.25445,57.90746,39.929035
00:53:36.386,54.88249,57.90746,39.495335
00:53:36.401,54.405563,56.676693,38.97206
00:53:36.414,54.006554,56.676693,38.51856
00:53:36.428,53.51688,55.505547,37.9883
00:53:36.442,53.037003,55.505547,37.458042
00:53:36.456,52.490135,54.146538,36.87737
00:53:36.470,51.954205,54.146538,36.296696
00:53:36.484,51.360794,53.290863,35.6639
00:53:36.498,50.77925,53.290863,35.0311
00:53:36.513,50.07714,51.3181,34.303665
00:53:36.527,49.484123,51.3181,33.67322
00:53:36.540,48.762283,48.71184,32.95241
00:53:36.555,48.054882,48.71184,32.2316
00:53:36.569,47.278877,46.123543,31.479176
00:53:36.583,46.518394,46.123543,30.72675
00:53:36.597,45.625042,42.788757,29.891283
00:53:36.611,44.858727,42.788757,29.167212
00:53:36.625,43.912155,39.36526,28.313435
00:53:36.639,43.040295,39.36526,27.516575
00:53:36.653,42.132664,37.12354,26.71117
00:53:36.668,41.186806,37.12354,25.848238
00:53:36.683,40.259865,37.12354,24.985306
00:53:36.698,39.30554,35.096462,24.11688
00:53:36.712,38.391685,30.219831,23.369799
00:53:36.725,37.43979,30.219831,22.565248
00:53:36.740,36.452988,29.48628,21.720627
00:53:36.753,35.596287,29.48628,20.98862
00:53:36.767,34.634487,25.505753,20.213123
00:53:36.782,33.637638,25.505753,19.382235
00:53:36.796,32.75148,22.78746,18.699423
00:53:36.809,31.831572,22.78746,17.964087
00:53:36.823,30.916164,20.166739,17.268057
00:53:36.837,30.019066,20.166739,16.572027
00:53:36.851,29.143826,18.394606,15.91616
00:53:36.865,28.286089,18.394606,1.53E+01
00:53:36.880,27.464857,17.226719,14.648004
00:53:36.894,26.660051,17.226719,14.035715
00:53:36.908,25.884281,15.863905,13.464442
00:53:36.922,25.084038,15.863905,12.852364
00:53:36.936,24.335157,12.994543,12.334924
00:53:36.950,23.601254,12.994543,11.817484
00:53:36.964,22.912603,10.294444,11.386348
00:53:36.979,22.207548,10.294444,10.924416
00:53:36.994,21.618961,11.182336,10.548821
00:53:37.008,21.015856,11.182336,10.146399
00:53:37.022,20.481834,10.16488,9.822928
00:53:37.036,19.958492,10.16488,9.499458
00:53:37.050,19.478014,9.3143835,9.23E+00
00:53:37.064,19.007147,9.3143835,8.953348
00:53:37.078,18.588554,10.243075,8.705073
00:53:37.092,18.178333,10.243075,8.456799
00:53:37.106,17.77579,9.128047,8.230741
00:53:37.120,17.381296,9.128047,8.004683
00:53:37.134,17.010345,8.863901,7.7999864
00:53:37.148,16.646814,8.863901,7.59529
00:53:37.162,16.27805,6.9826255,7.416229
00:53:37.176,15.91666,6.9826255,7.2371674
00:53:37.191,15.585749,7.246554,7.0764437
00:53:37.205,15.271956,7.246554,6.926435
00:53:37.219,15.009015,8.36706,6.799043
00:53:37.233,14.74173,8.36706,6.661852
00:53:37.247,14.472829,8.40953,6.516692
00:53:37.262,14.209306,8.40953,6.3715324
00:53:37.276,13.953949,7.9544506,6.2386136
00:53:37.291,13.694394,7.9544506,6.0962005
00:53:37.305,13.430317,6.8360515,5.9666996
00:53:37.323,13.135261,6.8360515,5.8001986
00:53:37.335,12.903902,6.9346,5.690663
00:53:37.349,12.659281,6.9346,5.562871
00:53:37.363,12.422326,7.1151757,5.4342246
00:53:37.378,12.181105,7.1151757,5.296389
00:53:37.391,11.934057,5.798781,5.1745515
00:53:37.405,11.682767,5.798781,5.0433416
00:53:37.419,11.444417,7.241244,4.8907695
00:53:37.433,11.210834,7.241244,4.7381973
00:53:37.447,10.947816,5.8290515,4.5796437
00:53:37.461,10.690059,5.8290515,4.42109
00:53:37.475,10.4189625,5.867321,4.242883
00:53:37.490,10.140813,5.867321,4.051947
00:53:37.503,9.855044,4.777259,3.8698068
00:53:37.518,9.547529,4.777259,3.6596448
00:53:37.532,9.250008,5.664567,3.4352953
00:53:37.546,8.97414,5.664567,3.226971
00:53:37.560,8.619563,5.49098,2.9362426
00:53:37.574,8.291072,5.49098,2.664896
00:53:37.588,7.9130716,4.319982,2.3602242
00:53:37.602,7.5426316,4.319982,2.0555525
00:53:37.617,7.129146,-7.1852136,1.9341966
00:53:37.631,6.731859,-7.1852136,1.8209311
00:53:37.647,6.326661,-7.1852136,1.6914848
00:53:37.660,6.131898,-5.411742,1.7323058
00:53:37.675,5.947184,-5.411742,1.7794069
00:53:37.688,5.91503,4.594267,1.7742074
00:53:37.702,5.883127,4.594267,1.7686079
00:53:37.717,5.793113,2.4838855,1.7461289
00:53:37.730,5.6667123,0,1.7353752
00:53:37.744,5.542029,0,1.7237942
00:53:37.760,5.4376445,1.4019912,1.7017698
00:53:37.774,5.3380456,1.4019912,1.6824985
00:53:37.787,5.2338934,0.26856643,1.6796793
00:53:37.802,5.1313987,0.26856643,1.6764264
00:53:37.815,5.052809,1.4011861,1.6723593
00:53:37.830,4.974794,1.4011861,1.6672754
00:53:37.843,4.889132,0.5473668,1.6702209
00:53:37.857,4.804977,0.5473668,1.6729559
00:53:37.872,4.714516,0.54764175,1.667533
00:53:37.887,4.6261964,0.54764175,1.6624491
00:53:37.900,4.547399,0.824459,1.65963
00:53:37.914,4.469965,0.824459,1.6565939
00:53:37.928,4.3982663,0.824459,1.6578304
00:53:37.942,4.328002,0.824459,1.6590668
00:53:37.956,4.259153,0.8249526,1.6603032
00:53:37.971,4.191767,0.8249526,1.661628
00:53:37.987,4.126777,0.82517123,1.6640177
00:53:38.001,4.062648,0.82517123,1.6659592
00:53:38.014,3.9993412,0.8367345,1.6671957
00:53:38.028,3.9373012,0.8367345,1.6684321
00:53:38.042,3.8753402,0.82053244,1.6688141
00:53:38.056,3.8146183,0.82053244,1.669196
00:53:38.070,3.7522092,0.5498312,1.6721414
00:53:38.084,3.6910481,0.5498312,1.6750869
00:53:38.098,3.6231265,0.27624482,1.6754688
00:53:38.112,3.5565631,0.27624482,1.6758507
00:53:38.126,3.5146272,1.6503994,1.6719602
00:53:38.140,3.4735298,1.6503994,1.6680697
00:53:38.154,3.421092,0.8329338,1.6684517
00:53:38.169,3.369703,0.8329338,1.6688336
00:53:38.182,3.3127868,0.54704237,1.6683611
00:53:38.197,3.2570088,0.54704237,1.6678885
00:53:38.211,3.2087536,0.8241841,1.6682978
00:53:38.225,3.1614366,0.8241841,1.6686797
00:53:38.239,3.116756,0.8249526,1.6707706
00:53:38.253,3.072969,0.8249526,1.6728616
00:53:38.267,3.0203683,0.5498312,1.67068
00:53:38.282,2.9688196,0.5498312,1.6684985
00:53:38.295,2.9334567,1.6425253,1.659481
00:53:38.310,2.89817,1.6425253,1.6498195
00:53:38.325,2.847,0.27474487,1.6511443
00:53:38.339,2.7967665,0.27474487,1.6523807
00:53:38.353,2.7568624,0.8247152,1.6519082
00:53:38.367,2.7177563,0.8247152,1.6514356
00:53:38.381,2.6664543,0.5526374,1.6432726
00:53:38.395,2.6161785,0.5526374,1.6351097
00:53:38.410,2.584454,1.9323893,1.6166928
00:53:38.423,2.553364,1.9323893,1.5982759
00:53:38.437,2.4996984,0.27006888,1.5901129
00:53:38.451,2.4471061,0.27006888,1.58195
00:53:38.465,2.4027798,0.54704237,1.575496
00:53:38.479,2.3593402,0.54704237,1.569042
00:53:38.494,2.3203382,0.55801034,1.566006
00:53:38.508,2.2821164,0.55801034,1.5629699
00:53:38.522,2.2513368,1.8894542,1.5395755
00:53:38.536,2.222701,1.8894542,1.5177406
00:53:38.550,2.1598642,0.54088336,1.4879439
00:53:38.564,2.0937917,0.54088336,1.4535631
00:53:38.578,2.0221498,0.54461515,1.4120749
00:53:38.594,1.9461324,0.54461515,1.3646599
00:53:38.606,1.8898379,1.8787891,1.3085909
00:53:38.621,1.8209323,1.8787891,1.2385045
00:53:38.636,1.710714,1.314377,1.1363747
00:53:38.651,1.6027001,1.314377,1.0342449
00:53:38.665,1.4747072,3.0977929,0.8731279
00:53:38.679,1.3492742,3.0977929,0.71201086
00:53:38.693,1.1705245,3.3211784,0.4893704
00:53:38.707,0.9953499,3.3211784,0.26672995
00:53:38.721,0.70952326,0,-0.0046165884
00:53:38.735,0.4294132,0,-0.27596313
00:53:38.749,0.1250017,1.7706889,-0.61396
00:53:38.763,-0.17332159,1.7706889,-0.951957
00:53:38.777,-0.5654523,0.5084345,-1.3660038
00:53:38.791,-0.94974035,0.5084345,-1.7800505
00:53:38.806,-1.412715,0,-2.271856
00:53:38.820,-1.8664302,0,-2.7636616
00:53:38.834,-2.383385,-0.51730955,-3.3186996
00:53:38.848,-2.9288533,-0.51730955,-3.913383
00:53:38.862,-3.501933,-4.6179314,-4.4636874
00:53:38.876,-4.1050363,-4.6179314,-5.056323
00:53:38.890,-4.7705145,-5.4926424,-5.707064
00:53:38.904,-5.4682355,-5.4926424,-6.404287
00:53:38.918,-6.192931,-7.5138288,-7.102025
00:53:38.934,-7.000816,-7.5138288,-7.89944
00:53:38.948,-7.8081017,-11.58486,-8.629648
00:53:38.963,-8.650356,-11.58486,-9.412015
00:53:38.977,-9.480906,-14.230107,-10.145641
00:53:38.992,-10.346198,-14.230107,-10.93167
00:53:39.006,-11.202566,-17.384407,-11.661879
00:53:39.019,-11.990693,-17.384407,-12.33993
00:53:39.033,-12.847294,-20.924677,-13.031686
00:53:39.047,-13.686763,-20.924677,-13.723442
00:53:39.061,-14.507183,-21.565409,-14.399817
00:53:39.075,-15.311195,-21.565409,-15.076193
00:53:39.089,-16.127546,-23.279446,-15.746587
00:53:39.103,-16.92757,-23.279446,-16.41698
00:53:39.117,-17.742981,-25.64437,-17.07114
00:53:39.131,-18.542084,-25.64437,-17.7253
00:53:39.145,-19.366816,-28.64601,-18.36066
00:53:39.160,-20.175053,-28.64601,-18.996021
00:53:39.174,-20.973997,-30.538801,-19.599766
00:53:39.188,-21.756962,-30.538801,-20.20351
00:53:39.202,-22.56105,-31.206907,-20.831152
00:53:39.216,-23.308052,-31.206907,-21.416952
00:53:39.230,-24.071188,-33.17935,-21.994207
00:53:39.245,-24.859467,-33.17935,-22.612694
00:53:39.259,-25.631374,-36.090527,-23.17115
00:53:39.273,-26.387844,-36.090527,-23.729607
00:53:39.288,-27.156862,-35.699284,-24.32429
00:53:39.303,-27.9105,-35.699284,-24.918972
00:53:39.320,-28.726545,-38.396305,-25.537676
00:53:39.333,-29.45048,-38.396305,-26.079042
00:53:39.345,-30.108727,-40.271545,-26.529886
00:53:39.359,-30.827448,-40.271545,-27.055872
00:53:39.373,-31.536459,-41.677082,-27.557932
00:53:39.387,-32.23129,-41.677082,-28.059992
00:53:39.401,-32.92799,-43.972866,-28.53129
00:53:39.415,-33.61076,-43.972866,-29.002588
00:53:39.429,-34.284195,-46.07298,-29.435434
00:53:39.443,-34.94416,-46.07298,-29.86828
00:53:39.458,-35.61856,-48.362267,-30.282604
00:53:39.472,-36.225334,-48.362267,-30.641685
00:53:39.485,-36.814083,-49.22655,-30.97712
00:53:39.500,-37.41454,-49.22655,-31.336512
00:53:39.514,-37.93044,-48.32262,-31.64033
00:53:39.528,-38.414753,-48.32262,-31.922445
00:53:39.542,-38.90519,-47.34505,-32.24064
00:53:39.556,-39.36503,-47.34505,-32.53762
00:53:39.570,-39.839886,-49.016438,-32.825203
00:53:39.584,-40.30525,-49.016438,-3.31E+01
00:53:39.598,-40.754646,-48.976826,-3.34E+01
00:53:39.613,-41.21477,-48.976826,-33.696102
00:53:39.628,-41.689415,-50.65646,-33.987747
00:53:39.642,-42.135513,-50.65646,-34.25995
00:53:39.656,-42.576317,-51.59148,-34.51677
00:53:39.670,-43.008305,-51.59148,-34.77359
00:53:39.684,-43.441395,-52.622902,-35.019302
00:53:39.699,-43.86582,-52.622902,-35.265015
00:53:39.712,-44.270645,-53.155777,-35.48851
00:53:39.726,-44.667374,-53.155777,-35.712006
00:53:39.740,-45.048553,-52.98451,-35.93123
00:53:39.754,-45.42211,-52.98451,-36.15045
00:53:39.768,-45.791035,-53.000755,-3.64E+01
00:53:39.782,-46.15258,-53.000755,-36.594025
00:53:39.797,-46.518307,-53.361893,-36.820084
00:53:39.811,-46.876717,-53.361893,-3.70E+01
00:53:39.825,-47.23768,-53.345463,-37.282455
00:53:39.839,-47.607964,-53.345463,-37.53565
00:53:39.853,-47.97184,-54.738434,-37.76143
00:53:39.867,-48.36248,-54.738434,-38.021946
00:53:39.881,-48.73366,-54.83972,-3.83E+01
00:53:39.895,-49.09742,-54.83972,-38.51508
00:53:39.909,-49.47203,-55.28572,-38.771046
00:53:39.923,-49.83915,-55.28572,-3.90E+01
00:53:39.937,-50.2254,-56.734947,-3.93E+01
00:53:39.952,-50.621662,-56.734947,-3.96E+01
00:53:39.966,-50.993824,-57.18972,-3.98E+01
00:53:39.980,-51.358543,-57.18972,-40.043343
00:53:39.994,-51.734592,-58.916637,-40.27282
00:53:40.008,-52.103123,-58.916637,-40.502296
00:53:40.022,-52.46897,-60.030365,-4.07E+01
00:53:40.036,-52.827503,-60.030365,-4.09E+01
00:53:40.050,-53.160263,-59.896027,-4.11E+01
00:53:40.064,-53.486366,-59.896027,-4.13E+01
00:53:40.078,-53.799736,-60.757698,-4.15E+01
00:53:40.092,-54.10684,-60.757698,-4.17E+01
00:53:40.106,-54.37482,-59.61117,-41.819817
00:53:40.120,-54.637444,-59.61117,-41.980934
00:53:40.134,-54.9099,-60.407463,-42.141197
00:53:40.149,-55.17691,-60.407463,-42.30146
00:53:40.162,-55.447197,-61.08953,-4.25E+01
00:53:40.177,-55.71208,-61.08953,-4.26E+01
00:53:40.191,-55.97944,-61.428795,-4.28E+01
00:53:40.205,-56.231247,-61.428795,-4.29E+01
00:53:40.219,-56.475254,-61.206688,-4.31E+01
00:53:40.233,-56.71438,-61.206688,-4.32E+01
00:53:40.248,-56.966465,-61.667526,-4.34E+01
00:53:40.262,-57.20331,-61.667526,-4.35E+01
00:53:40.277,-57.464,-62.76611,-4.37E+01
00:53:40.291,-57.709515,-62.76611,-43.805195
00:53:40.305,-57.95096,-63.77106,-43.92786
00:53:40.319,-58.187572,-63.77106,-44.050526
00:53:40.333,-58.407314,-63.792023,-44.160374
00:53:40.354,-58.676487,-63.792023,-44.325146
00:53:40.368,-58.88645,-63.792023,-44.434994
00:53:40.376,-59.035625,-63.88416,-4.45E+01
00:53:40.392,-59.245102,-63.88416,-4.46E+01
00:53:40.406,-59.432613,-64.32666,-4.47E+01
00:53:40.420,-59.62251,-64.32666,-4.48E+01
00:53:40.434,-59.781216,-63.34769,-4.49E+01
00:53:40.447,-59.930733,-63.34769,-4.49E+01
00:53:40.462,-60.09635,-63.792023,-45.03744
00:53:40.476,-60.264973,-63.792023,-45.13408
00:53:40.490,-60.429657,-64.550766,-45.214657
00:53:40.504,-60.597122,-64.550766,-45.301434
00:53:40.518,-60.77208,-64.92372,-45.391663
00:53:40.533,-60.94354,-64.92372,-45.48189
00:53:40.546,-61.09362,-65.31571,-45.545807
00:53:40.561,-61.250336,-65.31571,-45.619556
00:53:40.576,-61.40536,-66.68875,-4.57E+01
00:53:40.589,-61.551117,-66.68875,-4.57E+01
00:53:40.604,-61.686222,-67.56374,-4.57E+01
00:53:40.618,-61.817635,-67.56374,-4.57E+01
00:53:40.632,-61.90802,-67.86298,-45.70582
00:53:40.646,-61.996597,-67.86298,-45.674675
00:53:40.660,-62.048798,-68.728424,-45.590553
00:53:40.674,-62.099953,-68.728424,-45.50643
00:53:40.688,-62.10571,-68.98017,-45.371895
00:53:40.702,-62.11135,-68.98017,-45.23736
00:53:40.716,-62.03076,-66.51655,-45.065224
00:53:40.730,-61.951786,-66.51655,-44.89309
00:53:40.745,-61.82066,-66.09234,-44.674786
00:53:40.758,-61.72068,-66.09234,-44.485588
00:53:40.772,-61.56381,-64.74,-44.263893
00:53:40.788,-61.394554,-64.74,-44.026363
00:53:40.800,-61.21732,-63.43634,-43.80384
00:53:40.814,-61.026855,-63.43634,-43.5642
00:53:40.829,-60.80734,-63.21529,-43.295544
00:53:40.843,-60.609764,-63.21529,-43.044796
00:53:40.857,-60.407467,-62.603764,-42.797676
00:53:40.871,-60.17196,-62.603764,-42.51254
00:53:40.885,-59.93399,-62.109493,-42.230175
00:53:40.901,-59.66125,-62.109493,-41.907475
00:53:40.914,-59.42291,-61.40807,-41.628616
00:53:40.929,-59.14729,-61.40807,-41.306858
00:53:40.943,-58.86354,-60.7216,-40.985188
00:53:40.957,-58.585464,-60.7216,-40.663517
00:53:40.971,-58.27422,-60.250473,-40.31194
00:53:40.985,-57.9692,-60.250473,-39.96036
00:53:41.000,-57.62559,-59.356,-39.58144
00:53:41.013,-57.288857,-59.356,-39.20252
00:53:41.028,-56.914417,-58.767063,-38.79027
00:53:41.041,-56.547466,-58.767063,-38.378025
00:53:41.055,-56.13716,-57.53018,-37.93929
00:53:41.070,-55.73506,-57.53018,-37.500553
00:53:41.083,-55.28266,-55.86923,-37.036182
00:53:41.097,-54.83931,-55.86923,-36.57181
00:53:41.112,-54.357513,-54.84356,-36.080097
00:53:41.126,-53.885353,-54.84356,-35.588383
00:53:41.140,-53.37168,-53.46827,-35.072742
00:53:41.154,-52.868282,-53.46827,-34.557102
00:53:41.168,-52.306683,-52.57707,-33.989983
00:53:41.182,-51.830414,-52.57707,-33.498478
00:53:41.196,-51.21668,-50.18862,-32.905724
00:53:41.211,-50.61522,-50.18862,-32.31297
00:53:41.227,-49.937084,-48.503067,-31.664095
00:53:41.240,-49.39174,-48.503067,-31.136885
00:53:41.255,-48.733597,-46.83057,-30.517578
00:53:41.271,-48.048157,-46.83057,-29.856985
00:53:41.284,-47.449852,-45.288063,-29.302797
00:53:41.299,-46.77996,-45.288063,-28.66335
00:53:41.312,-46.146255,-42.63858,-28.101227
00:53:41.326,-45.48285,-42.63858,-27.495865
00:53:41.340,-44.790184,-41.307934,-26.874268
00:53:41.354,-44.111374,-41.307934,-26.25267
00:53:41.368,-43.38349,-38.510532,-25.624237
00:53:41.382,-42.67017,-38.510532,-24.995804
00:53:41.397,-41.895897,-37.397766,-24.313326
00:53:41.410,-41.226284,-37.397766,-23.721846
00:53:41.424,-40.49241,-36.372322,-23.07205
00:53:41.439,-39.727722,-36.372322,-22.37584
00:53:41.452,-39.013546,-33.779076,-21.76849
00:53:41.467,-38.267868,-33.779076,-21.114422
00:53:41.481,-37.44279,-31.531965,-20.409971
00:53:41.495,-36.72626,-31.531965,-19.799448
00:53:41.509,-35.881226,-29.620665,-19.08218
00:53:41.523,-35.099953,-29.620665,-18.412731
00:53:41.537,-34.282455,-27.153603,-17.740719
00:53:41.551,-33.481308,-27.153603,-17.068707
00:53:41.564,-32.703697,-25.021826,-16.447868
00:53:41.579,-31.848036,-25.021826,-15.731517
00:53:41.594,-30.974972,-23.206371,-15.016996
00:53:41.608,-30.166052,-23.206371,-14.35011
00:53:41.622,-29.331356,-20.31311,-13.699459
00:53:41.636,-28.513353,-20.31311,-13.048808
00:53:41.650,-27.681208,-17.531824,-12.423792
00:53:41.664,-26.865705,-17.531824,-1.18E+01
00:53:41.680,-26.023212,-16.34317,-11.153835
00:53:41.692,-25.281841,-16.34317,-10.594887
00:53:41.706,-24.489971,-13.676307,-10.023704
00:53:41.721,-23.673954,-13.676307,-9.411722
00:53:41.734,-22.969055,-12.823744,-8.91387
00:53:41.748,-22.240725,-12.823744,-8.377721
00:53:41.763,-21.520735,-11.088878,-7.870625
00:53:41.776,-20.815144,-11.088878,-7.363529
00:53:41.790,-20.139046,-10.057429,-6.8931766
00:53:41.805,-19.443542,-10.057429,-6.3892274
00:53:41.819,-18.821579,-8.074563,-5.98659
00:53:41.833,-18.181702,-8.074563,-5.5529804
00:53:41.847,-17.540379,-6.6819086,-5.13326
00:53:41.861,-16.939306,-6.6819086,-4.7415204
00:53:41.876,-16.350693,-6.7740784,-4.34835
00:53:41.890,-15.7995405,-6.7740784,-3.981391
00:53:41.906,-15.213401,-5.750302,-3.5883763
00:53:41.919,-14.711201,-5.750302,-3.2690518
00:53:41.934,-14.172158,-4.287892,-2.9317284
00:53:41.949,-13.643897,-4.287892,-2.594405
00:53:41.962,-13.188132,-3.4699318,-2.33697
00:53:41.976,-12.722075,-3.4699318,-2.0597327
00:53:41.990,-12.273738,-2.6337764,-1.80813
00:53:42.004,-11.834368,-2.6337764,-1.5565274
00:53:42.018,-11.424195,-2.146952,-1.3356864
00:53:42.032,-11.022226,-2.146952,-1.1148455
00:53:42.046,-10.643042,-1.8793046,-0.91451234
00:53:42.060,-10.2714405,-1.8793046,-0.71417916
00:53:42.074,-9.906991,-1.6559428,-0.51811844
00:53:42.088,-9.54983,-1.6559428,-0.32205772
00:53:42.103,-9.207867,-1.9329952,-0.12856048
00:53:42.117,-8.859198,-1.9329952,0.07875797
00:53:42.132,-8.501656,-0.54721075,0.2739642
00:53:42.146,-8.151264,-0.54721075,0.46917042
00:53:42.160,-7.79544,-0.8326894,0.68289757
00:53:42.174,-7.460696,-0.8326894,0.88237625
00:53:42.188,-7.111264,1.8275338,1.0493842
00:53:42.202,-6.768821,1.8275338,1.2163923
00:53:42.217,-6.4604926,4.634922,1.2982835
00:53:42.231,-6.163681,4.634922,1.3747152
00:53:42.246,-6.0000033,2.0898905,1.3732934
00:53:42.260,-5.839506,2.0898905,1.3719664
00:53:42.274,-5.7240167,0,1.3706393
00:53:42.288,-5.610837,0,1.3693123
00:53:42.302,-5.4900947,-0.8485289,1.395329
00:53:42.316,-5.371767,-0.8485289,1.4213457
00:53:42.330,-5.231679,-0.5633183,1.4661613
00:53:42.344,-5.0943923,-0.5633183,1.5109768
00:53:42.358,-4.946073,0,1.5583558
00:53:42.372,-4.80072,0,1.6057348
00:53:42.386,-4.642121,2.147541,1.6257701
00:53:42.401,-4.4866934,2.147541,1.6458054
00:53:42.414,-4.3671627,0.5499895,1.6649861
00:53:42.428,-4.250023,0.5499895,1.6841669
00:53:42.443,-4.1379375,1.0842942,1.6896758
00:53:42.457,-4.0280943,1.0842942,1.6951847
00:53:42.470,-3.9358401,0.8171227,1.6904397
00:53:42.485,-3.8457632,0.8171227,1.6853558
00:53:42.499,-3.7125783,2.4179394,1.6934282
00:53:42.513,-3.582622,2.4179394,1.7009239
00:53:42.528,-3.5142817,-0.28269604,1.7033136
00:53:42.542,-3.4476008,-0.28269604,1.71E+00
00:53:42.557,-3.3512852,1.3481297,1.7058138
00:53:42.572,-3.2568958,1.3481297,1.706223
00:53:42.587,-3.1830957,0.54764175,1.7038857
00:53:42.601,-3.110619,0.54764175,1.7017041
00:53:42.615,-3.0455203,0,1.7046496
00:53:42.629,-2.9817235,0,1.707595
00:53:42.643,-2.9145453,0.27474487,1.7096859
00:53:42.657,-2.8487105,0.27474487,1.7117769
00:53:42.671,-2.7867255,0.27368966,1.7113043
00:53:42.685,-2.7259803,0.27368966,1.7108318
00:53:42.699,-2.6562622,0.8249526,1.7095047
00:53:42.713,-2.5879383,0.8249526,1.7081777
00:53:42.727,-2.5286322,0.27492192,1.7102686
00:53:42.741,-2.4705122,0.27492192,1.7123595
00:53:42.755,-2.4152012,0.27632514,1.7127415
00:53:42.770,-2.3609962,0.27632514,1.7131234
00:53:42.784,-2.2991571,0.544769,1.7169234
00:53:42.797,-2.238555,0.544769,1.7207233
00:53:42.812,-2.185427,0.2735274,1.7236687
00:53:42.826,-2.1333613,0.2735274,1.7266141
00:53:42.840,-2.0840125,0,1.733432
00:53:42.854,-2.036096,0,1.7397954
00:53:42.868,-1.9756261,0.5499895,1.7487223
00:53:42.882,-1.9163655,0.5499895,1.7576492
00:53:42.897,-1.8519449,1.105172,1.7617205
00:53:42.912,-1.7888128,1.105172,1.7657919
00:53:42.926,-1.7360837,0.828924,1.7661738
00:53:42.940,-1.6844094,0.828924,1.7665558
00:53:42.954,-1.6791816,-1.6510847,1.7712102
00:53:42.968,-1.6740583,-1.6510847,1.7758646
00:53:42.982,-1.6410403,0,1.775392
00:53:42.996,-1.6086826,0,1.7749195
00:53:43.010,-1.5622312,0.8207849,1.772738
00:53:43.024,-1.5167087,0.8207849,1.7705564
00:53:43.038,-1.4739969,0.5583017,1.7717929
00:53:43.053,-1.4320527,0.5583017,1.7731177
00:53:43.066,-1.3952049,0.27632514,1.7758527
00:53:43.080,-1.3588878,0.27632514,1.7787981
00:53:43.095,-1.3177241,0.5549722,1.7817435
00:53:43.108,-1.2773837,0.5549722,1.784689
00:53:43.123,-1.2396348,0.5494771,1.7859254
00:53:43.137,-1.2025542,0.5494771,1.7872502
00:53:43.151,-1.1734083,0.27624482,1.7868114
00:53:43.165,-1.1449114,0.27624482,1.7863051
00:53:43.179,-1.115303,0.27492192,1.7875415
00:53:43.194,-1.0862004,0.27492192,1.7888663
00:53:43.208,-1.0547802,0.5498312,1.7875392
00:53:43.223,-1.0240815,0.5498312,1.7861174
00:53:43.237,-0.9905013,0.5524768,1.7882084
00:53:43.251,-0.9575926,0.5524768,1.7902993
00:53:43.265,-0.9245544,0.5499895,1.7932447
00:53:43.279,-0.892177,0.5499895,1.7961901
00:53:43.293,-0.8645844,0.5524768,1.7948631
00:53:43.307,-0.83754367,0.5524768,1.7935361
00:53:43.321,-0.8085844,0.5498312,1.7947725
00:53:43.336,-0.7802043,0.5498312,1.796009
00:53:43.349,-0.74815196,0.5524768,1.8015178
00:53:43.363,-0.71674067,0.5524768,1.8070267
00:53:43.377,-0.6893072,0.5524768,1.8091177
00:53:43.391,-0.6624224,0.5524768,1.8112086
00:53:43.405,-0.63858753,0.5524768,1.8107361
00:53:43.420,-0.6152624,0.5524768,1.8102298
00:53:43.433,-0.5893294,0.5473668,1.8129648
00:53:43.448,-0.5635027,0.5473668,1.8161206
00:53:43.462,-0.5438196,0.27632514,1.819066
00:53:43.476,-0.52473634,0.27632514,1.8218011
00:53:43.490,-0.50189376,0.5524768,1.8231258
00:53:43.504,-0.4795946,0.5524768,1.8243623
00:53:43.518,-0.46329093,0.27500108,1.8255987
00:53:43.533,-0.4472268,0.27500108,1.8269235
00:53:43.548,-0.42508698,0.5499895,1.8291638
00:53:43.562,-0.4035363,0.5499895,1.8312547
00:53:43.576,-0.3895663,0.27624482,1.8316367
00:53:43.590,-0.3758757,0.27624482,1.8320186
00:53:43.604,-0.3599732,0.27492192,1.834964
00:53:43.619,-0.34438872,0.27492192,1.8379095
00:53:43.632,-0.33246556,0.27492192,1.84E+00
00:53:43.646,-0.32078084,0.27492192,1.8369644
00:53:43.660,-0.30472144,0.54721075,1.8356373
00:53:43.674,-0.28898326,0.54721075,1.8343103
00:53:43.688,-0.27183262,0.5498312,1.8346922
00:53:43.702,-0.255025,0.5498312,1.8350742
00:53:43.716,-0.23939435,0.5496604,1.8346016
00:53:43.730,-0.22407632,0.5496604,1.8341291
00:53:43.745,-0.21288303,0.27500108,1.8353655
00:53:43.758,-0.2019136,0.27500108,1.836602
00:53:43.773,-0.18561405,0.5524768,1.84E+00
00:53:43.787,-0.1696405,0.5524768,1.8390749
00:53:43.801,-0.16127327,0.2735274,1.8385686
00:53:43.815,-0.15304032,0.2735274,1.838096
00:53:43.829,-0.14329398,0.27368966,1.8393325
00:53:43.843,-0.13374256,0.27368966,1.8405689
00:53:43.857,-0.11969675,0.5498312,1.8409508
00:53:43.872,-0.105905116,0.5498312,1.8413601
00:53:43.887,-0.090541966,0.5524768,1.8436004
00:53:43.901,-0.075632446,0.5524768,1.8456913
00:53:43.915,-0.06018372,0.5524768,1.8486367
00:53:43.929,-0.04504396,0.5524768,1.8515822
00:53:43.943,-0.03360952,0.5498312,1.8511096
00:53:43.957,-0.02240377,0.5498312,1.8506371
00:53:43.971,-0.009796613,0.5473668,1.8518735
00:53:43.985,0.002558399,0.5473668,1.85311
00:53:43.999,0.0075706784,0.27632514,1.8526374
00:53:44.014,0.012482712,0.27632514,1.8521649
00:53:44.028,0.017296506,0.27632514,1.8516923
00:53:44.041,0.02363456,0.27361163,1.8529288
00:53:44.056,0.029845852,0.27361163,1.8541652
00:53:44.070,0.043238442,0.55514795,1.8571106
00:53:44.084,0.05636318,0.55514795,1.860056
00:53:44.098,0.06651703,0.2748365,1.8659585
00:53:44.112,0.076082185,0.2748365,1.8714674
00:53:44.126,0.08425671,0.5498312,1.8701403
00:53:44.140,0.09236063,0.5498312,1.868908
00:53:44.154,0.114700146,1.0995612,1.8711483
00:53:44.168,0.1364465,1.0995612,1.8732393
00:53:44.183,0.14136091,0.27239063,1.8754796
00:53:44.198,0.14617702,0.27239063,1.8777199
00:53:44.213,0.15554841,0.5498312,1.8790447
00:53:44.227,0.1646458,0.5498312,1.8802811
00:53:44.241,0.17356126,0.5498312,1.8815175
00:53:44.255,0.1822984,0.5498312,1.882754
00:53:44.269,0.18285201,0.27500108,1.8814269
00:53:44.283,0.18339454,0.27500108,1.8800999
00:53:44.297,0.19282533,0.5524768,1.8821908
00:53:44.311,0.20206751,0.5524768,1.8842818
00:53:44.325,0.21191251,0.5499895,1.8872272
00:53:44.339,0.22156061,0.5499895,1.8901726
00:53:44.353,0.22933777,0.5498312,1.891409
00:53:44.367,0.23695938,0.5498312,1.8926455
00:53:44.381,0.24359116,0.5498312,1.8930274
00:53:44.395,0.2500903,0.5498312,1.8934094
00:53:44.410,0.2517987,0.27492192,1.8946458
00:53:44.424,0.25347292,0.27492192,1.8958822
00:53:44.438,0.25511366,0.27492192,1.8971187
00:53:44.452,0.2567216,0.27492192,1.8983551
00:53:44.466,0.2630378,0.5524768,1.8987644
00:53:44.481,0.26922768,0.5524768,1.8991736
00:53:44.496,0.2679465,0.2748365,1.8977518
00:53:44.511,0.26669094,0.2748365,1.89633
00:53:44.524,0.27508703,0.5524768,1.899065
00:53:44.539,0.2837276,0.5524768,1.9022208
00:53:44.554,0.29034796,0.5498312,1.9035456
00:53:44.568,0.29674938,0.5498312,1.904782
00:53:44.582,0.30386335,0.5499895,1.906873
00:53:44.596,0.31083503,0.5499895,1.9089639
00:53:44.610,0.31855446,0.5524768,1.9119093
00:53:44.624,0.32611948,0.5524768,1.9148548
00:53:44.638,0.3318584,0.5524768,1.9160912
00:53:44.652,0.33748254,0.5524768,1.9173276
00:53:44.666,0.34683833,0.82842326,1.9168551
00:53:44.680,0.35600698,0.82842326,1.9163826
00:53:44.694,0.35810927,0.27492192,1.9201825
00:53:44.710,0.3607015,0.27492192,1.9245253
00:53:44.723,0.3578977,0.27624482,1.9233879
00:53:44.736,0.35496423,0.27624482,1.9220608
00:53:44.751,0.36018294,0.5553109,1.9232973
00:53:44.765,0.36529726,0.5553109,1.9245337
00:53:44.779,0.37025583,0.5526374,1.9257702
00:53:44.793,0.37520176,0.5526374,1.9270949
00:53:44.807,0.37273473,0.27500108,1.9266224
00:53:44.821,0.370317,0.27500108,1.9261498
00:53:44.835,0.37496635,0.5421956,1.9273863
00:53:44.849,0.3795227,0.5421956,1.9286227
00:53:44.864,0.3895684,0.81689197,1.9299475
00:53:44.879,0.39941314,0.81689197,1.9312723
00:53:44.893,0.39562446,0.27500108,1.9299452
00:53:44.907,0.39191157,0.27500108,1.9286182
00:53:44.921,0.3882696,0.2748365,1.9272912
00:53:44.935,0.38470048,0.2748365,1.9259641
00:53:44.950,0.38926777,0.5524768,1.9272006
00:53:44.963,0.39374372,0.5524768,1.928437
00:53:44.977,0.39344293,0.27624482,1.9305279
00:53:44.991,0.39314815,0.27624482,1.9326189
00:53:45.005,0.3919954,0.27492192,1.9338553
00:53:45.056,0.39398164,0.27492192,1.9382713
00:53:45.063,0.3985419,0.5498312,1.939744
00:53:45.076,0.40424806,0.5498312,1.942479
00:53:45.090,0.40585926,0.5498312,1.941152
00:53:45.104,0.40734535,0.5498312,1.9397302
00:53:45.118,0.41140684,0.5498312,1.9409666
00:53:45.132,0.41530052,0.5498312,1.9421147
00:53:45.146,0.41660386,0.55013525,1.9406929
00:53:45.172,0.41685936,0.55013525,1.9382285
00:53:45.175,0.4198314,0.5524768,1.9384935
00:53:45.201,0.4247347,0.5524768,1.9407898
00:53:45.250,0.43153068,0.5524768,1.9451175
00:53:45.270,0.44112545,0.8247152,1.9468839
00:53:45.289,0.44608372,0.5499895,1.9497217
00:53:45.305,0.45050374,0.5499895,1.9521114
00:53:45.324,0.4541348,0.5498312,1.9537895
00:53:45.336,0.45089787,0.27624482,1.954117
00:53:45.360,0.44804657,0.27624482,1.9547718
00:53:45.373,0.45203796,0.5524768,1.9567133
00:53:45.385,0.45580316,0.5524768,1.9585056
00:53:45.404,0.45927247,0.54704237,1.9601837
00:53:45.418,0.46223965,0.54704237,1.9614202
00:53:45.438,0.46218315,0.55230355,1.9595245
00:53:45.456,0.46554354,0.55230355,1.9611143
00:53:45.471,0.4684905,0.55230355,1.9623507
00:53:45.488,0.47610107,0.8249526,1.9628419
00:53:45.502,0.48345247,0.8249526,1.9632238
00:53:45.520,0.478713,0.27624482,1.9626163
00:53:45.535,0.47879496,0.5524768,1.9611945
00:53:45.551,0.4787824,0.5524768,1.9596779
00:53:45.568,0.4741429,0.27492192,1.9591042
00:53:45.577,0.47099066,0.2775805,1.9598991
00:53:45.605,0.46954596,0.2775805,1.9623721
00:53:45.621,0.47163242,0.5524768,1.9628086
00:53:45.635,0.46565926,0.2722307,1.9607829
00:53:45.649,0.45950013,0.2722307,1.9584455
00:53:45.662,0.4545748,0.27361163,1.9572133
00:53:45.676,0.4496551,0.27361163,1.9558862
00:53:45.690,0.4538106,0.5549722,1.9579772
00:53:45.705,0.45802936,0.5549722,1.9602175
00:53:45.720,0.46205753,0.5496604,1.9624578
00:53:45.733,0.46571237,0.5496604,1.9643993
00:53:45.748,0.47329825,0.8249526,1.9648086
00:53:45.761,0.48067895,0.8249526,1.9651632
00:53:45.776,0.48431045,0.5524768,1.9674035
00:53:45.789,0.48757657,0.5524768,1.9693451
00:53:45.805,0.48930562,0.5526374,1.9697816
00:53:45.821,0.4910001,0.5526374,1.9702182
00:53:45.833,0.49398604,0.5524768,1.9720105
00:53:45.848,0.49735138,0.5524768,1.9742508
00:53:45.862,0.50296235,0.5498312,1.9789052
00:53:45.876,0.5084611,0.5498312,1.9835596
00:53:45.891,0.5123813,0.5498312,1.9867154
00:53:45.904,0.5158107,0.5498312,1.9894505
00:53:45.918,0.5211054,0.5524768,1.9941049
00:53:45.934,0.52694577,0.5524768,1.9994242
00:53:45.946,0.52844214,0.5498312,2.000484
00:53:45.960,0.53008175,0.5498312,2.0017204
00:53:45.975,0.52540773,0.27632514,2.0021298
00:53:45.988,0.5207737,0.27632514,2.0024846
00:53:46.002,0.5162031,0.2735274,2.0028665
00:53:46.018,0.5117507,0.2735274,2.0032759
00:53:46.030,0.505833,0.27624482,2.0020437
00:53:46.045,0.49994084,0.27624482,2.0007167
00:53:46.060,0.5012249,0.27492192,2.0066192
00:53:46.072,0.50171196,0.27492192,2.0117347
00:53:46.087,0.49670655,0.27624482,2.0112286
00:53:46.101,0.49183428,0.27624482,2.010756
00:53:46.115,0.4887094,0.27500108,2.0119925
00:53:46.130,0.485647,0.27500108,2.013229
00:53:46.143,0.491054,0.821019,2.0119019
00:53:46.158,0.49625996,0.821019,2.0104802
00:53:46.173,0.499583,0.5526374,2.0127206
00:53:46.187,0.5026933,0.5526374,2.0148115
00:53:46.201,0.49851224,0.27492192,2.0151935
00:53:46.215,0.4944148,0.27492192,2.0155754
00:53:46.229,0.48958838,0.27624482,2.0151029
00:53:46.243,0.48485848,0.27624482,2.0146303
00:53:46.257,0.49135694,0.8329338,2.0141578
00:53:46.271,0.49772543,0.8329338,2.0136852
00:53:46.287,0.49372366,0.27624482,2.0141218
00:53:46.306,0.4898554,0.27624482,2.014613
00:53:46.313,0.4931795,0.5496604,2.0167844
00:53:46.328,0.4980331,0.5496604,2.0205843
00:53:46.342,0.49394527,0.27492192,2.0209663
00:53:46.356,0.48993918,0.27492192,2.0213482
00:53:46.370,0.4940797,0.5526374,2.0242937
00:53:46.384,0.4983436,0.5526374,2.0274496
00:53:46.407,0.50417167,0.5526374,2.0322886
00:53:46.419,0.5054089,0.5499895,2.032616
00:53:46.437,0.5067818,0.5499895,2.033107
00:53:46.453,0.50065994,0.27500108,2.0315905
00:53:46.469,0.49466056,0.27500108,2.030074
00:53:46.485,0.4952348,0.5498312,2.0295339
00:53:46.503,0.49573138,0.5498312,2.0289264
00:53:46.519,0.503888,0.54721075,2.0361989
00:53:46.535,0.5118815,0.54721075,2.0434713
00:53:46.550,0.51219726,0.5524768,2.0429652
00:53:46.567,0.51244056,0.5524768,2.0423915
00:53:46.583,0.51356375,0.54721075,2.042828
00:53:46.600,0.51485,0.55514795,2.043292
00:53:46.618,0.5161373,0.55514795,2.0437832
00:53:46.633,0.509895,0.27368966,2.0423615
00:53:46.650,0.5035918,0.27368966,2.0407503
00:53:46.669,0.5028078,0.5526374,2.0389493
00:53:46.683,0.50323594,0.5473668,2.0384767
00:53:46.699,0.5000023,0.2723137,2.0398898
00:53:46.712,0.49648717,0.2723137,2.0409496
00:53:46.726,0.49795514,0.5498312,2.041359
00:53:46.741,0.49939376,0.5498312,2.0417683
00:53:46.754,0.49447593,0.27500108,2.0413296
00:53:46.768,0.4896234,0.27500108,2.040857
00:53:46.783,0.48485795,0.27615818,2.040351
00:53:46.798,0.4801878,0.27615818,2.0398448
00:53:46.811,0.4803731,0.5498312,2.0386126
00:53:46.826,0.48036894,0.5498312,2.037191
00:53:46.840,0.48213255,0.5498312,2.0375729
00:53:46.855,0.48386088,0.5498312,2.0379548
00:53:46.868,0.4881732,0.55514795,2.0409002
00:53:46.882,0.49239925,0.55514795,2.0438457
00:53:46.896,0.49475622,0.5496604,2.045082
00:53:46.910,0.49706608,0.5496604,2.0463185
00:53:46.924,0.4929976,0.27492192,2.0467005
00:53:46.938,0.48901045,0.27492192,2.0470824
00:53:46.952,0.48677787,0.27492192,2.0491734
00:53:46.967,0.48458993,0.27492192,2.0512643
00:53:46.980,0.4837535,0.5496604,2.0490828
00:53:46.995,0.48293382,0.5496604,2.0469012
00:53:47.009,0.48084924,0.27624482,2.0489922
00:53:47.023,0.47880635,0.27624482,2.051083
00:53:47.037,0.47515443,0.27749258,2.051465
00:53:47.051,0.47157556,0.27749258,2.051847
00:53:47.065,0.46448117,0.27624482,2.0485942
00:53:47.079,0.45774123,0.27624482,2.0455582
00:53:47.093,0.46001032,0.5524768,2.0459402
00:53:47.108,0.46226075,0.5524768,2.0463495
00:53:47.123,0.4690137,0.8247152,2.0458434
00:53:47.138,0.4756316,0.8247152,2.0453372
00:53:47.152,0.47196555,0.27361163,2.0457191
00:53:47.166,0.46837282,0.27361163,2.046101
00:53:47.180,0.46652675,0.27361163,2.048192
00:53:47.194,0.4647176,0.27361163,2.050283
00:53:47.208,0.46134746,0.27749258,2.050665
00:53:47.222,0.45804474,0.27749258,2.0510468
00:53:47.236,0.46198574,0.5526374,2.0531378
00:53:47.251,0.46599427,0.5526374,2.0553782
00:53:47.264,0.46252045,0.27492192,2.055733
00:53:47.278,0.45914286,0.27492192,2.056115
00:53:47.293,0.4596162,0.5524768,2.0546932
00:53:47.307,0.460173,0.5524768,2.0533662
00:53:47.321,0.45935616,0.27500108,2.0563116
00:53:47.335,0.45855564,0.27500108,2.059257
00:53:47.349,0.45523268,0.27368966,2.059639
00:53:47.363,0.45197618,0.27368966,2.060021
00:53:47.377,0.45441398,0.55514795,2.0604029
00:53:47.391,0.45680302,0.55514795,2.0607848
00:53:47.405,0.45521104,0.27474487,2.0628757
00:53:47.419,0.4536509,0.27474487,2.0649667
00:53:47.433,0.45935458,0.5526374,2.0687666
00:53:47.448,0.46521017,0.5526374,2.072838
00:53:47.463,0.4665128,0.55514795,2.072332
00:53:47.478,0.46778938,0.55514795,2.0718257
00:53:47.492,0.4706949,0.5524768,2.0730622
00:53:47.507,0.47362885,0.5524768,2.074387
00:53:47.539,0.46859458,0.2748365,2.073307
00:53:47.555,0.4641902,0.2748365,2.072767
00:53:47.571,0.473907,0.8329338,2.0751567
00:53:47.584,0.48299032,0.8329338,2.0770984
00:53:47.605,0.48190096,0.2748365,2.0802348
00:53:47.621,0.47549888,0.27632514,2.0778975
00:53:47.634,0.46937755,0.27632514,2.075716
00:53:47.655,0.4624591,0.27615818,2.0725996
00:53:47.670,0.4562898,0.27615818,2.0701065
00:53:47.688,0.45761472,0.55230355,2.069499
00:53:47.701,0.45907852,0.55230355,2.0690603
00:53:47.720,0.46460485,0.5498312,2.0728474
00:53:47.737,0.4744417,0.8247152,2.0755358
00:53:47.754,0.48393542,0.8247152,2.078075
00:53:47.770,0.490306,0.828924,2.077535
00:53:47.785,0.49661532,0.828924,2.0770624
00:53:47.800,0.4926093,0.27492192,2.077499
00:53:47.817,0.48871014,0.27492192,2.0779629
00:53:47.834,0.49140054,0.5496604,2.0794644
00:53:47.851,0.5005551,0.8247152,2.0820036
00:53:47.870,0.50967294,0.8247152,2.084692
00:53:47.885,0.50636274,0.27492192,2.086105
00:53:47.891,0.5082167,0.55514795,2.0870013
00:53:47.922,0.51369274,0.55514795,2.0916314
00:53:47.936,0.5156834,0.5526374,2.0928679
00:53:47.948,0.51674014,0.5524768,2.0931952
00:53:47.962,0.5178025,0.5524768,2.09355
00:53:47.975,0.51714265,0.5498312,2.092223
00:53:47.990,0.516496,0.5498312,2.090896
00:53:48.004,0.5090527,0,2.0938413
00:53:48.018,0.5017582,0,2.0967867
00:53:48.032,0.5032271,0.55514795,2.097196
00:53:48.046,0.50461316,0.55514795,2.0975509
00:53:48.061,0.5069585,0.5526374,2.098964
00:53:48.075,0.5090838,0.5526374,2.1002004
00:53:48.089,0.503964,0.27624482,2.0997279
00:53:48.103,0.4989466,0.27624482,2.0992553
00:53:48.118,0.49753267,0.27361163,2.1024113
00:53:48.133,0.496147,0.27361163,2.1055672
00:53:48.147,0.5008923,0.54721075,2.1093671
00:53:48.162,0.50580865,0.54721075,2.1134386
00:53:48.176,0.510466,0.5524768,2.1172385
00:53:48.190,0.51503015,0.5524768,2.1210384
00:53:48.203,0.5121046,0.27361163,2.12298
00:53:48.218,0.5095303,0.27361163,2.1252205
00:53:48.231,0.5059898,0.27624482,2.1263688
00:53:48.245,0.5026067,0.27624482,2.1276052
00:53:48.261,0.4994116,0.27361163,2.1290183
00:53:48.273,0.49593428,0.27361163,2.130078
00:53:48.288,0.49920774,0.5498312,2.1323185
00:53:48.302,0.5022694,0.5498312,2.1344094
00:53:48.316,0.50992286,0.82868314,2.1355577
00:53:48.330,0.5175964,0.82868314,2.1368825
00:53:48.344,0.51859194,0.5499895,2.1372373
00:53:48.358,0.519621,0.5499895,2.1376467
00:53:48.372,0.5205503,0.5473668,2.1380286
00:53:48.386,0.521461,0.5473668,2.1384106
00:53:48.400,0.5219028,0.27361163,2.1439195
00:53:48.414,0.52233577,0.27361163,2.1494284
00:53:48.428,0.52414685,0.55230355,2.1506648
00:53:48.443,0.5260083,0.55230355,2.1519897
00:53:48.458,0.52136153,0.27361163,2.152399
00:53:48.472,0.5167809,0.27361163,2.152781
00:53:48.486,0.51234454,0.27624482,2.153163
00:53:48.500,0.5079969,0.27624482,2.153545
00:53:48.514,0.50538456,0.27492192,2.1556358
00:53:48.528,0.5028245,0.27492192,2.1577268
00:53:48.542,0.5041951,0.5526374,2.1581087
00:53:48.556,0.5055383,0.5526374,2.1584907
00:53:48.570,0.5084765,0.5499895,2.1605816
00:53:48.584,0.51135594,0.5499895,2.1626725
00:53:48.598,0.5124927,0.5494771,2.1630545
00:53:48.612,0.5136068,0.5494771,2.1634364
00:53:48.627,0.5164366,0.5526374,2.1655273
00:53:48.640,0.51920974,0.5526374,2.1676183
00:53:48.655,0.5138593,0.2748365,2.1671457
00:53:48.669,0.5085827,0.2748365,2.1666396
00:53:48.683,0.50347453,0.27632514,2.166167
00:53:48.697,0.4984685,0.27632514,2.1656945
00:53:48.711,0.503693,0.8247152,2.1643674
00:53:48.725,0.50881296,0.8247152,2.1630404
00:53:48.740,0.5063045,0.27361163,2.1652808
00:53:48.755,0.5038462,0.27361163,2.1675212
00:53:48.770,0.50786185,0.5499895,2.1706772
00:53:48.784,0.511591,0.5499895,2.1736226
00:53:48.798,0.5135708,0.5499895,2.174859
00:53:48.812,0.515511,0.5499895,2.1760955
00:53:48.826,0.51104736,0.27361163,2.1764774
00:53:48.840,0.50667304,0.27361163,2.1768594
00:53:48.854,0.5041404,0.2775805,2.1789503
00:53:48.868,0.5016583,0.2775805,2.1810412
00:53:48.882,0.50849384,0.8247152,2.1814232
00:53:48.896,0.5151926,0.8247152,2.1818051
00:53:48.910,0.5116254,0.27624482,2.1830416
00:53:48.925,0.50812954,0.27624482,2.184278
00:53:48.938,0.5102817,0.55514795,2.1855145
00:53:48.952,0.5123908,0.55514795,2.186751
00:53:48.967,0.5126467,0.5499895,2.1862447
00:53:48.981,0.5129305,0.5499895,2.1857722
00:53:48.996,0.5049826,0.27492192,2.1825194
00:53:49.009,0.49761865,0.27492192,2.1797004
00:53:49.025,0.49717668,0.5498312,2.1781838
00:53:49.039,0.49692932,0.5498312,2.1768568
00:53:49.054,0.498385,0.5496604,2.1772661
00:53:49.067,0.49975812,0.5496604,2.177621
00:53:49.081,0.49817604,0.27632514,2.1805663
00:53:49.096,0.49683177,0.27632514,2.1837223
00:53:49.110,0.4877418,0.2748365,2.1789773
00:53:49.124,0.47883365,0.2748365,2.1742322
00:53:49.138,0.4862098,0.828924,2.1746142
00:53:49.152,0.49343845,0.828924,2.1749961
00:53:49.166,0.5068849,1.105172,2.1762326
00:53:49.180,0.5200624,1.105172,2.177469
00:53:49.194,0.5185231,0.5499895,2.1752875
00:53:49.208,0.5170146,0.5499895,2.173106
00:53:49.222,0.5244598,0.82868314,2.1743424
00:53:49.236,0.53175604,0.82868314,2.1755788
00:53:49.250,0.52864236,0.27361163,2.1776698
00:53:49.264,0.52559096,0.27361163,2.1797607
00:53:49.279,0.53451437,0.8171227,2.1829166
00:53:49.293,0.5428469,0.8171227,2.1856518
00:53:49.308,0.5460301,0.5473668,2.1888077
00:53:49.322,0.54914963,0.5473668,2.1919637
00:53:49.336,0.54739064,0.27500108,2.1957636
00:53:49.350,0.5456668,0.27500108,2.1995635
00:53:49.364,0.54780245,0.5499895,2.2016544
00:53:49.379,0.55004174,0.5499895,2.2038949
00:53:49.393,0.5520867,0.5498312,2.2059858
00:53:49.408,0.5542372,0.5498312,2.2082262
00:53:49.422,0.5498891,0.27624482,2.2094626
00:53:49.437,0.5457145,0.27624482,2.2107875
00:53:49.451,0.540673,0.27492192,2.2111695
00:53:49.465,0.5357323,0.27492192,2.2115514
00:53:49.479,0.53476673,0.5524768,2.2102244
00:53:49.493,0.53382045,0.5524768,2.2088974
00:53:49.507,0.5370833,0.5526374,2.2118428
00:53:49.521,0.540281,0.5526374,2.2147882
00:53:49.535,0.5391716,0.5498312,2.2134612
00:53:49.549,0.5380843,0.5498312,2.2121341
00:53:49.564,0.535706,0.2748365,2.2150795
00:53:49.578,0.5333752,0.2748365,2.218025
00:53:49.591,0.53030676,0.27749258,2.220116
00:53:49.605,0.52729964,0.27749258,2.2222068
00:53:49.620,0.5352185,0.8207849,2.2242978
00:53:49.634,0.54312533,0.8207849,2.2265382
00:53:49.648,0.5508857,0.82868314,2.228629
00:53:49.662,0.5584908,0.82868314,2.23072
00:53:49.676,0.5557307,0.27615818,2.2336655
00:53:49.690,0.55302584,0.27615818,2.236611
00:53:49.704,0.54867387,0.2748365,2.2378473
00:53:49.718,0.5444089,0.2748365,2.2390838
00:53:49.732,0.54237956,0.5498312,2.2369022
00:53:49.747,0.5403908,0.5498312,2.2347207
00:53:49.760,0.540954,0.5498312,2.2351027
00:53:49.774,0.54150593,0.5498312,2.2354846
00:53:49.788,0.53660005,0.27749258,2.2358665
00:53:49.802,0.5317923,0.27749258,2.2362485
00:53:49.816,0.5341988,0.5496604,2.2383394
00:53:49.830,0.5365572,0.5496604,2.2404304
00:53:49.844,0.53256273,0.27624482,2.2416668
00:53:49.858,0.52864814,0.27624482,2.2429032
00:53:49.872,0.5239218,0.27361163,2.2432852
00:53:49.887,0.51929,0.27361163,2.2436671
00:53:49.901,0.5185075,0.5498312,2.2422454
00:53:49.915,0.5179264,0.5498312,2.2410133
00:53:49.929,0.51980704,0.54704237,2.2423382
00:53:49.949,0.5220828,0.54704237,2.2441046
00:53:49.962,0.5237072,0.54704237,2.2452528
00:53:49.973,0.5203415,0.27492192,2.2468958
00:53:49.985,0.52122545,0.5498312,2.247196
00:53:50.002,0.5222789,0.5498312,2.247687
00:53:50.015,0.5310874,0.82868314,2.2504222
00:53:50.028,0.5397197,0.82868314,2.2531574
00:53:50.042,0.5365261,0.2775805,2.2552483
00:53:50.062,0.5342745,0.2775805,2.2582355
00:53:50.075,0.53099024,0.27492192,2.2601771
00:53:50.092,0.5283571,0.27492192,2.2627163
00:53:50.104,0.5277248,0.5524768,2.2615788
00:53:50.118,0.52691936,0.5524768,2.2602518
00:53:50.133,0.5222821,0.27500108,2.2606611
00:53:50.146,0.5176841,0.27500108,2.261016
00:53:50.160,0.52037627,0.5498312,2.2631068
00:53:50.174,0.52301455,0.5498312,2.2651978
00:53:50.189,0.52385074,0.544769,2.265607
00:53:50.203,0.5246435,0.544769,2.265989
00:53:50.218,0.5209754,0.27632514,2.267314
00:53:50.236,0.5175538,0.27632514,2.2688155
00:53:50.254,0.5142872,0.27632514,2.2704053
00:53:50.275,0.5114572,0.2775805,2.2723484
00:53:50.300,0.51438856,0.5498312,2.2745564
00:53:50.319,0.51665545,0.5498312,2.2761462
00:53:50.334,0.5187038,0.5498312,2.2775593
00:53:50.353,0.5187474,0.55230355,2.276918
00:53:50.371,0.5188562,0.55230355,2.2763443
00:53:50.387,0.5208459,0.544769,2.2778459
00:53:50.404,0.52081406,0.5473668,2.2772722
00:53:50.420,0.5208159,0.5473668,2.2767322
00:53:50.436,0.5191969,0.27492192,2.2800984
00:53:50.450,0.51719797,0.27492192,2.2830439
00:53:50.469,0.52068454,0.5524768,2.2858815
00:53:50.485,0.52366227,0.5524768,2.2882712
00:53:50.501,0.52652407,0.5496604,2.2906609
00:53:50.519,0.5285514,0.5499895,2.2922506
00:53:50.537,0.53053814,0.5499895,2.2938404
00:53:50.551,0.53218865,0.5524768,2.2950768
00:53:50.570,0.53423893,0.5524768,2.2967548
00:53:50.587,0.5360188,0.5496604,2.2982564
00:53:50.600,0.53350365,0.27624482,2.3009915
00:53:50.620,0.5324821,0.27624482,2.3051994
00:53:50.628,0.5326504,0.5524768,2.304963
00:53:50.651,0.5322531,0.5524768,2.3041532
00:53:50.656,0.5381621,0.821019,2.3042896
00:53:50.670,0.5442723,0.8249526,2.3046715
00:53:50.684,0.5502603,0.8249526,2.3050535
00:53:50.698,0.5489513,0.5498312,2.3037264
00:53:50.714,0.5474827,0.5498312,2.3022099
00:53:50.729,0.5462428,0.55514795,2.3007882
00:53:50.743,0.5451205,0.55514795,2.2994611
00:53:50.757,0.5472604,0.5496604,2.301552
00:53:50.772,0.54935753,0.5496604,2.303643
00:53:50.785,0.54680854,0.2775805,2.3065884
00:53:50.800,0.5443105,0.2775805,2.3095338
00:53:50.814,0.5457687,0.55230355,2.3108587
00:53:50.831,0.5472842,0.55230355,2.3122718
00:53:50.841,0.5421064,0.27368966,2.312572
00:53:50.856,0.5371124,0.27368966,2.312954
00:53:50.870,0.53863144,0.5524768,2.3141904
00:53:50.883,0.5401201,0.5524768,2.3154268
00:53:50.898,0.5414737,0.54721075,2.3166633
00:53:50.912,0.5428002,0.54721075,2.3178997
00:53:50.926,0.5458768,0.55230355,2.3208451
00:53:50.951,0.5513661,0.55230355,2.3263152
00:53:50.955,0.5570927,0.8247152,2.32658

